Date,Japan Equity,US Equity,Europe Equity,Emerging Equity,Japan Government Bond,US Treasury 7-10Y,Germany Government Bond,UK Gilt,US IG,US HY,Europe IG,Europe HY,US REIT,Japan REIT,Europe REIT,Crude Oil,Gold,Copper,USDJPY,EURJPY,GBPJPY,AUDJPY
2020-05-07,-0.19744582767281302,0.9539673106339723,1.4867370274447504,0.5615649469189082,-0.2890314137826724,0.36328604792712577,-0.6446487102206718,-1.0427057940276199,0.022003967053276303,0.008016616910734749,-1.1425581428356022,-0.7208136387886495,1.1706156827938188,-1.070813223947685,1.3392174291943173,-2.0848435147597137,1.2779289372477296,-0.312486683847233,-0.24548347360827216,-0.6111613273299202,-1.2161213532131248,-0.9463230874495222
2020-05-11,1.6031310541693582,0.5456767022137136,-0.017567215370261985,-0.1284559907459629,-0.18120686442578202,0.2449611513598068,1.1093618081214982,1.0636171002075383,-0.3550662540017064,0.07273598692451408,1.3150008023249056,1.8391046041295687,-0.9390248463854923,0.28033911145620527,1.5629472480848838,-0.882013990962353,-0.10017957618041376,-2.1911619862737957,0.5251351248795133,0.539910933175559,0.8428385805394709,1.0184795962506503
2020-05-12,-0.25478415588474485,-1.4099800325905087,-0.6672441012799205,0.22005928392892013,0.10874473276316926,0.9328042067887778,0.59834690268568,-0.24036227730061566,1.5624601733847296,0.4772396601667615,-0.2530111130274699,0.11984280737749968,-4.049990264806023,-2.0362629755146964,-0.9475226612831513,-0.3459172779123499,0.991462832567741,0.6033103801875591,0.6033103801875591,0.32650720829104096,-0.07461460489978403,-0.19483915379651695
2020-05-13,-0.1276404498520607,-2.183116889890048,-1.6632811356974628,-0.5908770479512401,0.25334123065518926,-0.19329644631367962,-0.3455652607292175,-0.7641305589644434,-0.17018263294194927,-0.9297474730718692,-1.0912886112328581,-1.5485942462151026,-2.8526845688029168,-2.312251532393296,-2.064006396036105,-2.178862043832949,0.5589742763730462,-1.0725498191887146,-0.39869025821671605,-0.04903684960469816,-1.0291725311190165,-0.8250855392819846
2020-05-14,-1.9342897773564107,0.9981216611525443,-1.0885906836742851,0.1924599371436748,-0.07234988418164487,-0.03568673025746731,-0.3482763830400423,-0.5968385553471537,0.6315134603671707,-0.534494242107312,-0.41563840997531587,-1.0614195361243342,0.15652530401181605,-1.7699583643724728,-1.9212723288842315,3.851831651245526,0.6895857419763478,-0.5301673026577046,-0.19152701163599078,-0.43205132044514766,-0.2990597859170736,-0.20843386421817225
2020-05-15,0.5194866613762721,0.8617970924013292,0.5832259323321642,-0.9750129516753757,0.10847711142307,0.3376168238987564,0.9652696790523545,0.21803204158450532,0.7538911867966647,0.5430117746838998,0.24926608964988595,-0.18028194438817885,0.011485908589319818,-1.1374136833094215,0.9278063658379468,4.692148937529344,0.9659714806486885,1.1466786670590856,0.4031766966935989,0.27876037977882817,0.3348660177576845,0.639820783400454
2020-05-18,0.38784476945752805,2.854195916035847,4.274411383515933,3.6924173212661717,-0.18082308701147257,-0.763242288237678,-1.8677886000178354,-1.9241271714651742,0.41990064738539323,1.6042554997455227,-1.1408884406003035,0.4206223019262323,5.6010097129176835,0.8393694651411673,1.5823008522506634,8.081001291241275,-0.9056248328175989,2.577179982189105,-0.14633500963239734,-0.03965038657803195,-1.3547132639367008,-0.8370703968041195
2020-05-19,1.7903326734212504,-0.8712373484384998,-1.3343941679349836,-0.6432568160311432,-0.2536803187461559,0.44134183096136215,1.1634515833240326,1.2220884039454678,0.23855453018151762,0.2859850498296181,1.0217850370104822,1.0014394028958398,-1.1927649207472286,1.363788823884834,1.2073447908574537,0.6945742348652815,1.121629289545555,-0.16695795230333813,0.1612352552866427,1.044662141906022,1.0878282893941627,1.6900322012180664
2020-05-20,0.5687128088624628,2.0832789549119055,2.7085912693346907,1.7094266863669443,0.07254846731429776,0.42341842548855313,1.261975415890363,1.3716127758673344,1.4902973749918498,1.452969259626121,1.1258345916628272,1.3654653996279595,1.2850423223911849,0.7042137586558915,0.6065296323107263,4.01501936862695,0.6358635809409725,2.029010577435182,0.3987168926834042,0.5055280047888324,0.8696875557210463,0.6332057638796934
2020-05-21,-0.25236402166117244,-0.8961084251170738,-1.1037026350450256,-1.3526078941983908,0.18113185143185329,-0.13755681732233316,-0.15266509492441574,0.06594670800384665,-0.27983057760701197,-0.22800961108653794,-0.09605685146814098,-0.593029749833496,-0.12065069064186788,0.4667327082587226,-1.4588662152304068,4.649368618332407,-1.6716979199218631,-1.1783171579813918,-0.20333630306816936,0.2920170460954186,-0.3670180686703091,0.6024405460498052
2020-05-22,-0.8883415543900399,0.22689444767628486,-0.0920656524644024,-2.054445085913843,0.03618890874781695,0.2260667180016867,-0.3708630515405886,-0.16584251162958896,0.037164682579340455,0.2837563359746207,-0.31382373810339564,0.08464012778066476,1.378201551718869,0.05821947758164682,0.7458785758481439,-3.9119805934647047,0.6271047540569147,-1.0134083475955005,0.037164682579340455,-0.2640026325418601,-0.0661204736292063,-0.3757421520531501
2020-05-26,2.1092597693694195,1.2765340768615927,2.7114428034082487,2.224205937278834,0.0,-0.21091604336982336,-1.1747505821960111,-0.7763487595939849,-0.08582588410301176,0.8001014016912663,0.3075505270529165,0.997889617207029,3.7217806079856572,1.1337904844676512,2.770702897664179,0.40337345116323914,-1.3796699790777558,1.233133976994028,-0.04456754819659952,-0.10557911490152724,0.0822406497328821,-0.009933529761363254
2020-05-27,1.0381731657740583,1.2947598410782535,1.0281822737124433,0.13964014092966248,-0.18131951920251468,-0.09990724022537559,1.7985899111793209,1.2898820527889034,0.23070905768727343,0.025371963078798413,1.1662970028856292,1.8629348308154912,1.789829145890855,0.95373651795986,1.733173130523389,-2.7879268563528266,-0.0020930604987890967,-1.8264070577184932,-0.18217401907659353,0.5301721363799129,0.8888728490606495,1.3272679919275787
2020-05-28,1.985041224530706,0.10054024046741658,1.316994720417268,-0.4133762143874799,0.14509694007823665,0.19469441582725144,-0.3497173603726546,-0.5170925413112785,0.3691524878451183,0.38266275785523113,-0.11288490109303347,0.41587487270539425,0.7594236628121045,-0.5037953520644791,1.9077495174590036,0.405128301334522,0.6196719870657417,0.28519750049626985,0.28519750049626985,0.6276307136649467,-0.26666544145080007,-0.11484054423424132
2020-05-29,-1.1380895009207437,0.30070014390758354,-0.041321079852849225,1.5669559168688638,-0.03626390142243028,0.1765008155515952,0.9316144545851998,0.9806127070515523,0.5019922579762679,0.25730135826105593,0.5060980562131443,0.25137463334863513,-1.1462055220174698,2.219847866787563,-0.13209760984600263,3.195640634533744,0.5892573253693715,2.6676736442063187,-0.14388979829037069,0.3924844154439995,0.31418569700480187,0.054637293427288534
2020-06-01,0.3607912155972178,0.4637395274563302,2.291258996240604,2.340045897992567,-0.18144170234398715,0.02094280537408319,-1.2634323903964069,-0.3465432540511816,0.016310144045630824,0.8139169814551271,0.19167538967256478,0.6292999581175824,2.3458016914714905,-1.7718958489380103,1.4736879767990598,1.3655703284297651,0.5196892259563972,0.5748389253159177,0.060368834142181305,0.43772118342614585,0.25304538289372,0.4499519873171046
2020-06-02,1.2526369280693805,0.6759303361758647,0.9483590197560253,2.20678853357269,-0.07267084502368867,-0.31304729742175796,1.1134662718124488,0.8282081111497804,0.16987929995215867,0.8378028621277525,1.5158248156939553,1.7333277867834236,0.6559695486609185,1.386959131483087,3.158614747162627,3.0417003883268996,-0.7984529146516088,0.490721082183242,-0.1486636321661491,-0.09441246412832185,0.995406828625308,1.7099625720863103
2020-06-03,0.6499189497774905,2.4876873509064614,3.9050654369893634,3.4669256931497756,-0.07276141276047368,0.5716682961905984,1.3998242139252894,1.0556265644794374,1.1051010161813184,1.6314618303096082,2.0941248705275637,2.864521335544099,4.320991727905523,2.126007610933361,4.378498293179906,1.350220867398477,-0.6965704383182265,0.39792332541728576,1.1656807009237014,1.730328957146706,1.8958317065623298,3.0638385637768604
2020-06-04,0.3527395200513438,-0.08851119931353268,0.15516797801019586,-1.2450637967690055,-0.2549266880548084,-0.22350729951167977,0.7336506206488319,-0.3687970675327678,-0.12908445458668008,-0.13585215051250815,0.5796256880544521,0.5583218091738695,-0.825384682669537,-1.467022929417634,2.113663692348324,1.5659189370101068,1.2215932770827458,0.1744678714954177,0.1744678714954177,0.6102009816973046,0.13873249371095672,0.3622188509528962
2020-06-05,0.46838940225895603,2.6690895392701077,1.9178740560924101,2.737914192911961,-0.2190757601501668,-0.36126261816660427,-1.1730355596044846,-0.26712124280696226,0.6539500386105652,1.0782622781055338,1.2069038291903778,1.525673562565887,3.8552594707126153,0.27331609709855276,1.1329718231535957,5.0001402132536175,-1.9099305854589137,3.1124077331292246,0.13843840608246558,1.0309031963077946,0.4136270739474494,0.32000608403237063
2020-06-08,1.045904549002084,1.6439536532343375,1.6488878953018382,1.0515519587082904,0.21907576015017216,0.5508875820310407,1.8362710489700067,1.8014009567006692,0.7745477331609463,0.5607049288080665,0.9587655037197231,1.4845596861186112,2.8918399040697187,2.053005183902559,0.196488650509014,-1.3046271437736399,1.5188475343064838,2.9664336978567563,0.44244729040209885,0.29992342468805755,1.3583877721174076,1.335011273785865
2020-06-09,0.05778220464817647,-1.872113686002146,-2.919714655676488,-1.8060756150796022,0.03646601106696039,-0.7656449521721892,-0.8624460129871913,-0.530412760201561,-1.3348903090324027,-1.9072393195622686,-1.303938375943643,-2.0937317998343943,-2.796798460840139,0.3736277906343143,-3.166680526866546,-0.9475643067743085,-0.16408446636698562,-1.55009864197401,-1.1236490018734067,-1.2549122430349025,-1.0391472652958362,-0.8293410220304742
2020-06-10,-0.17346328285090007,-1.1256951682881018,-1.0058633642259123,0.16486428447268833,0.1092805548111051,0.17906398593013467,-0.8381075992635413,0.11441434320247132,0.0887538443402347,-0.7092463378960239,-0.9432879528487571,-0.9653858492653693,-3.141458747284641,0.31917595434197427,-1.6280475776146859,-0.5309467220876021,0.8561864590252424,2.3814640850692417,-0.5661278264600833,-0.3359230287868968,-0.7613204080945576,-1.7584359345812202
2020-06-11,-2.2236044547298257,-6.697569837485384,-6.801955328347765,-6.120723130834507,0.10918012217676219,-0.4057915596873369,1.1349417043174008,0.10461860823291896,-1.9599331452713715,-3.359589233844144,-0.9382085268994226,-2.2660346054445757,-7.395020923188921,-2.909703789236193,-3.7171332363811276,-8.319573035963385,-1.483875908046975,-5.555921404999768,-0.7598526751204584,-0.4603457188589644,-0.7634909747697862,-0.3495287428474546
2020-06-12,-1.2503824341741883,1.0239208039336456,1.7086956038096988,1.9371999346560014,-0.03637698651078758,-0.3887003314661306,-1.3520690723897086,-1.501493477879522,0.31826655076623744,0.8208751568489593,-0.9694416290633716,-1.0280260735537707,3.3550449370550752,0.0546614716912018,-0.8101367046570557,0.09867616920411787,-0.024993064661329015,1.681952250154186,-0.16652456819580103,-0.8466134950979332,-1.2351776405089432,-2.160218991464607
2020-06-15,-2.6716868678176153,1.4037145704149565,1.4288171140449513,-0.4378124665489762,-0.07280313566597324,0.3921061007781885,-0.1427306907158584,-0.15217769608821566,1.8851044853209626,1.4402316703370932,-0.2418691922037521,0.31971190226923657,1.8784798701784313,-4.412899671755985,0.08170918770624948,2.5341197308891905,0.29602545076212805,-0.07644447150927966,0.47451036588255885,0.14753782727698403,-0.05213367729087212,0.3871982197246512
2020-06-16,4.217483909292917,2.0489660976580635,1.2248350402069965,0.7769269927105684,-0.07286562413610642,-0.06385214920881233,0.7357210504638289,1.1482055255675594,-0.1335634195833195,0.5501074178928115,1.6332136108605129,2.250355543607072,2.0922753543882258,4.358238200064787,2.594185644361853,2.559288897729837,0.09317899544614944,-0.7206706794659808,0.14247459728448378,0.8929920665981287,1.1482055255675594,2.090457317285887
2020-06-17,-0.5917213264491805,-0.46649241695780347,0.26242987460253664,0.906452224901059,0.14566875980207772,0.10658995041840592,-0.20008721400527843,-0.17818028165102343,-0.24472467249955654,-0.5180178161416648,-0.6695277005586842,-0.44610340755364425,-1.5120834107131356,0.5452492510355283,0.23928794255384983,-1.3612675761898725,0.1406236697259803,0.5670325637333129,-0.050255709016467524,-0.6745737417568587,-0.4614001359016613,-0.9688536063296788
2020-06-18,-0.17819457780962575,-0.4430731663675809,-1.2061234119159236,-0.431462033049474,-0.14566875980208197,-0.25910460179235617,0.1998261344344399,-1.6492262031161824,-0.25721490506711964,-0.5175721253488119,-0.9081898287729339,-1.271840564974126,-1.5829027553929884,0.16298737168341978,0.6854674835049989,1.7298662873641604,-0.6786053846507099,0.55915411589782,-0.48156587359608377,-0.6842909878927051,-0.7300263637339498,-0.7631137793515034
2020-06-19,0.0,-0.4684112398491923,-0.4273451110678035,0.07965079362795213,-0.03641493067498375,0.13762099833365515,-0.6380922951915116,-1.352509593249442,0.17936943839946612,-0.23264065246633206,-0.8657041149083518,-0.9560203647331282,-1.357879933627037,-1.311493113016756,-1.7141997357338834,1.316426018113621,1.2019790107762083,0.8933160939720259,0.10472138863956573,-0.21810642038583572,-0.9150127106047403,-0.1702243904379334
2020-06-22,-0.1785042339454989,0.4757979116508994,1.25274620929224,1.0563346336157753,0.0,-0.25421055919765867,-0.6741137651621868,-0.5166794006569188,-0.26077538835965425,-0.23606361027442216,-0.8961826440262296,-1.2177357426168531,-0.26359980896657753,-0.9394794768203445,-2.2277318921165197,2.458397677000337,0.48047087980392494,0.4387419514556635,-0.16367182767909588,-0.42621357907814467,-0.7861423051551716,-0.6714668638023497
2020-06-23,0.47533864274587717,0.5266489997564023,0.6735873408982865,1.0278471006944592,0.0,0.034435354975424215,0.876663430480275,1.2320228543264409,-0.11954131947549869,0.21218066986566025,1.3221100868062163,1.8231945233862672,-0.3459153730677433,0.16642344112132182,1.2186449236638035,-0.8338479297016054,0.9058120392514591,0.1874229351984954,0.06737215279190074,0.9825618406084393,1.2993338775959826,1.6601522232614216
2020-06-24,-0.5945356402659278,-3.0255110469200344,-3.28927458996926,-1.7739266620563847,-0.18245371039779795,-0.25228125970020415,0.29027961433964855,0.38571388193003125,-0.718853246930081,-1.4716682186779566,-0.3581008072846627,-0.8786595197857091,-3.331848342833594,0.8830014551968478,-2.8164923125215857,-5.695580315329449,-0.7905600006595255,-0.3216535657816117,-0.4415603990794186,-0.15104674191641745,-0.2517674204381439,-0.3122358400486646
2020-06-25,-1.139446090228327,1.6397623378013315,2.125938071631398,0.9947430435786466,0.1824537103977885,0.5898062931964201,-0.2814023069042042,0.3737470711311268,0.6783544452739144,0.6099147628424199,-0.2729674238511963,-0.42926196150620416,1.8425152197739616,-1.2161431940923004,-0.6428965706538469,3.0739528634147697,0.5130777501524406,0.99190158381082,0.5733676800139323,0.02325281554870705,-0.32613481974040537,-0.6519224184786119
2020-06-26,1.1394460902283214,-2.3001877203332315,-1.5894425131345191,-1.1157462983250175,0.0,0.3745962512153774,0.8424151938098392,-0.4814309143567272,0.19356254698277564,-0.8507794748097677,0.05579354735751615,0.061062737572577956,-1.8344039690469716,1.2711007195745445,1.0874090682766777,-1.9940837801580815,0.5489639465536993,0.40152270190795547,0.10364200791599099,-0.19033780423664612,0.18499609569000272,0.531368799819108
2020-06-29,-1.7444122863384708,1.5178116129536474,1.1973386522807596,0.5084646424420056,0.0,0.15712443630409859,0.11091419738401911,-0.2895874179198449,0.5221626555277433,-0.508316263220141,-0.34694049209012506,-0.35265921142430295,1.971057487904583,-1.8288181014484262,-0.00037406942740971454,3.3306866461882594,0.11281279863670413,0.11825143772299698,0.05877936263443029,0.10643749883176366,-0.590020240071825,-0.29863495911930205
2020-06-30,0.3029491541551789,1.6191895358498212,0.3065854158902846,0.021794780185838216,-0.21898632795421513,0.16599328003316854,-0.9077285534295925,-0.14747601215290784,0.629267691572557,1.2571451679623025,0.35131083290843307,0.4667992224726276,1.524767316252306,-0.223997697801265,-0.4137700350582352,-0.3992626309311315,0.7894592445065941,1.8217388474405898,0.3463505947134756,0.5602213042537522,0.08611843689722576,0.5098516227576743
2020-07-01,-1.0949184449469354,1.0682033821622852,1.122354922380359,1.489159967897008,-0.18287303955475911,0.21399228816099133,-0.004915518423330224,0.481599488296399,0.7643347486632053,0.680901082292818,0.7903539840421152,1.1305076214940055,2.648874929550356,0.16804310300300687,1.3834534320806822,1.3983670809660664,-0.07894772883121202,0.6042287469657079,0.3701682821790074,0.2542125409684957,1.0176071726671736,0.78198770813685
2020-07-02,0.24436488364047332,-0.02940206607505029,0.36350423128178583,1.6708838598799944,-0.14652249613398852,-0.45529026561115227,-0.0425298198587514,0.42729525339331015,-0.33392923288609017,0.15472874406179485,0.3279347492273346,0.2862415303260458,-0.8652755866199615,1.994519873026221,1.3721977428247571,0.8224901608876092,-0.36275440674910314,-0.5785822005000097,-0.5785822005000097,-0.42211258250979355,0.025031747399698486,-0.46464418246393807
2020-07-06,1.6837472689707138,1.7301261160454429,1.9602961754613797,4.411823357131825,-0.2561774629246488,0.050189604753926045,0.5167340257753384,0.35456353006108277,0.45702903512750753,0.9139708573685469,0.32370304753558476,0.4914546406650248,0.14824269115103367,0.0,2.1909456768992857,0.9259718796224035,0.7952830219527942,1.5911354938862872,0.07625279887974273,0.15798427659113157,0.15363025111673678,0.4868655985769686
2020-07-07,-0.29859861785597036,-1.24144803634984,-1.7521390002464527,-1.887760568612702,0.14649728101418008,0.11566242817909494,-0.9130946107663888,-0.04622014495825786,-0.07185576104055469,-0.8718574390274393,-0.20493594253411493,-0.26106149055863276,-2.2104138380656897,-0.05501376172369362,-2.592045415622702,-0.7934513474550943,0.42433203322198326,0.02556508939294351,-0.20471139948186517,0.38277299719935154,-0.04622014495825786,0.19782751144172528
2020-07-08,-1.0824000905073292,0.9657430679895326,1.4821095947211977,2.7638412874351586,0.1096801819104588,0.04783157637684991,1.002605326458985,0.4771818868246352,0.041382403706367955,0.4712409918345377,0.6947818376884772,0.4289949339447544,0.06350472652515742,-0.1101356662354345,0.658834349062481,1.5493240692320724,0.8230177168964528,1.2904418212434317,0.20378235635620046,-0.13182698482120742,0.577601850485247,-0.28348817038649093
2020-07-09,-1.7688680652052469,-0.845527249232223,-1.7285234307293535,-0.274601704016071,0.21907576015017216,0.04523196593575619,0.05432902611084818,0.714218284347078,0.2853305174550707,-0.4934088598833258,0.13232250089026262,0.06931065758671491,-0.9018323071327501,-0.44172499319329056,-1.3426208149888963,-2.9488380098014186,-0.5454080943031991,0.8003762969659548,-0.274601704016071,0.2601867990922676,0.2797839949632789,0.32620642500235864
2020-07-10,0.5389466792459483,0.9720780653572516,0.908494196245746,-0.6892638926458085,0.2186157334709262,-0.24050795405089237,-0.1672266451117261,-0.08500157883007015,-0.22772128486449064,0.29624426298500267,0.11599449476084754,-0.1286178311581375,0.2638857100648518,-1.3370833928307129,0.4651857450048369,2.1150448871366523,-0.3035427414994467,2.1822056356980024,-0.04381623229596495,-0.466510274016308,-0.11832588053419192,-0.40122485351588394
2020-07-13,2.347232778969542,-1.1741245543468357,-0.8864168360740613,-0.9773846749570938,-0.2552558200167176,-0.19783414932407098,0.05279100466876556,-0.572896566390513,-0.5697465493672889,-0.8514517527027556,-0.27137629237132777,0.32569005855070554,-1.502051862899591,0.33595720318718336,0.8303589073595284,-2.147033486152974,-0.18042324595513556,-0.41459673603658975,-0.30446204466336557,-0.10891197332276902,-0.10513797530260392,-0.4432239113186247
2020-07-14,-0.4896067855112202,1.6293158748173289,2.0010506492675018,0.481326305749517,0.0,0.3335378518849072,0.9689925830402938,0.04134188642970154,0.9230575420634773,1.1913668676489066,0.004701003589240643,-0.5671758540447828,1.1802678649947482,0.055892051353733874,-0.023440886134975913,1.6662766184964126,0.8070296658282955,1.4376624090148309,0.34175684942719897,0.6535113290459001,-0.2596235458927443,0.17483328267298345
2020-07-15,1.5221074556835037,0.8856086151645974,1.150506654946174,0.27289112350265093,-0.18271043470789572,-0.061694602667010726,-0.2187737865527388,-0.5028451116007139,0.16902076894118953,0.5375179167787887,0.34944447408807566,0.7633248206814014,0.9427385057253101,0.3902849134965102,-0.14998856493192758,1.3807907642975008,0.05919443736416621,-1.2902247847683639,-0.028899948870486976,0.5440998131813969,0.10837727403677815,0.6696154821615387
2020-07-16,-0.5452877930634737,-0.636170649770965,-0.6283355419556398,-1.7303879840627252,0.10968335113084339,-0.23255496681642315,0.06055618452242516,-0.03490867581067925,-0.028488178349961618,-0.21021079596329112,0.0038695705668359104,-0.052280727763644425,-1.5094314601609624,-0.6700405330083118,-1.2290447554665747,-0.7511421671319567,-1.2559770807174078,-0.36151728143784956,-0.3063131482019446,-0.28561587483490297,-0.144037867634218,-0.012006935929417943
2020-07-17,-0.48721287710881955,0.6265646056641223,0.942346606275183,0.8998181290511972,0.10955372476851369,0.3124694851316883,0.49634069475771514,0.045427292375183,0.6068746007377993,0.6128398005659502,0.02411272924974925,-0.026579886205965374,1.6292089542804984,-0.39290511103462983,0.24511519713067842,0.13110494334852985,1.1575026849098253,0.06059768745497755,0.3370764054789697,0.11958404030693634,0.0957991134055948,-0.08814590995138903
2020-07-20,0.2438947031409035,0.6294855412450427,0.632182088155876,1.1023187414785518,-0.07302878644066482,-0.10981965873438225,-0.7479095234802011,0.08827943714239025,0.10094191894508893,0.4214500018105584,0.11286677382751956,0.47001017930055,-1.3774872302583099,0.28081147600549433,-0.027232112747737874,-0.10669617797121884,0.3054563695193189,0.7615018520916556,-0.1754026641653206,0.2966952566576335,-0.0794521514838014,0.19754007097629922
2020-07-21,0.3647429692534122,0.311464786167121,0.34181176454743284,1.0180667724227994,0.07302878644065644,0.20534972640312657,0.5026189626916482,0.9798401667478895,0.22960165613736092,0.5620750652159298,1.2034924875950925,1.0657371428076017,0.343095045023528,-0.5060439292040086,1.4886924243882396,2.1384302917596334,1.2968320797836754,1.244304183041537,0.09893583201702953,0.24046848003798477,0.81237429099708,0.38463062102681367
2020-07-22,-0.4866201980177649,0.22749311664313462,0.2737662814263111,-0.7756737558550486,0.0,-0.3074556479338202,1.4098387780992516,0.6568301211733191,-0.014342944434986347,-0.1389469786596823,0.18357264763830675,0.13521739656294263,1.1755401305022568,0.8420011323912016,1.296335361670648,-0.23924773191542548,1.1686530172510396,-1.5952816191971968,-0.3401412565054143,0.31621282255133465,0.20610884493084003,1.252720934248334
2020-07-27,0.1827728613339362,-0.0674646063968424,0.33126265382816217,0.747095543969279,-0.07302878644066482,-0.9494683183648532,0.4067049893391839,0.29286862659434204,-1.0986149799131686,-0.5579572941326297,-0.10374144573910672,-0.2511018082402191,0.1477722485386978,0.5018028362014583,-1.504299325532834,0.15252587461709544,1.1620570966349513,-0.18649037383934078,-0.7940625998348506,-0.31690997002123444,-0.2916031311542546,-0.833984453544382
2020-07-28,-0.4269653612455974,-1.329256303312387,-1.1978491841277439,-1.5181174672911175,-0.03652493832786142,-0.45587793191867515,-0.5776132250011586,0.024335577265640895,-0.7947308944448634,-0.9527306043273663,0.1443971581653156,-0.26952313484383694,1.2763248893980672,-0.44591078484772556,1.0046730941261421,-1.9457660726326067,0.13765127884561457,-0.5829282487008594,-0.6930023251957579,0.31771669102949845,0.024335577265640895,0.17266763458070392
2020-07-29,-1.4158345016526537,1.0759749335663542,1.157162711220275,1.4518047549607818,0.1460481282072215,-0.01584947208069024,0.11626649953030738,-0.0614943063568507,0.3973319703605891,0.40772027508502295,-0.08670599460711084,0.1993827275815545,1.7727189095221556,0.7236203978135483,2.2472769242196633,0.6003669416810343,0.6018074427433457,0.45683120675110445,-0.14640948557526012,-0.5820408654720156,0.13850882497339934,-0.16867183321408616
2020-07-30,-0.6843096751335961,-0.42881746945949456,-1.4687012060540254,-1.347925090305526,0.036462196103718286,0.06718017557659668,0.480602618931751,0.6176008414420224,-0.17989909532627857,0.14001652150296168,0.3467230604619138,-0.22606847741894423,-0.7192822816980322,-0.3333354843170427,-1.8070321578398663,-2.259505084325315,-0.8141635724562198,-0.729648268809554,-0.07138568361288801,0.46816726923500274,0.3843027104552355,0.13150862310829514
2020-07-31,-2.849189467632123,0.454274073532699,-2.4756940873680153,-1.0234225735913225,0.14577257928281695,-0.30835883816614085,0.021360876188191952,0.693590688892342,-0.19538358179416465,-0.14526225365055345,0.7462008915553746,0.8363261219204473,-0.5169430382438046,-0.6140144824572302,0.7911696165331753,0.14992541802174314,0.5718563997232812,-1.551004952489357,-0.33283203557951374,0.4112760378366072,0.693590688892342,0.0809413702203347
2020-08-03,1.7192398513733393,1.8165472520154984,3.078780838489928,1.8143300274695826,-0.21872917882524218,1.0748162839829027,0.963406306330627,0.9711133401456727,1.2576515293344293,1.1484343794827365,0.9968933458642542,1.5328498012024452,-0.21211930164918238,0.6140144824572334,1.0344038832633184,2.0482468737269737,1.2369293139002733,3.00017499156429,1.12373948945779,0.3743152888566315,1.004408339802197,0.34560396987487507
2020-08-04,2.247282468684565,0.5403333439321009,0.49258139125413164,1.4766170256235898,-0.03652664119146867,0.4966679624580992,0.3389233947765921,0.09992826658654416,0.5230453316956797,0.11951049059705701,0.17702230685442769,0.17946555881273285,1.637990213286206,0.9415522276748207,0.9297729387493554,1.643321573410949,2.2602458749343852,-0.5585204351722294,0.15479433364900916,-0.019239576743386135,-0.03317773939493029,-0.2527969422890567
2020-08-05,-0.06174332053199204,0.2260458324971014,0.24182616838128757,0.6877344388962047,0.07302104463016965,-0.7268392141779472,-0.26052934983332726,-1.024484584630023,-0.5301562583805888,-0.2168625215947387,-0.3686679764895783,0.1203782813591935,-0.8973936387931579,0.27528938363561145,2.1127833940668324,1.1066605127385194,0.5309279062680983,-0.17308669763848755,-0.3931138208153516,0.06332676220452894,-0.32366087502771723,0.43768545180162
2020-08-06,-0.12360971235118752,0.6084490365672002,0.05384329319013391,0.2552717663801397,0.0,0.056307151249299144,0.22624923360988236,0.8365871584208386,0.36713614791453253,0.16505720785315953,0.5743257026764659,0.24215582997453078,0.10241905739417571,-1.4954797665602604,-0.5484657377772767,-0.2233043675325183,1.260902754793567,-0.057771347821135896,-0.057771347821135896,0.42624247995470793,0.25222810890424713,0.2516942929507546
2020-08-07,-0.24767014440900936,0.09828923791379558,-0.47678309314522,-2.048879148840235,0.036462196103718286,-0.1854654665538103,-0.09416827539378644,-0.5708882537638937,-0.25411966634087113,-0.21980157006694406,0.11398411103641119,0.21465096648098786,1.4444091295185166,0.8482389983968908,0.75504557228745,-1.0729377590638565,-1.5747595804943373,-4.067131791804664,0.026523324275282253,0.04706914043170287,0.11398411103641119,0.4739874952252628
2020-08-11,2.449599298249262,-0.6948864052803914,0.5250872651970103,-0.13915375316951323,-0.25560971854801356,-0.20969625437392111,-0.09356788023420305,-0.5602111518322114,-0.4962820885973047,-0.773665613448317,0.14577957407157158,0.33659584813947735,-1.318489701703384,0.0,1.0086215888389083,-0.9996633097263137,-5.384912083843002,-0.821271682858807,0.13406058805492022,-0.25694546196341295,0.30645973278178507,0.10291519264696185
2020-08-12,1.2026548793532104,1.8825094989244562,2.648854946949706,1.8340994576727092,-0.14638774451062825,0.20228935630812822,0.5768874363320574,-0.1716102504442594,0.2504454338183265,0.5215463574730108,0.35611089975744287,0.5418565573172163,1.5010230494409174,-0.05587839743875415,0.8866987086893205,2.9491242436259744,0.029946230492679058,1.7324499254513464,0.49785947163102795,0.5084356948983704,0.31126476463134595,0.37385252247195455
2020-08-13,1.1292825642090516,0.10120093323092944,-0.19183125754679597,-0.010733297205854147,0.10980378761686015,0.07639602022984884,-0.0711417702592548,0.15074380862914932,-0.6254183367614096,0.009475619021343345,0.11600043837078529,0.35579666146062794,-0.9548681154387253,0.6685060065017172,-0.08760013112837226,-0.2427650040687181,2.616517533530201,-2.145272278987808,0.2821700918095465,0.7784723970977905,0.23569196546878862,0.5542385165335199
2020-08-14,-0.059115167043303184,0.15638119054411395,-0.8752631377064535,-0.027261741860358964,-0.25633964805709114,0.20282298107398997,0.31947764729003886,0.26816548219226854,-0.28865807360002593,-0.02484549096556851,0.11713399956199402,-0.14818686873191717,0.1657018033517977,-0.38940843712949086,-0.8338147474972474,-0.07711760086858495,-0.2784426584092252,1.796977288142177,0.15341006701155843,0.337551037823506,0.3532089775667727,-0.07189160026110024
2020-08-17,-0.7717522007370642,-0.08743215634621529,0.4777400627338009,0.8532736990859725,0.21978021440638,-0.2400227581477627,0.4276256397520589,0.2743522391509885,-0.19808119262673132,0.18830193234713422,-0.04686167862008832,-0.012553963652598407,0.4054344645537225,0.5558518861727283,-0.09673055450821948,1.03568065952559,1.74158703447781,1.378167402639392,-0.40460784306134967,-0.11635200265286945,-0.1331172059158624,0.2024785747078987
2020-08-18,0.0,-0.3101935519782257,-0.6358527176922377,-0.6376928216462534,0.0,-0.3534860696033647,-0.9609771135535995,-0.6143358817325575,-0.23899819232615985,-0.372429484527306,-0.5051328645553059,-0.5427544431962726,-1.003871157606134,0.8280869203649517,-2.274892314587245,-1.080014060549056,0.37077157541445244,1.8206346101861455,-0.5259957819258716,-0.31489740031735364,-0.5126298303005197,-0.2377901005062651
2020-08-19,0.23809594088550384,-1.1473160613083386,-1.189131158020215,-1.9667124600212655,-0.0732443539661515,-0.8614475861188655,0.640960921336495,0.09418753079874237,-0.9949343838355187,-1.013733149438615,0.6449381244643574,0.5835905104181003,-2.5019896502854997,-1.0500415296237162,0.11588631637442473,-0.5341700172679659,-3.937493003083805,-0.4607346792394441,-0.730054721490783,-0.12958112181661136,0.3829241124025503,-0.15708226576788387
2020-08-20,-0.9557958250687655,1.120145184308421,0.6065830338806597,0.4920535168219138,0.10980378761686015,1.0964489233303147,-0.30593654035747087,-0.39103021345887995,1.1622915484974472,1.1401489092691386,-0.3134073055618034,-0.3961732255734071,1.7549174391455036,0.11103457881110612,1.9196971100957951,0.3516073047554749,1.4982857752664493,1.292235929569713,0.8092720099382942,-0.0580854745765483,-0.30593654035747087,-0.13109397619515298
2020-08-21,0.29967546444931586,-0.036900979061099425,-1.168688758386835,0.10702340963846438,-0.07317964544948566,-0.31725362667563833,0.48740975047275176,0.7879423123905499,-0.2076277135407204,-0.4028673507757257,0.494912672345678,0.4950811480966106,-0.2301677864342388,2.736888794970451,0.5376052594818684,-1.5113159070023652,-1.1953566649387666,-2.3370507656327795,-0.39104011065155436,-0.17048081774397056,0.4650000574333433,-0.11945136716922215
2020-08-24,0.17936022882847402,1.2086245076052544,1.676488992245384,1.3009493436149018,0.07317964544947429,0.061094111554425554,-0.5849837424407642,-0.7094507712769863,0.024390096242138556,0.6595892354547243,-0.6781564178840336,-0.4798670780578035,0.8412742115756451,-0.10805205036704275,-0.16685030137999388,0.7621378362427755,-0.3670158946467658,-0.12761431470335435,0.2004311739459432,-0.4138558137842587,-0.7603387710249936,-0.4290787770058362
2020-08-25,1.069531558685851,0.4588157222111909,0.20103650195317121,1.1096133138433293,-0.036559433650705374,-0.12857687013662067,-0.8787211220200927,-1.0171015213484493,-0.3245719216363748,0.21520103413784097,-0.3394926886745641,-0.002797332659858243,0.367167578923165,0.646576256856256,-1.129191509625883,1.970168198761367,0.23097241395734677,0.764516944143003,0.10949858754560146,0.08483075418838856,-0.06277425056935942,0.2239824951087558
2020-08-26,0.05908844254604954,1.3855477661659943,1.280561392144959,0.6529812914303977,-0.0732443539661515,0.3468449325620682,0.37167050543425145,0.7004268447815266,0.42477929940423614,0.376235366153288,0.7423213119459249,1.014754513241983,-0.5352845603040947,-0.5385242064892058,1.7376811200225468,0.42029086958901496,1.561920564407383,1.1467720986831595,0.3879538318936153,0.724502400295676,0.9747796365557088,0.7695697593025324
2020-08-27,-0.5924284813179361,-0.29887374770416353,-1.7030905580440723,-1.3589322371942893,0.0,-0.8714884347151066,-0.37565808076530105,-0.40222397377432706,-1.3165052776599442,-0.6698996992826717,0.10827662214921373,-0.06921329532617296,0.9436817843161178,0.0,-1.2640191732301291,-1.3614466278145312,-1.6802137075602952,0.0212212656993793,-0.5172850328243367,-0.47444062316623653,0.010721699645075066,0.13311937028186555
2020-08-28,-0.5959425254371543,1.378945084576006,1.5211073431643778,2.0388249713947855,-0.3300890523970609,0.8999573713128354,0.29652919772155384,1.017455514216431,1.0392643487544595,0.8172725421166871,0.6901058905773025,0.5501732987111148,1.3910209849432107,0.3234657492439606,0.4307997887761536,0.8979752001752694,2.4581772986999195,1.750314468794886,0.7350846687759094,0.5633460662196045,0.5701900983356346,1.0922019576539492
2020-09-01,-0.05941257763496631,1.3808541858616508,0.3330938262033849,2.135346208413438,0.21985129934402975,0.7706720807645351,0.5805296537245529,0.7272110098378298,1.0733202365019547,0.9862598656361486,0.5107829138402973,0.945391916854443,0.5167893663299704,-1.2375620251090271,0.36691851616831017,0.5414697258914679,0.5623704090410286,-0.77708341557027,0.4434122367999926,0.6079755247065787,0.5102634536442185,0.5513898984269019
2020-09-02,0.47422487172858013,1.334087599409391,1.3952663709986952,-0.36718146554418885,-0.18316000260761156,0.03753603130001058,0.6544127878356839,1.0617283536082027,0.2938950388048829,0.015462736897758076,0.64309669858296,0.3260423730795672,1.7389730915843478,0.16227629871376537,1.5387360419293201,-2.582625329648555,-1.423790382409459,-0.04855203701703028,-0.10192929510362608,-0.22548213764155114,0.1565917843626005,-0.09211222998645088
2020-09-03,0.4130987074215183,-3.2078525521523833,-2.3128986913825136,-1.627648328844149,0.18316000260761808,0.42528094639042047,0.3222351483662538,0.04772790923167628,0.07448244072225692,-0.32945717180920464,-0.19073429703253056,-0.3304665467120954,-0.9130825422400288,1.1821993287751704,-0.07121030432858166,-0.445311102413503,-0.5195333181715003,-1.4824355948438142,0.2941921691621897,-0.3443394396412678,-0.07121030432858166,-0.3603122766266125
2020-09-04,-0.7685584209337265,-0.9347488606810629,0.3119865951263403,-0.06983670346255932,-0.10985573954999331,-0.6731901100998572,-0.7399773195471531,-1.1254524386012656,-1.1836878543161817,-0.38678848332276505,-0.9124205971024063,-0.9251334094672381,-0.638616915735473,-0.6431195160102989,-4.085547402293082,-4.001923402868453,0.1607128146561263,3.407305150706988,-0.11493651456618219,-0.1750055917273867,-0.785268392222861,-1.1745414743483833
2020-09-08,0.8318630303432757,-2.5640727476856755,-1.2866087725612514,-1.545609918977906,0.03665884842238806,0.4200393368521532,0.38273785155947126,-0.23892870500878768,0.3025170076228185,-0.3516558273408358,-0.6911467559485658,-0.8156946133442646,-1.022294405879849,0.2713722098448078,0.15762345752501633,-6.165818592553343,0.013347082335579116,-1.7530587264804844,-0.0056408776187125385,-0.12647137051341892,-0.6462444611438893,-0.02814205714929163
2020-09-09,-1.130618271281533,1.6379476106670843,2.042082773621229,1.1633279870005668,0.10987701201784467,-0.3668281871844852,-1.7325802721453052,-2.0030139988780347,-0.2508791908364988,0.46496873472790046,-1.807042042906191,-1.6201465849016834,0.666470868565354,-0.3257317601206013,0.1109065855185602,2.1198291234482385,0.6486294058911709,0.5344604736767374,-0.3175140171327055,-0.7581735608651792,-1.7995596599297021,-1.2914263328393045
2020-09-10,1.4260360924497797,-1.5037331211128857,-1.138832908619492,-1.370745247718132,0.0,0.37108060200512066,1.8637081894025593,0.2514438443557295,0.3218144723819524,-0.2256087285327272,0.3845404712457206,0.41958178071976865,-0.9836292437613586,-0.43597737568078143,2.048089274934747,-2.040037593320819,-0.07495374403758441,-2.1670511526984626,0.2478811083880322,0.5574063477591381,0.48933287955432336,1.1750677969669412
2020-09-11,0.6468765037791278,-0.03194573579300543,0.8068387875435734,0.8777886662551163,0.10980378761686015,0.0729806331965663,-0.8024435058169413,-0.6145454677177458,-0.008998700358579526,0.1186317689889761,-1.4429713933050548,-1.6175841615104558,-0.6420780288766724,-0.8776731624291202,-1.3871354265255955,0.845979286918549,-0.08836359908932355,2.2790172741368906,-0.08287744331005878,0.08927963849716682,-1.562747765342691,-0.296696965520631
2020-09-14,0.817286162869926,1.3103868565411454,0.33350077178664306,1.6051578013022458,0.10968335113084339,-0.08830653336880738,-0.45624962033374206,-0.2942641911841204,0.25277452598675293,-0.10474351693748818,0.12720003649820452,0.027541902790999485,2.414905705821336,0.3300148234316988,-1.0160233704912054,-0.368626224933638,0.7880435255239614,0.6364645596895814,0.0018831977503430118,0.13536681026987804,-0.007363966163659724,0.25916426711083473
2020-09-15,-0.7001212472887514,0.09805910474096724,0.3088136133592177,0.6414518286219273,-0.03654775152032469,-0.4551820212650405,-0.09259977010912021,-0.15518684230963242,-0.29549772396236784,-0.13365267279259885,-0.0706475362630859,-0.0009029580069242746,0.7911101181739969,0.9836357146782099,0.6146685030256627,1.7241545870263015,-0.6454908290275386,-0.669847311690226,-0.40592930225512747,-0.16564483941366692,-0.0706475362630859,-0.34224404059912855
2020-09-16,0.40899547268061126,-0.7141102046581173,-0.40779759067231236,-0.4495500211723259,0.10957483509736508,-0.3739137874228489,-1.1582310354767782,0.12924250796094536,-0.2502403659024158,-0.3164436308705543,-0.05845172124416861,-0.01982764776206144,0.2109897369787431,1.2966172765086559,0.05874231310111145,3.8819683341128655,-0.03338630016010036,-0.42221020828742734,-0.3164436308705543,-0.5194164769918331,-0.039764695553546184,-0.14944786253475598
2020-09-17,-0.40899547268060815,-1.1865938436146257,-0.10229499573934109,-0.7035462730872188,-0.10957483509737885,-0.27033575640620283,0.5152928137378971,0.2714089316288677,-0.28109372375371333,-0.4096080985394648,0.29756715932493744,0.12333282108658059,-2.271219670814607,0.16088373907036096,-1.1614881815126181,1.5266709577556625,-0.8536825598703277,0.277156212238195,-0.3031704536018197,-0.6534922433816863,0.2714089316288677,-0.31652728802791086
2020-09-18,0.3506733345941265,-1.50498833578277,-1.1529536472990607,-1.1301304893107604,0.10957483509736508,-0.4373706714805655,0.0536078463144458,-0.17000799085077337,-0.5310949567924109,-0.5958894337311517,-0.1927220553612944,-0.22739073986725866,-2.6287233826508807,-1.5119070166722064,-1.2920855880640172,-0.9303545246349333,-0.21597723767046315,0.6995139032834565,-0.3470621548322913,0.029835604197899504,-0.23753097565687503,-0.1279384619775555
2020-09-23,-0.1167545294966194,-2.0183795860778853,-1.1366316680542845,-1.2373680107064282,0.03652664119146026,0.3280449073195142,-0.6627357943162849,-0.5537855379128647,-0.3968823193633311,-0.690226447217397,-0.2888631867929236,-0.1433926325643704,-2.730438287830086,-1.259244537016711,-1.842655031922586,-0.17017458499224353,-1.8562886295622183,-3.760745521389821,0.3280449073195142,-0.16331548180275035,-0.2663926400711829,-0.43699661168726245
2020-09-24,-0.9389763302308759,0.5229436191680097,0.314990591022975,-0.20837653184141397,0.036494403438686276,0.3059469323409331,0.08831967008718071,0.06848499168526154,0.004051055778220462,0.3168931465443966,-0.015860608059504382,-0.48255782350066606,0.7925388645843732,0.7136861123250584,-0.3331936595570016,1.919603611393777,0.6279241602427924,0.9680970197666677,0.2567338512836778,-0.17335825551794828,0.051541763189967386,-1.2311506524690559
2020-09-25,0.3531419863997539,1.7280951055415672,0.4149178765830105,0.21749428354803893,-0.07302104463016464,0.2062648989824263,0.5054010395288777,1.017397454632508,0.02005653292188213,-0.05632892076013341,0.3649205280551996,-0.1063764606071577,2.1655858085929633,1.5739854913668014,-0.13581404742615932,-0.4033830742335325,-0.16108331753643018,0.5595772723585938,0.12432129027861588,0.25464329408665454,0.40989389416897737,-0.08737298913454213
2020-09-28,1.689524830494099,1.779019685459657,1.9719556055515872,1.24340541515514,-0.18271043470789572,0.11532060196100624,-0.6905824689008021,-0.03575723348961619,0.6371079059007596,0.7806454486043735,0.2768753328753466,0.9594987947293564,2.157421357718319,0.5906226170246325,1.1473718940848454,1.3239083970705565,1.1327769099572191,0.6191582973794861,0.13174789921503166,-0.2049672143400347,0.21692852974275348,-0.06321866540433164
2020-09-29,0.8055379295848877,-0.6797215999114665,-0.228685358460923,-0.2027552277571939,0.0,-0.059870265283380776,1.500579613782678,0.9596547202467054,-0.2597321619823931,-0.04990484733184736,0.7668864372668447,0.7583674938876812,-0.8551039395821947,0.5339072473404595,0.7220227459834891,-3.645264565716414,0.7060610600297028,-0.18768446517926274,-0.13364377853585563,0.2520819081907531,0.7069689570143228,0.647818000522051
2020-09-30,-2.3776144897260774,0.9742182125574751,-0.1048391429843274,1.8192462443101773,0.03658395689376974,-0.051694622264328,-0.520497535880465,-0.5471356232133403,0.20401509631742926,0.6249852710891164,0.3490241916595318,0.23383550044992954,0.5232896671756408,-1.0706803721403517,0.9194970300591376,2.326457175314254,-0.3834374234283505,1.2941427388837479,0.21885948136752867,0.7444049240419467,0.16198598450416068,0.9023255234930567
2020-10-02,-0.8249919721478226,-0.8667652054878102,0.04937143088500158,-1.0654517913904373,0.07309939423707776,-0.011373611966757813,-0.7046692240494469,-0.2555329080411132,0.10206869722884475,0.08720899776575125,-0.0938375939040341,-0.10753574701502946,1.7983456390277166,-0.7563509912887486,-0.7694229606046217,-4.220920381437529,-0.0023686963236038473,2.5209498511779445,0.08720899776575125,0.2617359414767245,-0.15356951729064344,0.2960194724862675
2020-10-05,1.7014198660530246,1.7264755876358389,1.7512932435532511,1.301028431685583,0.0365249383278502,-0.6660198184006474,0.5009818088990174,-0.19563263436045897,-0.3656515361644006,0.7174465966643037,0.5021494280254386,0.7595140313113379,0.5407571188425072,1.4001189180730058,1.6024140582628625,5.79204109442595,0.45483912214337957,-0.35967365337312435,-0.0312690474876298,-0.24232275525895966,0.31569547896374595,-0.1254348629560321
2020-10-06,0.5221836289835159,-1.2452663153059165,-1.1992338430153686,0.36580256879999806,-0.29263066059981224,0.4177928271950827,0.738916192887931,0.5415179101592625,0.10464184432771877,-0.038676998125794365,0.6761168202616532,0.8544416527868571,-0.4709595341969872,0.6928008964056327,1.1230140923566112,1.820092547956721,-0.9965112173646247,-0.3081065027548743,0.18653673770463908,0.7854221974270701,0.6612008201411309,0.42188551061364293
2020-10-07,0.0,1.6623181426438098,0.7815865764848601,1.0278106589684897,0.0,-0.3525893027689873,-0.8701333821039772,-1.0195672699513831,-0.033638303685479445,0.29196474232561026,-1.0786792786444894,-0.823531925463305,0.08308795767214859,-0.26588845104952824,-1.803364755060944,-0.06340411264823674,-0.10853659118176517,2.8148868318003633,-0.06340411264823674,-0.5116389088150525,-0.8997176746603146,-1.1991168587120211
2020-10-08,0.5770451140469116,1.1895053890341587,1.2377654775179017,1.1233165339362219,-0.036613013858354145,0.4890739237804671,0.6602508425992064,0.6876850242071106,0.5526125392856406,0.5316201912941753,0.769153747456075,0.5729171871993759,1.9644956269543112,-0.31999884297619724,1.3251137822604138,2.9146565533160107,0.6620361903222729,0.7878160546384367,0.30717346976483095,0.5581666243999911,0.5678354289160495,0.6622152862224112
2020-10-09,-0.5191873183442524,0.9390665234528642,1.008701982762222,0.7287368763998717,0.07373429809476065,0.00041751684488611034,0.19146616077003015,0.5700118585960303,0.2799991903588306,0.2738813556001778,0.36984111492809707,0.3501776894497478,-0.3467164131952933,-0.6431195160102989,0.08182802759195941,-1.5063077847050308,1.8498453333295812,1.5307239903408476,0.050005336648023826,0.02967290992183016,0.22842565726290068,0.6026547444037237
2020-10-12,-0.23160815957684838,1.2312132329033516,0.3118687905473302,0.504234082644512,0.1833266376228135,-0.2573730249085451,-0.16110679405286116,0.2879543073538583,0.21173898904960192,0.1401234803326001,0.44320003538732305,0.49108310696914287,0.10392599238567837,-0.2691557350217706,0.6905829951573046,-2.5494747326645877,-0.6523291912077452,-0.9438423788565596,-0.36474782204431233,0.07213268323092785,0.33911907152017845,0.32683915764767196
2020-10-13,0.3472154011266675,-0.932512970675047,-1.8760586615748784,-0.6895976029473029,-0.25674770379008516,-0.05514551357323866,0.2461727128903018,0.4821123475118545,-0.37362299228424856,-0.7237804849952766,-0.02091387502324781,-0.07389685940700078,-2.0070442322840334,0.053857363423431504,-0.6221523851487433,1.1020480885875326,-1.8631534156661993,-0.8602477443012417,-0.2777700105078767,-0.320996900716821,-0.028338012362347585,-0.4807792634477252
2020-10-14,-0.3472154011266658,-0.5060512351549735,-0.1538609777408017,-0.551319000636149,0.036698294643449036,0.15723471731078567,-0.942526107570572,-0.6167860349313683,0.22014022903412483,-0.12308699408211377,-0.9389752538491845,-0.9960774987928331,-1.1030368785909337,-0.32378144116652324,-1.0929893498857035,1.9349233076475827,0.4332866466188389,0.12428724725774684,0.12428724725774684,-0.46244946129450376,-0.8795209032660953,-0.5188340231056904
2020-10-15,-0.6980929389718576,-0.4380035209664083,-1.8676799646155855,-1.0385761373853524,0.11009944864735352,-0.4214286033015141,0.907318047717382,0.7983224748459719,-0.4175964711105395,-0.3851463950020129,0.3537147496918356,-0.37083302904717586,0.20295851677829937,-0.6507587592888808,0.13908511193812806,-0.45244616643173896,0.04962091757843522,1.4230145736571869,-0.31432802249272784,-0.28951209050445115,0.24968138055735983,-0.6347094781116449
2020-10-16,-0.7617865296872399,0.14952266127808983,0.9428933010453755,0.5617781717107414,0.03665394622469864,0.15227673992276886,-0.4020687402117539,-0.5407485837146393,0.040212891096737965,0.09186476045905553,-0.47448281328458963,-0.25156220725637624,-0.5050665841763898,-1.0390710345019263,-1.6834648258377432,-0.5531239795041384,-0.13714467552598225,-0.6812472216895215,0.20997795905033798,-0.11911685792761079,-0.6080746386770369,-0.5329099902997658
2020-10-19,1.169606825314035,-1.4684486037535676,-0.4056198052608359,-0.22217496532249406,0.0,-0.10151604783388203,0.3541515485243411,0.3332501176840972,-0.12875731209185576,-0.2914941934581674,0.31046469024314804,0.4031501186749031,-1.5077390374757083,0.49351260981027767,0.779178705320509,-0.39009830175850274,0.1140344939617568,0.43150830176459914,0.06357255828409514,0.14260569981637666,0.26598458903464867,0.14319187965263108
2020-10-20,-0.7586987460003042,0.44056670605819337,0.8277471147642247,1.1353627128167338,0.07329601427456633,-0.17426221529641722,0.6105020380480347,-0.1367065865274966,-0.16670390544217129,0.39584425690054753,0.16306360564602823,0.09342494137780108,0.7546593863410161,-1.1001107206197474,1.2259937704589183,1.6369220415199444,0.5217093189581373,2.220417956056624,0.040777505158293446,0.48704087961477605,0.2001202776139754,-0.5497781578517397
2020-10-21,0.7005381242360345,-0.18281927801359266,-1.0817511165265292,0.2892743135471132,-0.18332663762282317,-0.125942926990592,-1.136057983027631,-0.8023646703223485,-0.15668145724844004,-0.005119434803917698,0.05207486870840316,0.019273863921817343,-0.29332156471518744,-0.22148880955547195,-3.543443875055971,-3.3182536194654286,0.7569526224076697,1.4337760112737972,0.0066330925154503605,0.5327833350310646,0.04466504696997494,-0.018826484250726527
2020-10-22,-1.1114462035497674,-0.2152815087915991,-0.7246089432129377,-0.7840153118166869,0.03670929085466086,-1.111047132177313,0.5168586015920934,0.2648936471334548,-0.9855192977333234,-0.5852149508731347,0.5945829413387208,0.7428764668798797,-0.7748211998846686,0.055422509036455785,0.6589849607978012,0.6862315395581688,-1.7472036281615821,-1.9330929497712086,-0.7623005641988579,-0.5634076466883516,0.6057076732940994,0.02285807158415345
2020-10-23,0.41090807931373774,0.5727275557418615,1.1537636921795458,0.8183798584527305,-0.07343206237847315,0.3751142152457374,0.2598826504375835,-0.145747604188186,0.4866748352063231,0.3516584513220668,-0.22066292863584763,0.07363117363984306,0.8328763189683487,0.4422435013949111,0.1315161598543354,-2.000758097036217,0.1274734167869507,-0.17668965653049828,0.23377741916488542,-0.0903105408804305,-0.1798681848257173,0.524349736770132
2020-10-26,-0.41090807931374007,-2.0923608037096493,-2.6291191340619355,-1.5308746492762286,0.14675339487205866,0.0383356934263228,-0.38314816018144937,-0.5700354371326601,-0.019314264747520744,-1.11471699643879,-0.5313921652426697,-0.7816006214155603,-1.6684746574585014,-1.3326154659763165,-2.0601312057334358,-3.0277809909674716,-0.27748531263379866,-1.9383097917363379,-0.22709401434444373,0.06048878331659137,-0.41632365241235025,-0.17134990905121505
2020-10-27,-0.05883689548514284,-0.2031270844929157,-1.1485990658775136,0.5787202459267984,0.0,0.3657221866590158,-0.1332652053892042,0.7950046352378672,0.5491663586950404,0.1898099659686938,0.011525304229498047,-0.17619937656687684,-1.4740795789138244,0.11173425248256635,-1.256928178840756,2.2591023028772144,0.4051216759615376,0.3512165645967183,0.14223525833446235,-0.19207097086992003,-0.14062943338736966,-0.0388618939998364
2020-10-28,-0.35377480823928786,-3.7518098613657007,-4.209417771598113,-2.81039901584751,0.1831346747260339,-0.28239932108294535,0.04921270327752771,0.1737479653199058,-0.7700497259603732,-1.1093842849213715,-0.3499111324597428,-1.1298597921644382,-2.6895523115664406,-1.0665457037395272,-3.6706749330076476,-5.386377428464605,-1.9016661409943785,-1.2707509396604926,-0.2741492568300526,-0.5077603571030656,-0.1643161511768182,-0.18782541018757276
2020-10-29,-0.11820360958935089,0.7909772066439105,0.12206264349242041,0.779875504011282,-0.14648468770312806,-0.6427654293675951,-0.7147953033526391,-0.7165397538727022,-0.4802647460960532,0.06691418494863713,-0.4787385690790994,-0.6334818196429322,1.11150509400961,0.8429435301631488,0.32142888955378784,-2.955910058973259,-0.6355733549456598,0.04299412113375115,-0.22023922228644144,-0.5046365211050169,-0.5307417249695908,-1.1819749599827207
2020-10-30,-2.0311464962188333,-0.8191319439646341,-0.09328548831355413,-0.9053727843091843,0.0,-0.09543376527542657,-0.7403040161755738,-1.0171973179873335,-0.29321676802903945,0.4436706758486459,-0.29373639185576106,-0.20915635528848844,-0.434811305106232,-1.636139567007702,0.028385038621340477,-1.147770912968386,0.6839152577465384,-0.2983011992927614,0.2288501535625288,-0.36460247550306935,-0.21944443072468045,-0.016308859349632013
2020-11-02,1.8535663537100784,1.139501875725276,1.4464543009020017,1.2916850340928467,-0.07330393324760849,0.19636582072713862,0.37554339845904233,0.612276348353251,0.4159918718378744,0.2627856106169058,0.21384948588302524,0.5064502016929044,2.3861265022914986,0.2840033208235482,1.387240562352276,3.94693756162692,0.9906782595512448,0.7096147614212652,0.024865374700038786,-0.2952603614699998,-0.016276824343988094,-0.40855708540426294
2020-11-04,1.353359243881269,2.0392810592277453,1.2095483481387754,2.9247293270115593,0.14658256335716865,0.6676584894806746,2.03320800238709,2.4236402365621985,1.3166759479644576,0.7601681152577733,1.5560323987693285,1.6819034141430877,0.003930367900871726,1.7431017366501613,4.696382396969725,2.487879025500432,-0.22697231597232792,0.29780285400629947,-0.17107090947874598,0.8830288427908761,1.3374096293718682,1.832325755152157
2020-11-05,1.3353037457466965,1.8281374978847453,2.305069643341307,1.5876756858792387,0.036600267113623464,-0.11992119837855668,-1.3572739477313531,-1.8590647729284755,0.27064592324170317,0.24803801411441984,-1.0062935430814812,-0.5478773791825663,0.3700919532758503,1.767996955632515,-0.5696099475400349,-1.1290040623413578,2.1690256323683066,0.3115864271736217,-0.10335153753726245,-0.3503175261086341,-1.2834814069330318,-0.3261813497016298
2020-11-06,0.5176781098244169,-0.8255832665660401,-0.46866327701801486,-0.3426807778482627,0.10975829600578477,-1.1424066424968962,0.3509721669261329,-0.07281997032918985,-1.117960857054376,-1.1541267008555693,0.472893623957169,0.42575923853079134,-1.4887297256465617,-0.05479344598042931,0.6782014684791514,-3.376067826593173,-0.6607018532327861,0.43184528225489444,-0.8027371492038887,-0.08654222332460142,0.5061187484622043,0.32883819132754444
2020-11-09,1.424135095296529,0.910329780832739,2.547113088579913,0.3477507706218669,0.0,-1.0797109068981752,-1.280501334418343,-1.3107241261171716,-1.097580520718263,0.4213168461634745,0.04357690404170019,1.0351921520917173,3.142277311144434,-0.4393207494232221,2.023000659628722,5.530540405158778,-4.866484129522167,-0.7995838337607203,-0.3383985151756371,0.29851035913669705,-0.004417897193778823,-0.013295055896598691
2020-11-10,1.124858358506482,1.6614373181826032,3.2557997168656567,0.6619943748829568,-0.21963719322897565,1.523518580070745,0.9075562528013146,1.473327302311367,1.5489414186819424,1.6684173862276046,1.6419716339724795,1.50677153374523,3.260160161306079,1.698325041253532,1.9645492956746395,4.756817156874801,2.1389306875962477,1.9621681772801152,1.808200032036073,1.2343000182219184,1.7158158328353317,1.7146511162098446
2020-11-11,1.5538641740452332,0.8570412076594387,0.9825997801881388,0.7645815618425644,-0.18340338189497107,0.2760786837183862,0.6971062413930831,0.55747420569021,0.302154053183463,0.08192681983767679,0.8327296039636181,0.8179707038974758,0.4974351456022885,0.7625117388851193,2.642545945567228,0.5655899484062675,-0.31667534580349865,-0.3972190412539381,0.1169228751267404,0.0643329087520422,0.8179707038974758,0.15146023926930477
2020-11-12,-0.16533141643051064,-0.827678252675996,-1.2165641119639055,-0.6053761494249169,0.14675339487205866,0.7147832416948506,1.022322650862887,0.8109280302129589,0.5461931893769976,-0.5316733624556683,-0.08688551051418258,-0.23090940630483775,-1.1669159468270685,-0.5440261881744716,0.06948030351040206,-1.1700354970556914,0.7513836945287715,0.14714494365073552,0.14714494365073552,-0.18426231400691626,-0.13120113258045857,0.17338339633579508
2020-11-13,-1.2208838325911822,1.0661651509120857,1.2482329573741808,1.0872172684495949,-0.03665394622470262,-0.4420770486485275,-1.1470472389739421,-0.9760178090714137,-0.19085217607639587,0.031177840751620077,-1.1241006226972288,-1.0498520351826273,2.325713316015924,-1.3732924354310811,-1.5247183322639817,-2.175368303509184,0.3708706463235378,1.1242002098315507,-0.3087858626796816,-0.09426974981484391,-1.079785000630951,-0.9067133421536132
2020-11-16,1.661164165196139,0.8457991061665103,0.6531291543668905,0.8391108197120121,0.14658256335716865,-0.4697173778973128,0.30334159264393423,0.17522067042391964,-0.0711614675872022,0.16549643393091934,0.6210781667014349,0.8455718904423802,0.7233940762595721,-0.27694301051121495,1.826018342206773,1.9938736007031026,-0.40037047531713343,1.4180212886137584,-0.3947201884515953,-0.05402615225968186,0.34821024456930194,0.29135806812146997
2020-11-17,0.0,-0.6683173194865172,-0.1464122608896086,-0.23129223250248107,0.036600267113623464,0.12917120414182934,-0.17432251478187105,0.12128299221900185,0.19350224169185717,-0.09412989244777466,-0.08893847147231272,-0.040185613297754455,-0.036410068788329086,0.11087776605965946,-0.7051268209655291,0.07899454979385094,-0.49664671712803965,-0.6293077271830089,-0.12905466870922538,-0.008880011754769416,-0.1294457995644943,0.2709098458870316
2020-11-18,-0.7164518196249763,-1.555756149072846,-0.9025714447025457,-0.6933526011055858,-0.03660026711361706,-0.3782487468251328,-0.42172532411532526,-0.23730021080746283,-0.13293584630357091,-0.5313009110059285,-0.039973597110208765,-0.01365218070519244,-2.308132152983013,-0.44419078993459477,0.5521571510362048,0.10432334826110462,-0.9188357605598887,-0.7973338725730759,-0.3449573759625954,-0.3126502071110653,-0.07311141288364591,-0.6648426242524115
2020-11-19,0.2761714870200313,0.144287465014321,0.42063826800385834,-0.11176805764093578,0.10977954579672528,-0.1677101103770974,0.13964853501469815,-0.22440167619484463,0.2776007740734934,0.06159765676483791,-0.2836550402145317,-0.315914183458241,0.11283147794913008,-0.3344448649928209,-0.38967294943439046,0.0340000646493611,-0.46408768064722494,0.2266508108117842,-0.2758647119515206,-0.4094605696796404,-0.2762819512860363,-0.19885737202434214
2020-11-20,0.0,-0.753584549970157,-0.1185109491913325,0.4854259583582537,0.14619809684155743,0.10796286331768014,-0.3825867176608857,0.289814250078855,-0.1535762435014629,-0.25247975552050916,-0.04698673981815117,-0.0152857476675717,-0.6086480277120149,0.0,-0.9502276606585803,0.5504277134797609,0.2356867976783566,2.164133911636299,-0.06643614558602529,0.09825733895444137,-0.12425406345915964,-0.5075182051586481
2020-11-24,1.9661992509843726,2.2782111186348377,2.214563516280846,2.0124603549144986,-0.2559776426382958,0.5215434390946925,0.8187292037345008,1.0093232433856858,0.45433770528474543,0.9813380106245972,1.0917742274129798,1.1277846076417928,1.2091096569223008,0.3344448649928235,0.7057891730954646,4.924319506126346,-0.8650485187860282,2.0482031713362887,0.6796545091667469,0.495583303723102,0.8714356127632005,0.4244179730817258
2020-11-25,0.3239751547946266,-0.16574586854939308,0.005629884542212049,-0.5747389429320374,0.07320605759357648,0.021849029897389297,0.3172084237250914,0.36722780003073724,0.04666503989286675,-0.05781247188996597,0.061912454171384045,0.4054048931517499,0.047162364088910565,-0.22284177063426205,1.1566143337469634,1.8222562159140845,-0.05866696245676757,-0.06003874504251039,-0.011482158741673909,0.44249042032294456,0.23814707756229142,0.9527333279339908
2020-11-27,0.5341906317325797,0.018424425335947354,0.20130720103600755,0.684047676716439,-0.036605790479947685,0.03961384058092584,0.048829556149144755,-0.4627286636286765,0.09609589492726066,-0.09749113957690124,-0.3698295373907781,-0.21013328018347938,-0.7062598332701152,0.6663002879299471,-0.16517997805129533,-0.738953802224575,-1.2795114396601828,2.2344980162229016,-0.1514601971241584,-0.19045154730106628,-0.3771675275819102,-0.24615707063775694
2020-11-30,-1.9365752977196944,-0.5972707502604063,-1.8542419882314063,-2.806384490102865,-0.14652888424608088,-0.22002539029376375,-0.6127869500163893,-0.5996226617609157,0.19363260230891852,-0.25779516560341137,-0.3693110323381168,-0.39397023276372334,-1.2075615794261305,-0.22163272947753007,-0.7496611800503937,-0.9575952328413946,-0.8233389968815684,0.8831607084582752,-0.15360310486984605,0.3422642543333933,-0.3252426730975734,0.4308064784576908
2020-12-01,0.8653400587967172,1.2960662034836032,2.7062728397109135,2.1591424947017224,0.10992861713247165,-0.3251149505682423,-0.02502142402886521,-0.4235340960174901,-0.1716246362155522,0.46495954276827256,0.07922732965795737,0.5524564755493815,1.4858049787247996,0.8835397105571682,0.0425664259677647,-0.9282802461039723,2.2923610530572716,2.020168626100792,0.20827517152086755,-0.06342898131724597,0.248348053752192,-0.37343856977260276
2020-12-02,0.26887163946947223,0.21973279075558158,-0.07492108059462506,0.15034910635877266,0.0,-0.15765012459814381,1.6850391956482778,0.5923975882533964,-0.3250607575483224,0.2876501406394953,0.6148173242659449,0.7421633165076424,-0.7810387475741917,-0.5512915268979451,1.2885736273391883,1.146137511084064,0.7589205958907395,-0.12862930565491923,0.00958209345921412,1.1196951354933669,0.6442610970138726,0.32917877107074633
2020-12-03,0.21459290048496363,0.11546618266587624,0.44669450956319956,1.281754006255641,0.0,0.4102195968984244,-0.6788723998901378,-0.05741160537821782,0.535465163060785,0.2004901190123825,0.061236302666627024,-0.09102202853725164,0.9803903410664071,-0.16600736397591173,-1.0481984841862173,1.042785316766136,0.9270117329604727,-0.3656944367440572,0.1427448799050851,0.4986416797206071,-0.24747239180161695,0.6009095081383632
2020-12-04,0.0,0.24834560363315702,0.2798555787872821,0.4181202156276347,0.0,-1.0028809124469515,-0.0003301597279085582,-0.060579577859173256,-1.1629216151465496,-0.19427890315784807,0.07712897827291165,0.4255593805078802,0.9059400369928743,0.2765005955552161,0.6074708528536048,0.3773531716110595,-0.8937026183715786,0.40454073460575446,-0.6097571157174536,-0.35499732622646146,0.025773284718350095,-0.28576153653477726
2020-12-07,-0.9152060644801013,0.15482254291378675,-0.22603541836089913,0.3605409196760946,-0.10992861713246414,0.6701375228308936,1.27556309699614,0.9938199270141035,0.44806271318671353,0.3144164518460298,0.14829296526507776,-0.02479988258847456,-0.511130631216269,-0.22110868576099818,1.403291225231432,-0.14771890934444273,1.840935465627582,0.13092319336339164,0.3605409196760946,0.16402662223762463,0.08230110272695332,0.2651018765752663
2020-12-08,-0.05409429408577934,0.10005966425787935,0.1602347488501111,-0.15281440699272683,0.21970816292920547,-0.09190547270520959,-0.6540576369639451,-0.2158960013583311,-0.30888268464847435,-0.272787641398654,-0.606351622467794,-0.7892438433764286,-0.5428820062314194,0.5518577384001997,-1.132812203844161,-0.16028098544011848,0.15606037532111794,-0.6991569542724806,-0.192123778152633,-0.25844633847976883,-0.6429985432204394,-0.37263527860568807
2020-12-09,1.0764318001747233,-0.7692742362508084,0.08138662340483899,-0.7370504420255757,-0.036573488203172584,-0.010379119467300305,-0.28289058556763563,0.26162959010217834,-0.23407386477935394,-0.018317517884362707,0.1861547315525178,0.32996904259095733,-0.49113404347434714,-0.275569373738845,-0.637699871709554,-0.09145908421304996,-1.5925330380686387,0.2701869349309978,0.131647605381969,0.0737976049211284,0.19347659017120492,0.005192015314547957
2020-12-10,-0.10713144160884891,0.09873735073710325,0.030876709810298993,1.4121526642088946,0.07315250552585002,0.35690016061775726,1.1588314709780279,0.8648652346788523,0.628536724680298,0.3160178403116699,0.17896815571194793,-0.1967900401154798,-0.3055965641459757,-0.22097808362767044,1.4580794211084047,2.5587030535870134,-0.06001410952217591,2.3674781147329997,0.13147452229670997,-0.10316833764251424,0.13499990463392172,0.46038306135456963
2020-12-11,0.3210432072984534,-0.20368550442350294,-0.7596827649737613,-0.7936259407261941,0.07309903175023226,0.11363760943169816,0.216694003158461,-0.18798711425066839,0.01572855569053524,-0.19016637366895836,-0.5205669815488306,-0.9146836217721385,-0.1811155809904018,0.9906583185692064,0.24313628698769035,-0.6171905570622284,0.09934075010148054,-1.2665773558173992,-0.08635379685720783,0.45236510064315366,-0.5425277422840776,1.1213735126545055
2020-12-14,0.47960729007240044,-0.6822349678083384,-0.11533657282789705,-0.754771099462435,-0.036542836539710806,-0.2917912969869168,-0.8743903838809644,-0.6137905893045226,-0.3064533702593305,-0.21041497962552852,-0.16643136261375116,0.17267850356607767,-0.6728873827411636,0.10944830904492776,-0.8566942035970037,0.483998013859526,-0.7858003886061418,-0.6453208363770547,-0.23351446867385767,-0.3206428064938294,-0.1407949593999761,0.12368285770563864
2020-12-15,-0.5865096874504082,1.41115692982476,1.4254455445311516,1.1437591035776657,0.07306288430837247,-0.031707688452996007,-0.6126681812845216,-0.7589704130635928,0.2649333599193531,0.37923247134935006,0.09359382488856106,-0.00684388959389008,2.0947235748501014,0.16399431521132699,-0.3719763543006701,1.2118697124543134,1.4576841305099557,0.6625774993162262,0.06828515310595949,0.20279543505246103,0.15955265200779753,-0.11347230569962027
2020-12-16,0.3736298890481074,-0.2053187245695507,0.11928563826370167,0.11216047404199556,-0.1461980968415616,-0.445596721856776,-0.07625087866588877,0.3154179901959456,-0.44218626362112445,-0.5117624145602491,0.4094800126193724,0.8092274791803796,-0.2456142180653956,0.8158949989052422,1.4564785278544823,0.25059116057615527,0.18823392524138285,0.18329287497793487,-0.36215816774392434,-0.3210215058825247,0.48644718091484535,-0.11361095579972402
2020-12-17,0.31914999665004695,0.4040856792585627,0.6711382439713878,0.49495926640742516,0.0731352125331897,-0.22616254297031899,0.11580881721796964,0.5260788434867973,-0.007753761336461461,-0.004487693630040957,0.33073289081679685,0.3648262196930375,0.8087506183675649,0.1082797794611574,0.7371178130474341,1.121123811813103,0.8929945705093256,1.0629608481512183,-0.15354643378623134,0.1966998802936673,0.28672595539878476,0.038316489111857685
2020-12-18,0.05309646376471454,-0.7330620012579765,-0.2371691423219838,-0.45058308046779366,0.07306288430837247,-0.41658683856399864,0.7871816552910484,0.49201572154616247,-0.40585897650095726,-0.25221651746206686,0.2340202259804006,0.23634982600818302,-2.361050887527737,-0.4882058641205212,-0.10190749625051718,0.6273876216714563,-0.502889816284585,0.20295556705123302,-0.33300300662806076,0.20975520618041044,0.1680719159644669,0.27156452466903563
2020-12-21,-0.3189803137840331,-0.042591296878203004,-1.059701728084058,-1.1662152480773693,-0.036520047768658394,0.38248827446853584,0.29643157822821803,-0.25550227493961153,0.11853127883931606,-0.042705186690420185,-1.117398313752117,-1.6778932065301666,-0.2511622515983653,-0.4906094035525089,-2.070466304311916,-2.2253638853545374,-0.0022835300412849635,-0.8042243228758237,0.315608169856938,-0.07356411069555549,-0.9340357250565593,-0.06495934439236042
2020-12-22,-1.664468293125377,-0.2818575639734484,-0.2986174441300499,-0.9125222939571459,0.10953902216832409,0.0537903322852416,-0.08257541161322163,0.5599045727346306,0.16402581108589284,0.014132717100400415,0.34924859859605695,0.7682881765737618,0.5830400557305239,0.3273625363436254,0.9657530892684708,-1.8125638618821498,-0.9066094282573621,-2.1610152809357492,-0.11315870991753689,0.03164704547102959,0.23918683082642758,-0.2691876030897127
2020-12-23,0.43220053784062995,0.27736669115511936,1.5120722817968943,1.2056499306462176,0.0,-0.02118885967196923,-1.640389801580639,-2.000543392499766,0.20942994607305535,0.637537152130816,-0.3815732506875313,-0.2176240467374555,-0.4613031406247303,0.43477580019882855,0.43336761191911793,2.2234042945710764,0.8501419813489036,1.1939638349260606,0.18755407412136127,-0.213012326724162,-0.19807608300017113,-0.14062440596725637
2020-12-24,0.43033314801680933,0.40570426867831083,0.26689521849097747,-0.420503185432367,-0.14608185870804147,0.15940091607208295,0.2907621482761274,1.3987781232092398,0.3590964817773548,0.22440334654266497,0.8966934194807865,1.0721060224313348,0.8890777756736759,0.5947562080674352,0.5245706433541337,0.5351250800759952,0.4151240023130154,0.19929434891217923,0.017389269449880958,0.0752749473876593,0.8085696547151537,0.398351075929072
2020-12-29,1.9018052566554695,-0.04040596701295838,0.8740106241515451,1.631488712688514,-0.036573488203172584,0.13387301411723654,0.958569164135089,0.5438982478929656,0.194128620453568,0.02433078805911668,0.1193214956906821,0.0015594182787685917,-0.7063817854549547,0.8478973449119637,2.5518252012308165,0.7318727021573033,0.5141432789239343,-0.8003144386218372,0.15056884766721346,0.30108589090223237,-0.6254558372282684,-0.14859282160292217
2020-12-30,-0.7352992267586667,0.01713773575035874,-0.25659697454245695,1.1985371599773493,0.036573488203177205,-0.05868423587782095,-0.2736420132411248,0.07155227653791563,0.0048948985827163526,0.08106860339601375,0.016188658981081374,0.15159472231250737,0.4228627487966649,0.7360843071289922,-0.616328233979237,0.2703439335113292,0.6371443787457738,-0.26203367770582114,-0.1254582907197234,0.119077034798356,0.12239406294840859,0.16128588802518617
2021-01-04,-0.4755671686788884,-1.256421240681125,1.400859240213288,0.7510129985026105,-0.07317927868310985,0.139342882429188,1.1458182820173393,0.8011933710805519,-0.39368152927020206,-0.09204320321758984,0.7919249988661272,0.5381901997320735,-3.189347123853631,-0.9473734179754124,0.6511447428041465,-1.8125917848855848,2.315785484500003,1.530884855435682,0.012593406658786152,0.017394107532023168,0.08286518618220869,1.5558802343658327
2021-01-05,-0.3182886985123276,0.5759110065688129,0.7868377649869847,2.264914573758586,0.10975829600578477,-0.344116874072014,-1.1011986088473669,-1.5002601039852506,-0.43117361607412935,-0.07605478228735965,-0.9928739828757157,-0.9660545480324136,0.035457995556953725,0.8949821741691644,-0.6266824847965048,4.594840949815325,0.18524204826541815,2.4428458851334356,-0.11048286092394713,-0.09097393276558573,-0.9417226077018908,-0.671796580750189
2021-01-06,0.42416509792013646,0.16167791202859272,0.7442516034100479,-1.2830644973383374,-0.07315250552584446,-1.0208871468779064,-0.09940952985553679,-0.5559661317753204,-1.247927194930332,-0.6181428862178187,-0.16384333394810793,0.1333335251948355,-0.26442814603586273,-1.106743076086304,-0.8612890710129547,0.06524418208921114,-2.0718337315843924,-0.16937985593121563,-0.43439531595243547,-0.04907928426094075,-0.0028569814705951837,0.8123882322511359
2021-01-07,1.7309644296699704,1.8112357154462775,0.6409203862744189,1.2789326417844542,-0.2564560072196266,-0.017153884472770976,0.34527239434278606,-0.26290655827302556,0.32164629466898775,0.6233825926425753,0.28596908253896247,0.34189797936337085,0.14212839206742392,1.1591343198925397,-0.6839668272272758,1.5601961169102962,0.1026749717241615,1.6075163134969177,0.3364099443340694,0.6637272768382226,0.29328665112500724,0.9873453280128867
2021-01-08,1.4968022826782947,1.308882086810153,1.2037731193140075,3.3517931193026755,0.11047328088319604,0.45359576333357626,0.06859610536678847,0.5286148228991904,0.667178371272518,0.889650461678085,0.3729871559578141,0.4274339267199857,1.7084759465568062,0.0,0.2703421165459482,3.3138096300419284,-2.7401149864166716,0.30427983492224586,0.740764485949539,0.17447357915230963,0.34002041880018197,0.15513980794571294
2021-01-12,0.0,0.05666553157954461,0.5037910877990261,1.0127896530709466,0.2200802487927538,0.018576565708781276,-1.0481603502359973,-0.2120225756654124,0.24984050163778965,0.1620860176125083,-0.11483621410515917,-0.05776841063683208,0.26705807062526976,-0.10481800332824032,-1.8635467863574582,1.8343555012674935,0.680844052551649,2.373772744327216,0.03553463820000881,-0.15859396574270337,0.09805280761899433,-0.06600830294524813
2021-01-13,0.3579695303696353,-0.09281616577133425,-0.6682790232214058,-0.14179728560577057,-0.03662593950441946,-0.014838205387127167,1.0679832779401484,1.269775391270071,0.4103746218215086,-0.06336345557229552,0.9002561282147906,0.8627210959710876,0.8480693476670657,-1.0543163165643061,1.6769943793721414,-0.6406936228299359,-0.7934148133586677,-1.38922777118996,-0.36174703259728175,0.021319015838592054,0.702028555360514,0.5083144760319558
2021-01-14,0.4075339803968719,-0.26891477304648287,0.7903297774815802,1.011279193582321,-0.14672325870962596,-0.14642379814056508,-0.402501649641471,0.06658157896799428,-0.3512443712075695,0.0589844416081413,-0.007226194652955819,0.04132701629299051,0.6693697377479737,0.0,0.5366729174035089,1.3034572490365075,0.02996824700883979,1.9061907586600826,0.08189170957750634,-0.30521221067167387,-0.07055005110243841,-0.2967212541787416
2021-01-15,-0.7655035107665166,-0.7406237248170464,-1.7565667268673992,-1.433619524410328,0.07335542716396364,0.2618352581427124,0.5094247593821115,0.24528981503850544,0.14571515800747742,-0.16926830051900496,0.15690546312597783,-0.08580610029762341,1.132430571186226,-0.10604884875130662,-0.6527202145303749,-2.5234686730042526,-1.2571876535084212,-1.9677663673558325,-0.008663044921685353,-0.0926938377643061,0.24528981503850544,0.33885724701493347
2021-01-19,0.6169700574842168,0.6616699991921892,0.773472530697828,1.5219159237130626,0.03673910148221131,-0.0613912578222188,-0.25855363159657613,-0.0463244948896777,0.05567199879050937,0.1661317746151325,-0.16741856461980525,0.011767820893287586,-0.4045383824029036,0.6825999196079968,-0.6029887978601283,1.0330158512191985,0.7232738149359212,0.7748005944358413,-0.19747919736395222,-0.10896812161394603,-0.14901282456022275,-0.23939134629551395
2021-01-20,-0.256611985881925,1.5612942924472308,0.8160005344598877,1.9273195545142774,-0.03673910148220428,0.22909092344642465,0.40001342741642126,0.3241539742571229,0.15758106040973807,0.36986225328978534,0.8227827913576532,0.9559899117970654,2.0772080219749727,0.5739636927792922,0.5999708710554083,0.29872628649714544,1.802013624654703,0.67589093081163,0.18689816465190082,0.6792514361803896,0.6497476937107013,0.5406287943013067
2021-01-21,0.46141856600901177,-0.23860681213231263,0.03942486042320153,-0.1520092763618801,-0.03673364127568865,-0.47316612255696533,-0.6899370279414546,-0.4159433872959155,-0.7265896775469165,-0.3868975336405851,-0.32752117618638865,-0.16787239821110883,-0.8077119721928584,0.1559640422907322,-1.9740936698099243,-0.41358258339669873,-0.39245528109903977,-0.24106336511284515,-0.3297178843819315,-0.516862374976879,-0.1581545805554794,0.22938127312451712
2021-01-22,-0.15356737573650878,-0.4018888636844907,-0.7708643623702229,-0.9211573278866125,0.03673364127569057,0.10457619062796748,1.2402084883398188,0.5282460949118654,-0.1210278399643888,-0.24184314684373734,0.33172705355668747,0.3324296840290854,0.18609172766317164,0.15571320801462965,0.6222073401066942,-1.5405249286779057,-0.8377627338546124,-1.0268564458596245,-0.047332527802811615,0.3659940270729125,0.390697733956234,0.019920115368861426
2021-01-25,0.25581713105252707,0.6550862050684952,-0.38606947586065415,1.0109401250033512,0.0,0.6654273892724004,0.012005525236653459,0.5681812899820256,0.6880052682065932,0.2843761693174534,0.09611671615128542,-0.43297954479450074,1.0164915863215669,0.0,-0.7615327089078234,1.2781544587654174,0.34770656665999433,0.7969537649082523,0.26148201377422764,0.2989601248694381,-0.014424798304738994,-0.31672155440056976
2021-01-26,-0.6664892087612124,-0.1726125815828238,0.3888178176729725,-0.7479336393621816,0.07349312314583017,-0.04996335371089359,-0.5968742807159034,-0.18653446440971436,-0.02374086086646636,-0.16539990083048084,-0.21899019583921978,0.12301724235883522,0.6869960406897221,-0.2076768598442128,1.1146624093176123,-0.41052390482252815,-0.2637466689589354,-0.3283923546262728,-0.016380973844348685,-0.23147776979779072,-0.10107490058619824,-0.0112442913899381
2021-01-27,0.7686416080783266,-2.625819045213687,-2.558020721004816,-2.9664658201116785,-0.07349312314583446,-0.03387031381454371,0.10434850609930323,0.54947700741936,-0.327694819890812,-0.4385321816977479,0.2575926361987261,-0.049120110600580594,-1.9367812807148685,1.2396563208125375,0.6249899715443559,-0.010488231414831694,-0.7870082591259165,-2.3175780566535527,-0.15143042958179836,0.007937888298826435,0.3018467428855635,0.311779273087135
2021-01-28,-1.3878401411247239,1.3762085734510727,1.3778080905756627,1.2173505287055781,0.03673910148221131,0.2593645772125012,-0.030413328783615114,-0.2989426237586645,0.35802846092324403,0.8184851890337834,-0.05164161764215074,0.15614499758810554,1.056504489776028,0.5120625477023333,-0.3879001855994623,-0.18684905137495567,0.6125608436978532,1.1111778441390674,0.5198676709342818,0.03253209803817722,0.0,-0.8126492075347133
2021-01-29,-1.4598835353094253,-1.8802472108613915,-1.79882104420367,-2.3770747016256975,-0.03673910148220428,-0.03483111370265737,0.5153651710522604,0.1686862551202302,-0.012739682898866784,-0.12211021884468226,0.5642417742486833,0.5165236047780426,-1.016503971691469,1.0668163967058426,0.18527210371469097,-0.05676420384458634,0.10147288980415017,-0.49492814136297875,0.14201392357243747,0.27490727517875724,0.5457938918250276,0.4071500999140162
2021-02-01,0.9409469635996863,2.028877349591109,1.6760829630006202,3.04335428495922,-0.3312702324011071,0.5027897498265316,-0.014777079415258049,0.11068591762468842,0.5750848954215295,0.6983199111508317,0.2126061813767584,0.3158782872920453,2.6357533695191377,0.10100643920613166,1.3499278989948074,3.01492437377718,1.3121815722633081,0.3780292744391562,0.3780292744391562,0.4042523111392883,0.17941244615824944,-0.2829503091467948
2021-02-02,1.1381351047561339,1.5901983408152995,1.2387505859621628,1.4745720463784535,0.03684197482519985,-0.066965649848908,-0.39812570777231504,-0.26098782056661496,-0.07969935293612421,0.42744007935776746,0.10779989059066365,0.30175715691632965,0.7827283219168865,-0.7600664172606914,0.7531209680988326,2.1055446240306526,-1.0381452383499579,-0.6388395739532278,0.1860977701177894,-0.28406915718597303,0.04880522784151236,0.390410877401895
2021-02-03,1.2778018680042988,0.21869447624725458,0.2381933035388115,0.6436680650705331,-0.07373557942494557,-0.10514632110096764,-0.31548019237685426,-0.3848482384405051,-0.09685169738940362,0.22030282829904663,0.08357319867391101,0.353972431858164,-0.11193249567423011,0.304720157857183,-0.8949717978199607,1.8099084834486947,-0.011113459431115304,1.3294658377351176,0.1400637421493965,-0.08697854700694879,-0.004882642393426441,-0.21003329336389934
2021-02-04,-0.30517505559052405,1.0986977257752706,0.05025260915875729,0.004435365507820224,0.03689360459976046,-0.06528754806645458,-0.6710368824551309,-0.9505439263927918,0.13894720106470068,0.17481955265444,-0.3377390727739147,-0.07777664090251217,0.6543033828804679,0.4048519146741491,-1.0795689960778463,0.9519815316634197,-2.207986090157396,-0.25905389468409673,-0.03142239774388117,-0.01276273471473849,-0.11648817606336093,0.30740307897867863
2021-02-05,1.3660650935973162,0.940881290071092,1.199192086524219,1.405214367361376,0.14736249224625902,0.3361240975667523,0.6008399420826973,0.02373613443471179,0.2812532956672528,0.6966491666798234,0.7888394276280323,0.8173471591202295,0.9004919031693762,0.704588004389777,-0.01642636248725091,1.5480426220014514,1.5304163858403572,2.8459584149098798,0.5480415165712659,-0.0718818951156167,0.7592933287871415,0.11970607374895217
2021-02-08,1.6446924967297796,0.5565327260648845,0.11241054331149669,0.014593370878669817,-0.1105205174210514,-0.12065532482176111,0.3555472950264661,0.5882101468969088,0.2663659532543404,0.13363198550191266,0.348849805350497,0.29949493475767053,0.3802224465074761,1.4932996325297785,-0.21363261908347117,1.781777868254967,0.8389231494240517,0.9443789208148861,-0.16305207166722946,0.5155565304509148,0.28982257215283247,0.8438348522674438
2021-02-09,0.09881447792242898,-0.24703344069637728,0.40041949415428185,0.8788805639342614,0.03685691357377359,-0.10409831562400154,-0.02118533438627078,0.0884166299545041,-0.3357030965562296,-0.3628694700599424,-0.12164218107772251,-0.17484688389032732,0.16891394024692388,-0.5449597304553233,0.11946754590873483,0.40848297881794216,0.1455286342352442,0.9148705187079694,-0.18043064659991154,-0.1481603071607265,-0.12164218107772251,0.21231330504801615
2021-02-10,0.2958520869383772,-0.6489695646344968,-1.0568709719982445,-0.2547433180462064,-0.11059249299871236,-0.3514172307255817,-0.33590318242671285,-0.4308283547378182,-0.36890428985338014,-0.6282714462086536,-0.09343344411728291,-0.11070347397020551,-0.0669049399885361,1.5704689157326086,-0.3420324092487049,-0.3249504494593769,-0.23994253432304152,0.7793171263425288,-0.605385597251019,-0.07731783300908102,-0.11554675037064839,-0.1789541170136622
2021-02-12,0.0,0.6131582240202815,0.7277919196297707,0.2069045842069853,0.18425609684600364,-0.21022182440635515,-0.5857898745673646,-0.5314405284582663,-0.20578726920454674,0.2800330800830917,-0.315579464940352,-0.06147180881690109,0.14268068758804464,1.5655806223625712,-0.43909071297838964,2.578982917444866,-0.18381661061240817,0.4202176257420244,0.12036862454241638,0.20170216235522553,-0.013142716844212232,0.4852702166264305
2021-02-16,0.6792929209185907,0.5282379371095071,1.566513310137046,0.8567971516423294,-0.03690722100408987,-0.10933632405239185,0.1476410597746107,-0.032437601394119574,-0.0930272774204631,0.45520435153310307,0.43311201542830075,0.5501798503930175,-0.15826292069848474,2.7686574485918958,-0.6548561904922484,1.8837056832717567,-0.8308807963457917,2.185029840282113,0.3117219587174291,0.4020369600183261,0.6178243113631748,0.6001806354396867
2021-02-17,-0.29055780842804385,0.7000433620676827,-0.3702039331506155,0.7116105214868205,-0.18465489764390927,0.74549318314158,0.5819922073760243,1.269076630077739,1.1768754190262602,0.6428943545177759,0.5626197132283166,0.4212859113000514,0.5532938403098415,-1.8532365643404187,0.24997300474148837,1.7589848916188002,-0.46467944020910307,0.12823076512969062,0.6770991832105014,0.34899851613864696,0.5034746492324343,0.06335520675481747
2021-02-18,-0.9746621601008629,-0.6548666112090095,-0.5158857561676474,-1.6182193694693279,0.11081861301049714,-0.23688250019779203,-1.0684106820358563,-1.0178078148803893,-0.42199404039631677,-0.36542787141436456,-0.5948397006219148,-0.3999375378207153,-0.6572313725476114,-1.8393438448371218,-1.7252808194397462,-1.7562110338235366,-0.23434673434231773,2.197544127014178,-0.22833771190800206,-0.6364541330607982,-0.39508475166762774,0.02800255144395975
2021-02-19,-0.6879787365829207,-0.37434084841442233,0.010130554051773369,0.4476081653611986,-0.18482003947717052,-0.6001232009047601,0.29688891633231695,-0.016615789326452687,-0.9233550878173732,-0.1862010113436828,0.4937140865474749,0.7025249307165973,0.3775556972175121,1.165619023038466,0.014795688877022631,-1.6735731166152692,0.21637353426096018,3.4937297744518876,-0.19762350430217898,0.20060212453120477,0.5381777956526287,-0.08404978427550043
2021-02-22,0.44280967873940497,-0.9028705199802028,-0.4344834616848905,-3.1123214463977567,-0.11102373124489459,-0.2938490715116535,0.4354841901006377,0.3386473329124816,-0.7559409624994681,-0.43973558391162204,0.41699795467845246,0.15636046341285642,0.6980743528883658,0.6257727411035813,0.480285077687508,3.822376809237371,1.355119834991911,2.113925982690537,-0.1307033402042558,0.15253003047608352,0.32070759847681846,1.4097107864144813
2021-02-24,-1.7830987629889279,1.3803389802607218,1.0973231903685579,-0.3594989068881569,-0.1482746617649853,0.1468951181255832,0.4117651559021024,0.01821752312044155,0.4352877441153008,0.3872345258933539,0.6011278658278724,0.6151318385373288,1.0463009439249777,1.8069734526057848,-0.055070932272739896,2.3767247352954053,0.2134188397589367,2.8583476404651824,0.2843966724562008,0.1541201104085671,0.6345025987472597,0.206200533093596
2021-02-25,1.340289084249514,-1.8132462207428466,-1.0550821005972968,-1.67931220074559,-0.2227770995149755,-0.7160901768078489,0.8326052922344017,0.5777400125115966,-0.9700277721067038,-0.3269199350337808,0.4087415166679297,0.6001169743662352,-1.306689209125529,0.23535385435074957,1.6655602785943402,0.5317078347031533,-1.2737088500900766,-1.794818771060858,0.6258719564406441,0.7957647054748965,0.8326052922344017,1.3633920019789532
2021-02-26,-3.7683282292455127,-0.10685869364635209,-0.7267931090418225,-0.9397447919816131,-0.18604826133939986,1.303511628296842,0.020863418419826692,-0.6102638362484158,1.7263040539844696,0.10948543082852512,-0.468771846721924,-0.8335922485415824,-1.058878005452777,-3.0551345133253047,-1.2912629160933582,-2.3360286638156738,-2.0382601111536798,-3.573596177979262,0.409751342261774,0.3197828402138633,-0.6102638362484158,-0.8461653290196066
2021-03-01,2.3780341660122573,2.5116213864096095,1.8486158161982802,2.7612684938489855,0.2603688388659231,0.004031755102176926,-0.04111568208917875,0.5338550594374323,0.2141739350662716,1.2329191466989888,0.21407820481974227,0.3259195020044444,0.5593761620780962,0.6281697751130187,1.1097313927310983,-1.6171635685912331,-0.05669460132271176,1.1864515297057774,0.11649699418474402,-0.47190415017929555,-0.12022018650187166,-1.3726269796808281
2021-03-02,-0.2503032263857913,-0.4571661512001578,0.6626561584322814,-0.6573942010493923,0.18552667931077385,0.5077898537525405,0.11684861031783984,1.0410699253989792,0.2126405532916104,0.17681975231667868,-0.0007168805781935428,0.14948401565013522,-0.6415519211154683,-0.38609314626710073,-0.17352986881094545,-0.9877929071699935,0.8695331287295518,2.7021769852434234,0.32621829207752173,-0.02796243427000243,0.014110040496464983,0.5821510615143821
2021-03-03,0.4501178617294506,-1.4204886704358017,-0.7611109238905496,-0.28863257857273383,0.14822929509707408,-0.6240288277046921,-0.5625809440465391,-0.9255711258079478,-0.8323891012305086,-0.4095109568157055,0.03133278179841578,-0.061775099124759,-0.6607259558060644,-0.09673822603352732,-0.7315047579664257,2.548225219617751,-1.1953428535203234,-2.0696431750913122,-0.0870700160682654,0.23668081166629348,0.08328660089964132,0.5955335085883776
2021-03-04,-1.103877423061324,-0.9645829124801254,-0.9018692662434922,-2.0763652244159863,0.037011087376625756,-0.21560051035710376,-0.07510955639346212,0.5295729870511787,-0.5395347736886188,-0.10075848355427904,0.09597129216794209,0.21203553454735535,-0.8650149755059606,-0.6312493996933849,0.7679060460154824,4.865193267280475,-0.7079485586024375,-4.093206232106715,0.28061100812090295,-0.011626757902300996,0.09597129216794209,-0.5822855282428825
2021-03-05,0.6036180757418653,2.657298907950672,1.5325878038599063,1.9176921924440722,0.6271965147062732,0.6946007996110688,0.7769212844240101,0.6159220704572764,0.7034636301692208,1.1349784401340248,0.38244750067710487,0.19107454875431532,1.9224700204105685,-0.9789706549435413,-0.7963085890879301,3.965700134314149,0.8972372875066961,4.063071056016568,0.8343759454293517,0.14718035083334807,0.597885233399804,0.28496667873161224
2021-03-08,-0.15055456330986317,-0.07022977275334666,0.2993524635574409,-2.30173331544528,-0.5532058717429115,0.03483079522727083,-0.5467715569901214,0.13024628557708473,-0.5079750474987661,-0.3011186243117134,0.15411381616857392,0.4203277596675071,1.2886317232624467,0.5396384687972648,1.7889485979446784,-1.709014778675046,-0.6133467060239515,0.3494233019470099,0.4288847987901928,0.07582227443514802,0.1392602332651467,0.3404095165835378
2021-03-09,1.346982583646631,1.896136905501828,2.021930207683195,2.6502223343660702,-0.037002789749507534,0.951194286878763,0.10648532368305859,0.663440032552729,1.230221076929275,0.6179299076717051,0.43701232066997364,0.17155457610011943,1.1383446193852473,-0.933921548311274,-0.6914853808379364,-0.42211537528515275,2.5832841619228875,-1.0433740432137426,0.4784781424739393,-0.14319198152892382,0.2586874891375129,-0.20003218844528353
2021-03-10,0.0,0.28768093803493944,0.3349683232186492,-0.7822046271426192,0.0,-0.12348612408894691,0.2928716617166671,0.21646569435686733,0.1370119061240288,-0.0197737633563761,-0.011344816905310357,0.15435529281563956,0.660046721377995,0.2466212351314854,1.0197531547772758,1.1179561443243713,0.17568384363739092,-0.2521770765469316,-0.332848926205637,0.03639614836582782,0.14466794016398404,0.4354836302323821
2021-03-11,0.39564251456898103,0.8751720696016099,0.781353824905135,2.970247826225703,0.037002789749518684,-0.16853210346830977,0.2789521182289782,-0.098515474618795,-0.07220147337594246,0.23609148115244968,0.36408608229453077,0.8256568831813194,1.0272138774868536,0.73619801151501,1.0235504682096563,1.8134381527602352,-0.22027761662190534,2.728246434325227,-0.1336389663536355,0.12304610101259308,0.17095987204417284,0.06682947570531107
2021-03-12,1.226413801773567,0.24797618811839214,0.050524365314806564,-1.6854962206260655,0.07395499817636816,-0.6128098513871066,0.5468714310083598,-0.6088975010990897,-1.0452646988712544,-0.16375301432623185,0.45663589062544957,0.18811483023773995,1.7752299565128034,1.6970042632915894,0.46381434670344085,-0.44874317420325066,0.09479735215612577,0.34820354753499916,0.11337187212525701,0.5960093172666185,0.5308700682775104,0.8446370329598049
2021-03-15,0.9221184402739582,1.1109377907787097,0.37486105525871066,0.7568708535778249,0.0369331818532315,0.6392119899705354,0.38235545075111693,0.5911628957508486,0.857615220356065,0.5279065518257735,0.17948771848581674,0.0731831885529455,1.9898401581808955,0.3359795289359151,0.2245021249146572,0.31323339551395724,0.9550579215369037,0.4381527052247241,0.5163711605320629,0.23036057130497722,0.08299597966533126,0.18700846987943773
2021-03-16,0.6260536744060707,-0.11062594104634771,0.14140281839525545,0.4396544218562132,0.0,-0.001937778015241502,-0.5193539456600871,-0.18085217390994854,-0.05411263627616957,-0.2159448259936707,-0.256240828504733,-0.16877093101902926,-0.39392257747047976,1.851455399602152,0.9461963319708265,-0.9606902302240754,0.10802514678985536,-2.1597016383145826,0.015583819077466499,-0.1788668264928091,-0.20800659741361102,-0.15807774162586424
2021-03-17,0.23975468147981807,0.24413924571266019,0.42101436588583857,0.03243435476514058,0.07384450686847474,-0.26308505565622287,-0.28214108103770846,-0.5042267544862824,-0.0033338424867719305,0.04266641786247461,-0.2674851514194541,-0.20559821219917096,-0.009950999100988995,0.18797339725911574,-0.8904985554365363,-0.1190842866763698,0.615696694478636,1.8440084260464,-0.0962613862775977,-0.2978011394166428,-0.07802353662862808,-0.13663272175990557
2021-03-18,1.2375181192109952,-1.5922746469260052,-1.3695081936219422,-1.9812741361886592,0.036920847463018415,-0.7524479677836247,-0.06948431641082568,-0.06934235125360828,-0.7011595452379162,-0.8935157331576679,0.27042486330801035,0.19792788624108767,-1.1460684274098971,0.7017699664886122,-0.5344726530967875,-8.079586263710254,-0.7093492064612192,-1.9071179575192325,-0.12665244850203589,0.5495051857886463,0.40434322274266926,0.7444676637531309
2021-03-19,0.09456288448370449,-0.14848530355780065,0.10005027031851521,1.2646408107855212,-0.2586563241105894,-0.0251533906627976,0.11187863809998444,0.09724436575436995,0.18457702701791648,0.42091877491108587,-0.17309061375251317,-0.31205117482023714,-1.3351677594640314,-0.9367704728438623,0.9870450109733985,3.1984681189991933,0.45416755895197125,0.7130787009028415,0.03672807726933052,-0.5055829894430057,-0.3218929308042316,-0.7231564552099687
2021-03-22,-1.0451360749938106,0.740225604727236,0.29543302892227363,-0.35140408809829904,0.479819641960678,0.2717137992479555,-0.25812024261874517,-0.5584003938362251,0.30187691436323044,0.3044555844421515,-0.5362312896205053,-0.5941254239333007,0.6496473501525052,-0.23558998023706615,-1.3816976670989243,-0.1988439927634208,-0.2022280100113897,1.049021213541067,-0.05509367184261311,-0.34801474585684555,-0.7219314818227022,-0.4628202254439491
2021-03-23,-1.0079336663053147,-0.8774703751461483,-1.5546395614788326,-2.015995576199051,0.07357142704233297,0.4053032560234874,0.38373808710752655,0.8703770836897905,0.2066590919507332,0.016890333476610255,0.03967408089801568,0.10910452445402596,-0.23002360582466694,0.47059048659232866,1.3485038345398206,-5.8609792902459,-0.820039295204895,-2.8304660455470967,-0.08729844688983869,0.3356841497474007,0.12875411781111387,0.20675831306056985
2021-03-24,-2.046860140883747,-0.7452787645370264,-0.41251455756205463,-2.5499778673199396,0.2939159140010224,-0.104099735372744,-0.9419509846683336,-1.1292595029588337,0.0651106318612232,-0.17785053429260922,-1.0883807440155748,-1.0744363040814098,-0.7976432604773882,-0.5177794715887608,-1.1409035469006468,4.912754818792767,0.10985852291052348,-0.15504537045555455,-0.23562739741710023,-1.023681318870422,-1.1923149158229567,-2.0700717061284837
2021-03-25,1.2234061569975123,0.8094727837097115,0.762216074599437,0.7118109036908002,-0.2203132421642015,0.11696933711421705,-0.3047423420941284,0.4038233521599874,0.13291094407052106,0.4217227367190497,0.05685339220509064,0.03391514180462488,1.2615038781678223,-0.14165032667513353,-2.004673359052291,-3.5877279379528866,-0.11553014909471307,-0.3979692821992544,0.24849699915857515,0.01945148712633577,-0.05437841093951298,0.0629983112222448
2021-03-26,1.54444272149064,1.9555727797023532,1.6772306983236063,2.923880053316587,-0.11037687348358426,0.022919673926804593,0.22670657488754836,0.30810800324945103,0.2875290812411345,0.6565013055086049,0.7043497624861881,0.86195370744862,2.4907044524715523,1.6870004685689388,1.293795763357426,4.385969573591675,0.6408692319711,2.0052097191840175,0.35693181029886406,0.05057040796412817,0.7933240044623658,0.4060950740950136
2021-03-29,0.28694492870087857,0.5084631694262852,0.17901253977138157,-0.13802932639166302,-0.0367972253955901,0.21503809852787772,0.4627113048220721,0.5790396265516595,0.31952932919579885,0.6164884645056284,0.8454432438193051,0.9069174536714878,-0.024340615973892105,-0.6059322311935985,0.2623312524497097,1.4936784970490253,-0.6377511901956843,-0.12115726873543342,0.5589816886820951,0.6519858994966763,0.8677008049877368,1.1071490807689985
2021-03-30,0.09545238061861978,-0.22469596589338908,0.1361082347199763,0.3618158777283957,-0.07366360384728897,-0.047430693486111015,-0.2861967534524848,-0.7437594224664718,0.3498319901089916,-0.20076222264922347,-0.2215595022585018,0.0004016248688920471,0.1708917372140708,0.8843526646357971,0.8819238786907527,-1.7643436011044074,-1.6829806000379606,-1.4147730969306094,0.040976901564975174,-0.11752959412684844,-0.07303599888178312,0.08629513597553097
2021-03-31,-0.9587758526104228,0.8306240383801524,0.26748063476927575,0.9335761133134973,-0.11059249299871236,0.28453781822103263,0.03462585194794723,0.013783796618137794,0.6878905355328102,0.9090117356175021,0.5444691042667307,0.3865393297765285,-0.18165944332481027,0.5084246341293693,-0.7891291043800304,-1.1406452724260503,1.931490355489217,0.7108259740589749,0.42609280603830957,0.038676608976705086,0.19581864955872177,0.023384926357679216
2021-04-01,0.0,1.4767194917369213,1.9930758838921883,1.3727630291861872,-0.2585607553651684,0.8446541716417613,0.7706195700396477,1.1202912489880519,1.0277583995654525,0.6141668659048616,0.8500724637247822,0.9070890611551122,2.204259739273068,-1.5799519221866078,2.079769909439997,3.583656289276127,1.6575168504456246,0.9696452227503531,0.40261500108646425,0.43290635913843817,0.7020849456448793,0.1928533705525469
2021-04-06,-1.2446337758966366,-0.4973448304195697,-1.3485806105766678,0.11504721218508122,0.2217354766475738,0.047114663528146895,0.8974790659148978,0.6908373519798606,0.22888732663818692,-0.2661552804255568,0.39687520178736685,0.4190344174949375,-0.18297936429188755,-0.5060993276381069,1.5954186880776093,0.5990387649422608,0.3613930729622654,-1.3020325531265418,-0.4382685999646668,0.0015351247380023857,0.15472520540652368,0.06638975569563435
2021-04-07,0.624263236431075,-0.2479849443019584,-0.1469000489112128,-1.8459990111642288,0.14756364789205836,-0.4253159251612241,-0.01877928254800117,-0.8603085384648663,-0.5625768906167851,-0.3981191595404144,-1.0280401685710698,-1.0078564692233687,-0.289328651011566,0.9639490034270835,1.1502201637208422,0.028688019773516205,-0.6458915071956968,-1.5536838415131864,-0.3636612935380426,0.11743161444776005,-0.9688427566415059,-0.24681431163690606
2021-04-08,-0.7206557190454692,0.52726669536423,0.7472720983448968,0.8717101386645607,-0.14756364789206056,0.39668905259512094,-0.1459578610425109,-0.24708027504252625,0.42063279753276983,0.08817919836208621,-0.530758862069556,-0.52169467834566,-0.31850557146646796,0.27374165872723194,0.3360233963587334,-0.04422410979438149,1.123184918045859,0.8882224681841694,0.053721332359713055,0.042174723104571286,-0.5899562739991298,-0.6376423162966622
2021-04-09,0.33694795203143607,0.24807483239473022,-0.3535304487859027,-1.331650209526965,0.22158685616899845,-0.7400524766121143,-0.8167435967239477,-0.8462005787480152,-0.6825173670519257,-0.5451820193672064,-0.665304793604858,-0.5979904840343174,-0.5935882085765357,1.0423960807868902,-1.0726531674382245,-0.9182494878439829,-1.2329160158728134,-1.3906489945125946,-0.47631332246080726,-0.11814344797207814,-0.5394764912325464,0.08485565201340955
2021-04-12,-0.3851656637305423,0.36882147124580644,-0.12888177615139354,-0.2669783000710923,-0.11075107087104334,0.2707622428713067,0.19234136172844904,0.19234136172844904,0.3094534815331987,0.2291378968652912,0.118268642879284,0.15331622745118317,0.9174160564564924,-0.951319750978671,0.06395679409787171,0.9701137299554945,-0.2758242295120319,-0.5500990118608937,0.33238251949799363,0.18712466437913253,0.19234136172844904,-0.08485565201341076
2021-04-13,0.24090316981714896,0.003807512860657588,0.3223915034685675,0.12031261158802621,0.03692748535461072,0.12095325946215338,0.2035307655430655,0.03534941293819957,0.15042908599397115,-0.22330113905511462,0.0024640745212412777,-0.060809483267218946,0.2050609095350693,-0.22783264676502335,1.0044860820011492,0.9229350743809938,0.4140021885161837,0.06980890794911115,-0.29214665881284135,-0.16716674694029415,0.017286503858801972,-0.2526037389257771
2021-04-14,-0.1444709112892068,-0.7544081769371742,-0.36634046068660125,0.09159013041229423,0.2581871326644114,-0.5351630660590407,-0.6122051587076544,-0.671815660216026,-0.549419094893171,-0.4581739179209485,-0.486130881828004,-0.2944626994822705,-0.9413393428498099,0.8630549067777206,0.1673847273680523,3.472623702854093,-0.8476561895508279,1.4569323662710538,-0.4122782408287351,-0.07217889478523419,-0.3823188161965199,-0.15715776820051977
2021-04-15,0.2887334052026088,1.0409892327916739,0.8412871678307706,0.8804554450552518,-0.07371602195608491,0.6115137243456152,0.27657447942668006,0.9939824894679591,0.5880956300232456,0.3733376302347025,0.3693926011936051,0.25630360990985684,1.7077981555551192,-0.7262985898209191,0.6008469609458014,0.5054109517327007,1.5758018364762223,2.808145869404847,-0.027551817363044556,0.22095296408744322,0.11005449693266979,0.9856026771555431
2021-04-16,-0.04805547753906666,0.14525867153021876,0.9884181300601617,0.0694847109919495,0.07371602195608762,-0.45935402725973873,-0.474765574180478,-0.5773797490514988,-0.8727134443210771,-0.39438609648004336,-0.286128672853885,-0.06752126921013726,0.03026304292507394,0.816681716920843,0.6001472236824726,-0.3966418310455848,0.4145277166175141,-1.4603667589954008,-0.18842856486109497,-0.29932973312296723,-0.14542506356198834,0.1520586435535835
2021-04-19,-0.09620701637434377,-0.4649260216832358,0.0875841962064047,-0.3410547358670631,0.03680920978973113,-0.07742896960266064,-0.6838290447311786,0.45885112491385716,-0.23216377723814158,-0.13288490361673663,0.1748566765338028,0.06424994594191336,0.22508431886638924,-0.3621411124567475,-0.23640438308708567,0.35129505048464876,-0.24931571594325141,1.6817925829929636,0.027596757092975294,0.01998399645062861,0.2786533478475313,-0.4640040900881557
2021-04-20,-1.6008109128618782,-1.3076948961269719,-2.342273915283746,-1.388726099685421,0.0,-0.2754761841980015,1.238365726920523,0.9179026242518472,-0.38178248494842926,-0.7451125158548114,0.680987838867208,0.36325475206873326,0.2440814164309391,-0.4090059418380911,1.2922015502208388,-1.9207494933134017,-0.2178127010657152,-1.7240362727584941,-0.5728369007598134,0.02920650998807458,0.6661457158286629,0.07628667277705774
2021-04-21,-2.1251127151900264,0.9741483486017133,0.9436931897231363,0.6449063264449086,0.18389984769722245,0.08475078848834136,-0.2985994233874769,-0.5582106766838566,0.3753283371151121,0.36513344939744097,-0.28317612417953036,-0.26422390756134345,0.6893235836348899,-0.3192763213532303,-1.10117501356734,-2.2633137958407743,1.0186124046780853,2.3216801985785662,0.032376173592717945,-0.03842398397986623,-0.34247062278438556,-0.4981402649079175
2021-04-22,1.831282195737395,-1.0044796195962677,-0.4353302794290088,-0.4391724186133302,0.036746986912322706,-0.008427850676286989,0.35657820424511183,-0.02488142276150645,0.011933936383613068,-0.2704283955571284,-0.07351862870009787,0.06258573707665764,-0.630697763093548,0.27374165872723194,1.3444776314837166,0.6762102678462995,-0.737394849268039,-0.8442648442239952,-0.08696942610594235,-0.04228696158941845,-0.1327974686538786,0.3275972288902682
2021-04-23,-0.3438867947026106,1.0219260421305432,0.9248676724320745,1.3815953739888345,-0.0734790905022306,-0.1873975235317041,-0.3848601350444944,-0.6935917706297706,0.027052863301944043,0.20712787074830125,-0.7591756219375039,-0.6710239679687151,0.528175770154967,0.5452247846264838,-1.5174741891437826,0.818743497317592,-0.440358612584093,1.4524104759682577,-0.05648133320643847,-0.2548272508819496,-0.7295568316540664,-0.7259811154517234
2021-04-26,0.19665054773459734,0.11218113948923579,0.20368623859808482,0.03167765811370079,-0.11036260416302197,-0.2011826950415593,-0.040960656232137196,0.017729571035245268,-0.1418941972427394,-0.14218476298416433,0.11926709260746729,0.05551151967728088,0.19978692578779397,0.22627213748916283,0.553470055665112,-0.40299257358947055,0.16771668591934152,2.454141781408228,-0.09635888123963515,0.533556207849438,0.08964830232403075,0.42114074533795515
2021-04-27,-0.8880198654325792,0.2820333447332792,0.333537154447053,0.24873808314780513,0.03676318615201427,-0.09059405089209657,0.19299630874798482,0.3281879827270884,-0.14568239336311367,0.16610207163985116,0.4595424653865331,0.5018253682473021,0.293392333013923,-0.09045845180262002,0.23571011154909582,2.1294903345897356,0.05154533091036704,1.2118712918546304,0.30359982183477235,0.217521981710502,0.526221449285908,1.0030643305368006
2021-04-28,0.4450059279513604,0.47645804645406004,0.8191404930877234,1.2523761832911646,-0.07356832609631196,0.636733813230714,0.651869249532459,0.34798699237605096,0.5204038980123096,0.6999085174570969,0.4754887803735243,0.5059059943708831,0.2907897818941424,0.13564324660783647,0.43972689071345916,1.4747111890386426,0.7991851747306042,1.046206636678451,0.5051787286028907,0.5972890335128543,0.5644828192397476,0.12912001055715408
2021-04-30,-0.4450059279513642,-0.292172054990005,-1.1364879437975863,-1.4139615031409423,-0.11052523174579873,0.45484741954771823,0.7150687043129937,0.4095044338071233,0.5731579122640182,0.3212959466963775,0.4482776101858584,0.3223150376155201,0.7614482958261742,0.36086181092784236,-0.07443568628448807,-1.8951207393839087,0.029582229766313074,-0.17830290335965937,0.3670524490148415,0.28134914705575054,0.3369514658153149,0.05904669009335284
2021-05-06,1.6708046416477114,0.6947148792310908,0.6462927430754972,0.845981720640442,0.110525231745796,-0.0569546992926329,0.6631750417104944,0.21143930866690636,0.08932412217920675,-0.13507334973020357,-0.018000477530609883,-0.04388585730417465,0.4566391012048199,0.44924516832918787,0.5767258178751711,-0.6620226628045339,1.5535353234469693,2.027076261922428,-0.10066495008108434,-0.1592396733793651,0.04873600016719629,0.38701674659926394
2021-05-07,0.04871781005564258,0.5703232818160718,1.351811821681531,0.8743668841750827,-0.036809209789725794,-0.11988676222362186,-0.3181758824260273,-0.1021295516518073,-0.11689767949498846,-0.08615420716188865,-0.17980988999854486,-0.11494690910082578,1.1539405556738702,-1.6723579858474689,0.17387618477473607,-0.10982784750152247,0.7408050930422942,2.16881627971196,-0.1548536423399119,0.3015002117209277,-0.246546367696337,0.3066607777969868
2021-05-10,0.9212175491596493,-1.4344961508494463,-1.2045848576348062,-2.247460376981799,0.0,-0.6404163713653931,-0.42776953561010883,0.40384232555042127,-0.9796553950361891,-0.6685353598176473,0.48795436358751815,0.5502735046119336,-0.469742856603921,1.0519432665746267,0.6892100272125562,-0.32682703588459044,-0.13670643203638608,-0.9548509458225234,-0.4392986193218861,0.4520770395786738,0.5843816976561107,0.46878357593407516
2021-05-11,-2.393272331709607,-0.6462376566219604,-0.9087752201419764,-0.029440167428083225,0.14719348336418264,0.08380282845514336,0.4940991548348762,0.20592381057827086,-0.1167426977673715,0.1468581657113335,0.7646261611343732,0.7180506572172849,-1.0178524645870433,0.27258680689455145,-1.0192274036483195,1.123190278912739,0.26764311042579214,2.229125724416442,0.2502146256776223,0.005300295518687838,0.9131476868577175,0.024607344432871794
2021-05-12,-1.3937542039001467,-2.266014153428135,-1.245805455628219,-2.920748398562421,0.036783470532852205,-0.6019126910650915,-0.6956703928128908,-0.5888626784734587,-0.6638815702883857,-0.6022820884473441,-0.35672123321518295,-0.21352042653140255,-2.682841693314937,-0.5003653857498986,-0.5458988882132662,0.658416236683189,-1.1169418707977667,-1.7878530787423057,-0.11859352945246783,-0.0900970224093473,-0.09628312188132017,-0.1512807208345727
2021-05-13,-1.5660844059365937,2.063219258247897,1.681995130887336,0.7346345021366044,-0.2576929758531188,1.2033047651750266,0.6333181913697163,0.1401866151457469,1.2457649392235153,1.2263640439379304,0.25650105097006315,0.392508488763654,2.159489285205644,-1.6551923349636426,0.28902309104381557,-2.2985947024109543,1.2790331508071238,-0.028035889982802813,0.8691413648149602,0.31988724497068416,0.3534302596699433,-0.4847098472012785
2021-05-14,1.86639261130613,1.3888037309086787,1.6922300850191259,1.6561600669986722,0.110525231745796,0.08419656616573716,-0.031776041391645526,0.1984997256735729,0.40820687066805,0.18657348945543406,-0.07823133237246738,-0.11523263840910149,1.0461883546727466,0.5547595389728002,1.1227165047311523,1.8984524261475357,0.7724051276886361,-0.760923595531625,-0.13505123350725803,-0.1397858386115681,-0.24219682918372964,-0.24442037714256976
2021-05-17,-0.3504496909595579,-0.34976115411858527,-0.1391840945433303,-0.1894791897216537,0.07356832609630459,-0.19137863450805925,0.14763281557419486,0.3156330014505615,-0.2095823127704829,-0.2786588409216515,0.20046019703934018,0.38998806807663994,0.007966204050064467,0.2302752363558216,0.0782152751447889,1.4144583153909718,1.062205583860038,1.1872888827871237,-0.09500500987615754,0.5083090269758705,0.2973113539779698,0.5928910133085419
2021-05-18,1.592070534905744,-1.0208023508416293,-0.06715678925494564,1.1777088953714696,0.0,-0.15550214779452087,0.021895812733017262,0.14940712804756534,-0.4844668494850486,-0.3970202659525138,0.10061443564752788,0.08482377107209879,-0.13493211838886196,0.2755850571394835,1.4962429410932492,-1.3746222892590059,0.03892597280336743,0.22256567490974463,-0.15550214779452087,-0.10687411933978873,0.1677287755201391,-0.22353655334327624
2021-05-19,-0.6934033219365966,-0.605479787195757,-1.4377732997887078,-0.6418269272228029,-0.03676318615201834,-0.6415678101371586,0.35457507106110514,0.10261402065636446,-0.5193895618757532,-0.6081846522671961,-0.12926869305902913,-0.20863704729521876,-0.6623695153151536,0.8678006610859422,-0.7699000315738309,-3.537961873996371,-0.27440887436423456,-4.225227559954767,-0.3429470706636393,0.20236237840251717,-0.062135443334824104,-0.13908825307384726
2021-05-20,0.04968611338812393,1.441385157068891,1.9066118013048663,0.9496320903396105,-0.03680513994429205,0.783866635399544,-0.37278210242502186,-0.16033485467322584,1.0523368453058897,0.7976009852223831,-0.1928056341330655,-0.08823238509034076,1.490000863990585,0.45371186558641385,0.24785401983662136,-1.8403829695348057,0.8270129516264093,0.22856730785768228,0.3713257720522909,-0.05789242712084108,-0.21519929117099384,-0.5037256826748616
2021-05-21,0.39663014561117,-0.4605615308197467,-0.32007313780684926,-1.5386549444912374,-0.036809209789725794,-0.3436722582689627,0.11712255989164667,0.2082326222038286,-0.3100617296934665,-0.22929337318896248,0.24216007756316932,0.23873869622143565,-0.48078138138794174,-0.544700413668361,-0.027271563988134722,2.4528049863353756,-0.3332234370634503,-1.2755373521817328,-0.37867035390569653,0.06990947896491462,0.18994295553536752,0.2592706650845902
2021-05-24,0.49357878238254604,1.0684256999996558,0.6963426245243176,0.8787783463614935,-0.03686070323346585,0.15045081886417666,0.14898830075751626,0.16464797880538304,0.32816065117872517,0.16893897016800632,-0.20266029340787428,-0.2255848751549427,1.2929177661503217,0.36345850948056335,1.3042870068240513,3.0300542418957956,0.23013038201920516,0.7365349083295764,0.05418163324778924,-0.30027385252841,-0.254856696033965,-0.48001371140803123
2021-05-25,0.3440694835615292,-0.2845710673830504,-0.0188258623814914,0.9218654058171507,0.0,0.3043141764391703,0.5849331271497756,0.3654042331412826,0.3092219585629217,-0.05102806057060215,0.18725653758088276,-0.07880409873374768,-0.09274037891005138,0.40735889818739185,0.6167821212176765,-0.28482759558800247,0.8407384097420555,-0.4928716834576551,-0.06245194169575794,0.18072708340598234,0.03830558982049416,0.23259035353931906
2021-05-26,0.0,0.15323447332099915,-0.33629137393667136,0.6914768258426697,0.07366991302319256,-0.15842251588097875,-0.03201705388366494,0.2360683676332685,-0.09801151595170217,-0.010629183939289818,-0.06978988059798158,0.07038667638755215,0.3981168365699469,0.1804853439053786,0.369494229552242,0.5763793638391345,-0.21937887899810918,0.02684444501485266,-0.04502209713147635,0.23745053451860446,-0.14419527421245293,-0.06283387486189561
2021-05-27,-0.6399215704999165,0.3901481286221724,0.6434531462680521,0.3560097076251687,0.036805139944295365,0.1629902593776348,-0.6487706647440716,-0.31578001707479253,0.03418692102017818,0.2918381019480098,0.0733792471764868,0.3985319191839116,0.10626759072913708,0.22520049599443642,0.5710677683103487,1.1090052201750094,0.37705679519432467,3.5192580702549456,0.33765489626535594,-0.10061458699150586,0.15522757360738212,0.21325396520819098
2021-05-28,2.1012273129083088,0.762336477115596,0.8304742045566998,1.2235316470654578,-0.1473303716900947,0.5748647548492185,1.2644512989192338,1.363191974107054,0.6671581650905035,0.5491753038605811,1.3226187757127372,1.2484924111780011,1.1861448332104305,-0.3605441803330708,1.9387134482563266,0.2978081586107605,0.9599279812864887,0.9656325668638589,0.5836192179010712,0.5887844023236419,1.1998909403953544,0.6194326306501428
2021-06-01,0.04891523287498836,-0.37633291501495253,0.4775603110677513,1.7503019945673968,0.03686070323347234,-0.306508987378054,0.38615158187148974,-0.5528305183430794,-0.27526794324133974,0.011731035998550273,-0.19484835993030888,-0.05849846312631513,1.4979437547020886,-0.4973967385355697,0.7707016971239184,1.6955352599888354,-0.5576463235161294,-0.8094746814905218,-0.37739468344103766,-0.02165449829401596,-0.046207295678854766,0.08495610849731355
2021-06-02,0.8763466216089468,0.15715667104375727,0.1438234057254471,0.16057600429864527,-0.07371602195608491,0.11363706034680679,-0.7350634428740348,-0.2837606231439932,0.15959017517150972,0.12618216984369499,-0.3199100140538603,-0.40013135140220507,1.1635287944346462,1.8415020225425016,-0.1679261826326395,1.2227969036399085,0.4878526963101577,-1.4742284040208244,0.0,-0.12700270184226556,-0.5020245816825603,0.1626348200543374
2021-06-03,0.8687267851663572,-0.2787194275038382,-0.6136128892101033,-0.9823330935827425,-0.03684043143263379,-0.16061941767483054,-0.02843228761726139,-0.2176409513951061,-0.3025287169370341,-0.11338325125172194,0.18997940683012246,0.18171927259584844,-0.2769707798054524,0.7095386156458803,-0.41449704274432997,0.24225965029861904,-1.8841242402613128,-2.849331984714544,0.09311784620517406,0.030645429825283812,0.2011162982761797,-0.05888950632594826
2021-06-04,0.0,1.520827080649597,1.4320352435209691,1.5074137298588832,-0.03690148517899234,1.1608379283581172,0.23999835148983975,0.6366765555593722,1.316931973842454,0.8283358743241107,0.3192728141723569,0.23616467242349426,0.6591710485056592,-0.44288136444730686,0.6722544207770424,1.2258964038578017,1.6829487087963526,1.9488059620251474,0.6103853823306056,-0.042600492038362026,0.1634235939864374,-0.46293988794672747
2021-06-07,0.096068392394058,-0.6873853776153115,-0.13202220668258416,-1.0916598779876285,0.07374191661161633,-0.668802690419136,-0.08111939232140435,-0.40590121171443705,-0.6736451407693683,-0.5559304716797497,-0.22817455247806775,-0.09935463203010879,0.5828161038392361,0.9277867553497364,0.883325719861465,-0.5691557286802229,-0.1903556323186352,-0.5184768258578472,-0.5903175532797359,-0.29426171319338174,-0.2059382447860889,0.438189296330235
2021-06-08,0.14392310778663103,-0.29209648678261635,-0.32766020380775607,-0.7992349625251961,0.03685531872261238,-0.026018264068906703,0.002441532990991896,0.16275923324177693,0.06471625464878784,-0.24472478323065236,-0.12225256205012061,-0.17022363522247347,0.5120976216642483,0.9628132867822023,0.9569158665053691,0.968811451892318,-0.6230801743717047,0.1880381289645945,-0.31339339898542445,-0.13507013316699082,-0.21861750118396134,-0.113204349336938
2021-06-09,-0.432392233770293,0.029016464431652938,0.006624264822631617,-0.11073213937752946,0.03686070323347234,0.49077947836341046,0.43949159692665596,0.4830326453075752,0.5399755288876865,0.2583878187312621,0.0022507595138561817,0.1206076565031593,0.31201430048291534,0.08706039040444959,1.0791998878883826,-0.45024477926355955,-0.013643163687257834,-0.32314034327085284,0.17829118467916857,0.05105201098817955,-0.005172070093634112,-0.06963442121668563
2021-06-10,0.0,0.5924584525039045,0.25746979448344703,0.926787387290481,0.1839769538970414,0.48348180127887697,-0.5435698427033293,-0.3878819211436554,0.578959889804402,0.31156044749914835,-0.10541057204491167,-0.09637802671851482,0.8421708973185763,0.5641080363765001,-0.7114564528321061,0.6527749091198837,0.5572327992618543,-0.5558462875578926,0.1287196474953296,0.18295220734284032,-0.13503146188419624,0.030694467977485096
2021-06-11,-0.1445472184418293,-0.01842619038809196,0.14478450704004778,-0.5266102700376023,0.14696092889199755,-0.330445245287288,0.09378600622356296,0.7233553338470303,-0.10121421790427888,-0.14925303057249342,0.36631538094622396,0.36311586646552946,-0.5824304131785798,-0.3901815175121519,-0.44646592532969237,0.31696850607876365,-1.3151672412661959,1.038169493339647,-0.1835494521749647,-0.23850702614181277,0.2182840569620505,0.05309863226979554
2021-06-14,0.28889247449237265,0.4974798528164845,0.5299907144347972,0.5447722114880987,-0.07348183838975932,-0.0380797863361164,0.00849076473645315,-0.4082880826545298,-0.09339551973435502,0.18243412759530214,-0.1319779785847375,-0.1417947769116112,0.6632292348689464,0.47670319464888794,0.5743567775005615,0.7925551989712971,-0.31398861738658534,0.059314300423379276,0.27382802361761843,-0.24057033087011323,-0.0838929652236349,-0.25631845159111205
2021-06-15,0.8139712163991262,0.1185410956386833,0.316397486811257,-0.3856376991786717,-0.03674698691232299,0.3195449043099867,0.25595270120098623,0.11345441994882147,0.37719697577048233,0.29071338454773804,0.1695633102805639,0.2302326637509934,-0.7748080016145883,-0.6506297135132445,-0.08543137456174851,1.6588119304343092,-0.07632386866547718,-3.8262816178396317,0.3021624437087547,0.4041338555730706,0.2398910123598782,0.36597355279234933
2021-06-16,0.04768585360198865,-0.5208121338487262,-0.9464385921426266,-1.3324488257260387,-0.18389984769722353,-0.6486591006628605,-0.18767700096600073,0.06707012194844865,-0.24645484356006112,-0.09808441206466417,-0.1527950869550805,-0.17725405465282665,-0.614662217904783,-0.13063547229077888,-0.6183051341928336,-0.43161642742687606,-1.6645323220389165,-1.1239518875634766,0.03906804599663785,0.05920247906180554,-0.16760434670217264,-0.30094407683215463
2021-06-17,-0.6215636695048612,0.588072584061617,-0.30162933055231017,1.1721028193736744,-0.18426714835742278,0.9787006214767042,-0.4839346503800846,-0.34829961116254465,1.1765043115525053,0.6898530930672068,-0.11535606047477645,-0.2249727653658601,0.4957783614060097,-1.13936253632369,-3.218079908162122,-0.8458939358573099,-2.501058410051487,-2.4052505508259623,0.6212241815895612,-0.45430923230448705,-0.04130730234467225,-0.31015607030028136
2021-06-18,-0.9638652378206692,-1.7607702243873844,-2.37758773106563,-1.1008009390708209,0.14745793856769568,0.16165337985590986,-0.15224413172139112,-0.05646052280999479,0.1198753628379682,-0.4483128927709272,-0.766767375742279,-0.7690129273800318,-2.1168187161286918,-0.17643834055410143,-0.5770080664131719,0.2613600368888301,-0.9588126871781988,-1.2226955232956926,-0.402542172931608,-1.0912374201266914,-0.7593445461347899,-1.160328012829717
2021-06-21,-2.401490141713465,1.3089890712272192,1.3703578110975996,0.31073987249865015,0.14719348336418264,-0.433245955945334,-1.644473434398154,-1.1287086083296891,-0.6947799075170826,0.08178815520869362,-1.1258367242304141,-1.0333235287833684,1.9296093376580277,0.04413211555361443,-1.3228554876988985,1.9342764511239439,1.104866197456782,0.47405154966757873,-0.11245890836081454,-0.4682837086441223,-0.9849388056872361,-0.8516439326631341
2021-06-22,3.125261979037867,0.690058558832535,0.1863201590982044,-0.3032389351598841,-0.14719348336417865,0.33905800694975735,0.6998975449567884,0.4835338389134898,0.3214482659440436,0.22534666975899081,0.8525419272275945,0.9245017672716642,-0.36425911205959305,1.3587999454892796,1.555068706676427,0.2783436973959122,-0.2633003147408833,1.3196747694416253,0.1568665426819107,0.4880657923401796,0.9341949585801489,0.5633488463016204
2021-06-23,-0.4819298044729421,0.13276152436673766,-0.36658784290254304,0.8602635992006228,0.11037753588604064,0.05383332168358916,0.5725946464792868,0.41306681798328737,0.09629857968078943,0.15066942880587667,0.6017905563287937,0.46985603281599175,0.07904980762974505,-0.1743054302603049,0.09418321174877645,0.8585733646000167,0.18717291627618,1.9725962651916247,0.25336059615181206,0.4781285515318109,0.4311368736175377,0.5554197769695673
2021-06-24,-0.19342412548093932,0.9128359496657542,1.2807924640923947,1.2355997256227764,-0.03676318615201834,0.30562517326923516,0.7434865532082743,0.833805617017288,0.5174563851885348,0.6307912275917119,0.39996920075667874,0.4467031406632389,0.10704088441013285,0.0,1.0896808592095342,0.5640689471775125,0.26279831374742885,0.625582120408379,0.32301031250839174,0.2419783928749192,0.4370328876490893,0.5701857488966451
2021-06-25,0.7714551401095396,0.27257720946868486,0.12309074942277122,0.7502493274780273,0.03676318615201427,-0.29069737279812685,-0.5822122920046011,-0.8660523139044289,-0.3438728509312617,0.020458786247599534,-0.49621597920800775,-0.45248882840973365,0.590732991974932,0.13074932798151395,-0.5740604578423351,0.7372571228085827,0.24869010189124346,-0.46036964760832577,-0.08200981703469379,-0.07025659624751063,-0.4331377922558297,0.030922621286951585
2021-06-28,0.19194576756407844,0.11208438636817444,-0.8679520592223159,0.0007601782791174659,-0.07356832609631196,0.22357656011592372,-0.0013627255754278997,0.289791522742634,0.3368282696133981,-0.10065513579250744,-0.18797114655706482,-0.2703945182594906,-0.3812240005917562,0.607902375804681,-1.2635688375003407,-1.512302125795526,-0.09529133001701377,-0.6976580188774367,-0.08929168605515767,0.013596324008547536,-0.25104933350925185,0.02734875103327279
2021-06-29,-0.7216959121267437,-0.14402064727841996,-0.13885753797291447,-0.2698370372142874,0.036805139944295365,-0.145780908259003,-0.2739855515485627,-0.4221322960952396,-0.07853365843279908,-0.07282635945281989,-0.2882475911886719,-0.2755097405878175,-0.4710802434612001,0.30256121134411706,-0.5859267709372886,0.506201400286476,-1.2539147741581065,-0.35047931034714147,-0.1978113094353763,-0.29819378878606556,-0.3142059614919612,-0.49695293372578503
2021-06-30,-0.2901229029174045,0.022623916662490934,-0.9201189652378465,-0.7121406163501858,-0.11047505296747269,0.09451975382185131,-0.2987212172412363,-0.2769058737895161,0.05020857219150173,-0.05012143717914871,-0.20860308239336653,-0.41798949043852657,-0.5905879243821864,-0.43251760693420965,-1.1779758341973505,-0.08153661942735071,0.422682481148703,0.12930655074800163,-0.0614938780806531,-0.29604639150158285,-0.3308755228895817,-0.7844015739547026
2021-07-01,-0.19389292675866002,1.0835899312883899,1.124424513982668,-0.032259881223219274,0.14723823911949255,0.45951140163444415,0.6059122268868443,0.36332610120816966,0.44419417984572646,0.7272865309337464,0.45329440016153427,0.5500968699024846,0.9628021775421719,-0.4779459802145866,1.5924701560497911,2.0041045634661128,0.8749903458955605,-0.42623289603919223,0.5314453843872877,0.16027663546848597,0.45329440016153427,0.32217876916116617
2021-07-02,0.9657202416221412,1.1637830178973982,0.6827465121356313,0.2928831620214271,0.07359941801100763,0.7658381881920523,-0.01582228986326752,0.14364317712707886,0.685512942307729,0.5614319576751714,0.05469022223828594,-0.06938703850517719,0.7051044354693825,1.0398594749676697,1.0183002101880956,1.0128822838637719,1.0560339117078574,1.2455856230655167,0.4023409966382564,0.313735179545554,-0.108083721301381,-0.03001221529755501
2021-07-06,0.1926854581180258,-0.7719946130582076,-1.2254764087951548,-2.3576806767848018,-0.11022882530208182,-0.06405485284289243,0.5755859835687548,0.7586682690606456,-0.22566658178228594,-0.6464955531139558,0.14530171776773598,-0.12423904551236238,0.13903950814193866,0.42700304651828386,1.1107799927872932,-2.632806200812589,-0.09477605725399521,-1.16386494307623,-0.19725363863341128,-0.13595640503064602,-0.04685525985863181,0.10287645156359593
2021-07-07,-0.9671211825859907,0.06927590698170283,0.3375207058543513,-0.39505067422189644,0.11022882530208221,0.008234686584198812,-0.5878421956991327,-0.1951738415915225,0.056998274764963316,-0.2494123820303161,-0.5365671752429724,-0.46583084136876346,0.06442096068906006,-0.17057603908928282,-0.3690683544948481,-2.7998712110923543,0.096456061838722,1.0511243796492187,-0.2835012994294892,-0.6205955633756435,-0.6398865628064236,-0.8947483259145316
2021-07-08,-2.5093594724458024,-0.7882907904524151,-1.260868177127973,-2.0755053732434847,-0.07348183838975932,0.2865806047785203,0.6209397328227467,-0.0013093726141251117,0.08157695633400446,-0.18618309907673783,0.10188400348147171,-0.31095259440534856,-0.25033827932060926,-0.12813776251349446,-0.0870966598188351,1.7817669054441747,-0.0353663735087561,-0.9981582634094016,0.029836565366441425,-0.2182022447186754,-0.0013093726141251117,-0.12312428490972738
2021-07-09,1.4943631311125924,0.3051142335444222,0.8137348734752605,0.9572548274162601,0.07392598738588388,-1.2622191600208312,-1.4030544557634925,-1.4073184938136076,-1.178594391192765,-0.5861279880465801,-0.909876666188244,-0.6254778003117274,0.874688749895133,-0.4711834161402875,0.5025881936887524,1.0246072708318166,-0.4251793297903139,1.1011942339559941,-0.7566854738927775,-0.3093564535027814,-0.8287949669481653,-1.4306495771985377
2021-07-12,1.8339931870211557,0.7339096127871215,0.8602373109159643,0.4696686458845371,0.0,0.3247887072978557,0.8604172071621119,1.4451607275235694,0.3243719025666126,0.3422613760965833,1.216751826833378,1.2171731398467889,1.2293235633363866,0.6419844222562721,2.431263812522672,0.17776378207677512,0.25214392533800095,-0.2643346255926985,0.37633110885619725,0.5978898389923835,1.1688351977481912,1.1282238979200823
2021-07-13,0.7340401053562543,-0.24174998158847816,-0.531274137294172,0.19299021623271576,0.14707488232501503,-0.2101803681695256,-0.12293617168009217,0.30454418697756375,-0.2719607187012264,-0.1962499483373969,-0.010206992487289413,-0.05486283659063264,-1.306821650364042,-0.1708010061159887,-0.9502421205340881,1.7556187542025343,0.22984928997302306,-0.5069956470199745,0.09975571127440867,0.030256683591126526,-0.006524894492030277,-0.05332014648230282
2021-07-14,-0.19521246452289892,0.3935414107897349,0.4062518758222682,0.6722324531948402,-0.03675080635485292,0.674596749232155,-0.2303741685613564,-0.2766714982581753,0.7051864160352522,0.4039542718488578,-0.3019158258670304,-0.30007543724909236,0.9406899856090013,0.12813776251348646,-1.3767158958326415,-2.6313210122375965,1.314212096671201,-0.4425903825521453,0.24443636532363258,-0.5075159297509998,-0.33876299401718213,-0.2658225504054121
2021-07-15,-1.2288220147933724,-0.8961174414234034,-1.632685477063935,-0.31302455409550933,0.22028367992016099,-0.13422983780573366,-0.13341002289931442,-0.7012294676386555,-0.339214882054973,-0.6223813111457898,-0.03784330408584746,-0.19525340646472447,-0.3925267289741457,-0.5563950525084662,-1.1416152058156932,-1.8908618092458231,-0.5364515681101487,0.39893467656396764,-0.5539979935928196,-0.06374995139289988,-0.1855541662852388,-0.014587202820298309
2021-07-16,-0.2971832753061142,-0.9749309417386461,-0.8582843181959676,-0.9681413337438235,-0.03669282826386383,-0.20458609267460315,0.26144337189944816,0.04888300994212435,-0.32814532621603926,-0.3242098102951109,-0.38177352167602047,-0.42642289042757675,-0.2539426528099379,0.34277309476524614,1.1146230624539801,0.016227675314907715,-1.1625805930933937,-0.3013529800423111,-0.18747676222697734,-0.3718219178800456,-0.37808518128047486,-0.9502244089998348
2021-07-19,-1.2478224083100211,-1.4003679795860868,-1.9676719653604597,-1.6062716636760246,-0.036678019798135515,0.9387776718775178,0.6464142236238426,0.6849800408032879,0.80349950445456,-0.5878110754575013,-0.3625778669238217,-0.6439193942024692,-1.7525956959517073,-1.0750481978304716,-1.5408825261968448,-6.864216281428462,0.2053969635499987,-2.217724598511716,0.08741161228913218,0.10020399801822792,-0.39209367443895543,-0.4144179565489974
2021-07-20,-1.0603566979121484,1.112925419674668,0.2837390586795085,0.012197174979499669,0.11005021762764161,-0.4371887188140326,-0.4383761703934921,-0.7394057364311255,-0.4497827580983654,0.19405908315564707,-0.8743224132076513,-0.9074298085036294,2.022637512745756,-0.6071509107478077,0.007023301140203412,1.1410943839666037,-0.4397230060097973,1.0795208921703385,-0.3099287572849499,-0.48502576836205624,-0.9849903392248404,-0.9409530016302761
2021-07-21,0.7585392815286864,1.1581284584773703,2.245981992354275,0.9929314276545149,-0.07337219782949837,-0.22708842315828673,-0.43277316489956746,-0.4328358503764786,-0.002428376947092047,0.5913797228661439,0.053583676024830586,0.2490389195198528,0.3423393962774781,-0.0434788027654417,1.380192995594297,4.066079168490205,-0.02083506122676716,0.7343413590932062,0.35178396768072506,0.26906055331632395,0.09412686775052896,0.34150047203664835
2021-07-26,1.1520279213746567,0.6113283422210062,0.7486872086946676,-1.556648997559518,-0.036678019798135515,0.2978649818410389,0.16744033642491185,0.33454551793878773,0.14489666023343942,0.21821881047944972,0.30579526029064524,0.21791807501558058,0.41337840777645296,0.04347880276543734,-0.07975477514054602,0.7695984198495256,0.12855157530138625,3.8359404607181893,0.366134185887667,0.36720272997114295,0.24690313823658408,0.18927444825278664
2021-07-27,0.6453281711323725,-0.6759635604327594,-0.43968401405019236,-2.258833030127266,0.0,0.2067692540555692,0.28240737818711287,0.5758017959154427,0.2080826990645956,-0.3559102217444542,0.30051622041568055,0.1914149519813372,0.34582507804891727,0.6935586607843327,0.13436195418772975,-0.622618632282418,-0.05278551014300236,-0.7534374842378524,-0.21915439832055197,0.05300555193729667,0.2784301721956105,0.036828652583143384
2021-07-28,-0.8447183583711906,-0.4917027580641635,0.06308446453834206,2.2276183767831172,-0.036700906645289834,-0.36570502437675395,-0.2362143817218354,-0.34263000359785734,-0.27441549609879273,-0.3708675675899707,0.02829660871220059,0.09971856787376969,-0.7987295079972246,0.9886404477939342,0.24920182275410974,0.05339352782300213,0.052665720165070845,-2.653345518454479,-0.4506906000590153,-0.3169155495921781,-0.04525837987801404,-0.7268328552532062
2021-07-29,0.2491841531048214,0.49127270345269275,0.8503801848982874,0.5776579372056609,0.07337892644342794,-0.22888550946873956,0.2848802345347001,0.280084868168112,-0.20918184693178482,0.29365261655848296,0.2597621068999665,0.3512553730631072,0.09622897654353868,0.04276091461946022,0.022669655079115208,1.910825929491945,1.181780772591469,1.4912185758024876,0.0773784705816058,0.2838870826918217,0.2450730063723183,0.22353800166982346
2021-07-30,-1.2522111833688476,-0.926430379949862,-0.9055927269224696,-1.4039193137232961,0.036692828263858356,-0.15883755490417986,0.2659023495560307,-0.011525372527360106,-0.3587005882542445,-0.5761906789828459,0.0054387078524183105,-0.010644154739583928,-0.3077900107802659,-0.47139821056426817,0.05825767633842353,-0.4000956820994382,-1.231394090912233,-1.889940543384476,-0.43958325993593667,-0.08224349638507981,-0.02029411695297643,-0.17779850737551092
2021-08-02,2.0454734964864665,0.061065013718210596,0.7371044486166309,0.9856124069017427,0.0,0.7087785760843845,0.23195819584550625,0.20070110885254186,0.5601799898603971,0.02297747395053478,-0.1649490364180171,-0.10207510527939631,0.05448132852757169,-0.38732667934742376,1.530283251146778,-2.6938648751899956,0.14735415980851801,-0.6093207474952839,0.27109498163010015,0.09299242412541658,-0.2274017409837129,-0.4632741488244758
2021-08-03,-0.5446907798752444,0.41113016627867294,0.3246536970695696,0.02328054439414429,0.10994132158018768,-0.37372974476830784,-0.6000465238434807,-0.21305188572234524,-0.2963465614499072,-0.284705757005573,-0.41476215595249183,-0.3835507959193943,-0.27662582973488514,-0.6055554973132685,-0.9830120061217607,-1.0724061627607444,-0.46990929294480593,-1.3617513371315122,-0.39913658870636987,-0.3362484305584791,-0.4220930106734626,-0.1428802490556445
2021-08-04,-0.39802108435004985,-0.7478641327285606,-0.3413231594839242,0.2612568251033793,0.07325532581968312,-0.28014892701603217,-0.20320873332545325,0.035809730816200265,-0.23275335339455047,-0.4378734098111535,-0.009804318022153952,-0.04928165330561953,-0.5659996362345487,0.34647127477505196,0.473084873847342,-3.6907859328083568,-0.23114861613540974,-1.7540191482587717,-0.25474208307796653,-0.295641650717397,-0.06854719147994694,0.2334715947645628
2021-08-05,0.3980210843500559,1.1236941313516828,1.0107589276010032,0.33979207058992755,-0.03662565746736373,0.1278496219872457,0.20836467107872453,0.24342305753910068,0.08078393676367131,0.7212709894617275,0.32493499383960683,0.33408703404128803,1.6569327387528459,1.7145498959016139,1.0195967763652005,2.3812299505917975,0.0964140619286504,0.9821457017600744,0.49240628727381697,0.22161600166267173,0.2955957157060668,0.29355441665289267
2021-08-06,0.0,0.3685110488416593,-0.343837988726685,-0.6401506079973065,-0.07327275894732806,-0.3844615581203574,-0.06281969813585156,-0.5045512815346488,-0.6175604577740097,0.08900159281639164,0.29054363071365064,0.47414216639703155,0.02583720072605431,-2.3651796094148736,0.3144239163687243,-0.9045924591516832,-2.327478770909217,-0.210845816609252,0.20339167682529963,0.1749402304648,0.47414216639703155,0.4885868370896742
2021-08-10,0.3469626720239745,0.16690400862120433,0.31682154351777686,0.1768465327910847,-0.10999105924902669,-0.14595729838919438,-0.23456748826920826,-0.18206624980280048,-0.18136223697386394,-0.18706134918254494,-0.11693857867832917,-0.11414009007966763,-0.9116842286281253,0.09199325147251078,-0.610469696403233,2.333767243071631,0.07352990920341589,1.7443040567428176,0.04261516605402195,-0.04943363240889393,-0.09488965720760076,-0.01854902301689359
2021-08-11,0.7885640380967769,0.512593798366662,0.9537303880300018,0.5322916193319848,-0.14684004530144384,0.3758625104484686,0.16718073898608302,0.16573235881093973,0.42122247882063985,0.42521810229406554,0.1611071940011043,0.12538430710164408,0.8512563854299694,0.1749855398605939,0.7694291273403627,1.5563197918616543,1.6334510285414512,0.7506200207863044,0.264368221353066,0.12429760270761143,0.18316740098706935,0.42453800883748655
2021-08-12,0.04907855776799078,0.09648389929231753,-0.2313817088941627,-1.0858158256200183,0.1468400453014473,-0.30565143739528333,0.22728964012866987,-0.3153538359534093,-0.06105958958364878,-0.030715485794499557,0.022545610647525947,0.12337108347072287,0.014133362219659643,0.04369694567613577,0.5395608455513732,-0.6176797515759402,-0.17835662703139574,-0.6889916036073451,-0.20273980417411974,-0.01543456152220991,0.007838265278241155,0.18456053236768846
2021-08-13,0.09809159170292485,0.20809667817096494,0.7821771549760936,-0.22472253014752183,0.0,0.5994246151238904,0.042351538137769214,-0.17981205234758824,0.694787264000936,0.24378935639276128,-0.34130240320510774,-0.2864052207983678,0.5710247182383495,0.0,0.7864863644675736,-1.376449662107608,1.448686960745083,0.5498293717048441,0.026270244385897625,-0.02932163189647086,-0.36335936631656046,-0.37439495665761824
2021-08-16,-1.4815127648844906,-0.4729224921688518,-1.2494410408137155,-1.6208071195200413,0.07337219782950496,-0.486554365218987,-0.38898944893799814,-0.2461040583273711,-0.648884488188788,-0.6738813508583442,-0.3187206977952708,-0.42960696614642174,-0.8299448635463305,-0.04369694567612411,-0.23871628306252465,-1.5337595896954683,-0.21050813636640767,-2.0599717805219253,-0.70809726263415,-0.20707395058200337,-0.33340979832293843,-0.38075339443901685
2021-08-17,-0.5988031667545713,-0.9564160523532171,-1.1019738804702874,-2.1495559481477127,-0.07337219782949837,-0.34985560348249906,-0.31127687056997,-0.3011642583949786,-0.4765125914482955,-0.5275799052404537,-0.4948610040725105,-0.5640416827569764,-0.40196121426171055,-0.21877816861320776,-1.0213011019671254,-1.281443233336335,-0.4483568196451322,-2.7869137838960363,-0.2987413046335276,-0.44184632197493756,-0.45811494043339446,-0.6785555379033499
2021-08-18,0.44944158839449794,-0.8811781904745525,-0.054659157945497056,0.37821492351872343,-0.036678019798135515,0.16823170082158165,-0.5810777222647274,-0.7237591167852561,0.15263741064653155,-0.010014021088500944,-0.42484175102132216,-0.47679828846772077,-0.6954542871151217,0.5242304363114577,0.11426155294802082,-2.3465670590016052,0.2971803774793682,-2.332308645920984,0.21934945190990074,-0.36111244367462647,-0.5057063421022286,-0.903159233217663
2021-08-19,-1.253466935366411,0.43275251701830836,-0.8985184333408212,-1.443011441134547,0.07337084806199697,0.49930689735023837,0.9552346509986033,0.6037012192350386,0.507739752843052,0.2665783924514688,0.25813748703711403,0.17326172768958478,0.7600853323560844,-0.8313235859333086,-0.09320748297445178,-1.1193275593784124,-0.015613593761598302,-1.4464695979872935,0.2780580585524972,0.22273800486004586,0.29857123775476563,-0.05915487638917037
2021-08-20,-0.9123210436231939,0.7251844994788731,0.5008474409854473,-0.14817265484677553,0.0366793695656299,-0.16096448883643102,-0.5393829862297977,-0.8026818165631833,-0.0008309212089185093,0.17344627233677276,-0.8455998401912496,-0.7836526733940088,0.4310733788760927,-0.3080391173952411,-0.2333769130260224,-3.1061797571713656,-0.01339528220963571,2.251779209756995,-0.06739686676266611,-0.2905979555754569,-0.8896910762610875,-1.2441119605568087
2021-08-23,1.8663938851747108,0.9413530473279736,0.9334958111530699,1.5693363687840831,-0.14675112427292658,0.09114116682382725,-0.4765530773124869,-0.1392480487645501,0.13949336656995365,0.3743856088468876,-0.05512029334571251,0.0577830938854092,-0.1222546803473301,-0.8408897046034816,-1.106869457658801,5.488041292293939,1.2759708512935994,1.7120208168546505,0.06557010738408811,0.23379300897802274,0.0,-0.07907575868362865
2021-08-24,0.796414402888657,0.011031028055667498,-0.07557571097582032,2.09571952416026,0.07337892644342794,-0.42015463336289116,0.6622047773651355,0.5864001644174703,-0.37691581441524125,-0.010607152513913871,0.5436444624999927,0.5951144982348497,-0.5903423843374694,-0.2224638776769506,0.021049301232208176,3.1138013867427468,-0.1950168668940052,0.9351750251798775,-0.14759150972132518,0.26119709954057163,0.5951144982348497,0.8258754041199773
2021-08-25,0.04956508429082221,0.2570219041793364,0.1768404032688567,0.16407618494249504,0.0,-0.34576250484165827,-0.4220574104376387,-0.7217673678254972,-0.21215372172450514,0.1500230980970464,-0.17182780132361664,0.01794367380785215,-0.018707418298981218,-0.6255500676570004,-0.47588080144749245,0.9719777547900786,-0.6487589103290902,0.8899934699491608,0.047402057327319724,0.11716265992390648,0.05645566049514869,0.6344482032569584
2021-08-26,0.0,-0.36813105946603086,-0.36715377919738906,-0.733012326594601,-0.036678019798135515,0.22393077042133802,0.5998408503523578,0.4463921713200055,0.19424530990885733,0.16690639763042575,0.4354989329505483,0.45880744721234024,0.2617192018559587,0.6700771127633939,0.3621861583322211,-0.468698355744879,0.3373143092676737,-0.7726287874445309,0.22393077042133802,0.3892983837899224,0.516631913653554,0.6154621811660317
2021-08-27,-0.3972238150044976,0.9555727473155858,1.1869529010648052,1.2941505359543444,-0.07339642259816262,0.39034420636872963,-0.41766065779607986,-0.13863166665024995,0.6209217966283065,0.33872872271365384,-0.34279626280349323,-0.32472979299533,1.108278664350359,3.198522184755468,1.347561241679011,1.4667071170720662,1.5572184659387744,2.4256655182458013,0.06544613367520496,-0.10819954842889096,-0.4018121067465739,-0.459672774247207
2021-08-31,0.4414910510678762,-0.0764077623604222,-0.20015140543790344,1.435841556066962,0.03670090664528231,-0.11570882703858647,0.11761693381353289,-0.3363129843106219,-0.15697439921612416,0.09459424235883102,0.2432273199540907,0.37026227884604634,0.5426879139772804,-1.2948277351568014,-0.3796361509797427,-0.6747001411569936,0.2724469635619197,-0.33925107790111664,0.07188275680515872,0.05938632424907045,0.04628278541119236,-0.265396025114712
2021-09-01,1.2162741837089277,0.15495101683721518,0.801859259293419,1.3720928620111155,-0.07339642259816262,0.14448517431878388,0.17057151167640563,0.31976391356343314,0.230545002374889,0.18721878327137667,-0.01092890679042384,0.15174234955890673,1.6916064858326887,-0.26096485408915077,-0.07203525551233657,-0.1274219263511404,0.10770743519671286,-1.8649644374909902,0.10181774672222339,0.21643898064135017,0.0555171308807371,0.47546940705717994
2021-09-02,-0.09676282307831664,0.34353895868025175,0.5475774522773388,-0.41681939889804726,0.036695515952889994,0.15576888438871142,0.0023560301807619382,0.3719755581654838,0.21363837950830974,0.16136978377935854,0.23125073691018036,0.2091797863662459,0.5607377376756859,0.5212894293585502,-0.8782314786305997,2.1421158641916254,-0.2291848846590375,0.6835910943772046,0.036339361795394744,0.29808150706019737,0.1610923477036427,0.697905419508731
2021-09-03,1.8701162159749276,-0.16152440935955645,-0.49198814099056354,0.3912486845099588,0.0,-0.3762499081929215,0.023499722609878745,-0.14704420183398295,-0.499560953818472,-0.12585495121606582,0.26082076419393546,0.3072589690958832,-0.11921661128721386,-0.2603245752694019,-0.6719433354885308,-0.7314530926333751,0.9264965504732582,0.2793354038682751,-0.13724805832967774,0.13032173973942907,0.34573660300456505,0.29181941483326673
2021-09-07,1.1209941073979965,-0.471943522392513,-0.49828307371401787,0.4681387429794894,-0.03675080635485292,-0.5077198755357589,-0.3636083831554634,-0.6976579446450288,-0.5890107326559838,-0.3754259352809364,-0.30694618374419164,-0.1560282934225795,-1.2471158986104824,-0.6483670682731452,-0.42955034364628564,-1.39608968533585,-2.09155994074459,-1.4453296902348967,0.05100531656844369,-0.04524025936056964,-0.08878618674064798,-0.05508642160039501
2021-09-08,0.740395890791212,0.3105771689032036,-0.6146307478106892,-1.0381189777131392,-0.07350437027530103,0.7067065775533905,0.1428568491063972,0.15460670625316547,0.7520385621220774,0.5463223746376371,0.06199821108679506,0.004994784018922434,0.9327372844296933,-0.13018070214759936,-2.107436142562051,1.5708715504549438,0.18174360497592146,-0.49093972330405455,0.4324980215810686,0.1731639415380455,-0.004608556121604973,-0.24274889741572442
2021-09-09,-0.7403958907912261,-0.4996950885992022,-0.37402719101387405,-0.26086673868681176,0.03676838175967301,0.21126571747410317,-0.5011376657875879,0.018506267577392644,0.5800848359290484,0.020252023076560082,0.034103457576927614,0.03396165196186337,-2.123948798822063,-0.5224241577298802,0.2032992143592522,-1.8146080112553906,0.37063389338077934,1.0440096636613625,-0.07073954811668771,-0.2713660478968658,-0.15805435992050776,-0.4083655366991871
2021-09-10,1.3379719024255592,-1.1888431011517744,-0.6869563377891353,-0.511501049619624,-0.036768381759678274,-0.713480098175311,-0.06142893897315088,-0.05799393271449323,-0.685164678554081,-0.5451375552810722,-0.007035147678950262,0.0034013374903158764,-1.871338493371231,-0.34980522051665713,-1.1384023144888804,1.7778442576273419,-0.9044282886508851,3.132943348381772,-0.3972787722083497,-0.37299891012590825,0.11856669478341622,-0.3135601125082592
2021-09-13,0.22889229153683788,0.37759913418927615,0.7005011357142616,0.3883323606627654,0.07350437027530514,0.2417456454686025,-0.06332994943336857,0.2662788645672693,0.3656076922850525,0.37212181277912904,0.19892320011673867,0.16339118204482286,0.7964091682835832,0.0,0.7050327038047779,1.5058133104780187,0.4564053900797216,-1.4024866478865818,0.12198920570781625,0.03466530704605064,0.12499750668843329,0.08774481137477606
2021-09-14,1.0461703338794452,-0.46927114890438537,-0.18805482697134498,-0.7676848113710194,-0.07350437027530103,0.44734722254412645,0.17198820783785052,0.15195218837861596,0.3737612891237057,0.026428364022636295,0.08591483345054157,0.15970185060981704,-0.10567120028643485,0.7418724665075037,0.38601461021085903,-0.27231095135435474,0.7136408309070367,-1.0585355365922497,0.07185006730679619,0.0508183737037238,0.06375358378535911,0.08273354656637426
2021-09-15,-1.1376843423323197,0.5814731698882345,-0.23588926182873626,-0.26948458802211445,0.18371629548817509,-0.42084965655504925,-0.6954111661301514,-0.7436556303216558,-0.3680157451223945,-0.10272557411731777,-0.5601001003805782,-0.4692264969254211,0.06712020247278234,-0.9611171607098786,-1.5435821739586602,2.5098416543084925,-0.8384809473125796,2.034845785420009,-0.2503280763034672,-0.3076431554426264,-0.4788181633431674,-0.9125916799760048
2021-09-16,-0.18322342653911428,-0.46534519175371697,-0.3500736463906042,-1.443842348171231,-0.14694791372849372,-0.6228720790250087,-0.022717668787499444,-0.5167011103368446,-0.4466614949978345,-0.3407463808364828,-0.024838015909593638,0.1270097347826379,-0.222841318259429,0.04388872600680616,0.04848841565633552,-0.2869753364736845,-2.5969296365502457,-3.658551353481437,-0.30670536176834606,-0.16616216482313462,-0.0026393711367367154,0.02242514240335558
2021-09-17,0.36612420608665547,-0.6904172443711397,-1.3152871234556105,-0.1389023610283836,-0.036768381759678274,-0.0030087512610640693,-0.32526219282923924,-0.4676976462630002,0.06705513609126015,0.16351683213053947,-0.2202327209326032,-0.16347650574721428,-0.6097395949055484,-0.13173718142628763,-0.762262525796812,-0.4638605094147711,0.12984142911313332,0.09678593397369803,0.288471422362144,-0.17729225525734524,-0.07595709500024468,-0.3918038834503277
2021-09-21,-1.5190045783304735,-0.5812535727863296,0.5480953518983759,0.2506584830638813,0.0,-0.5465681314880132,-0.8282333991479606,-1.0232946939635545,-0.4941197687056975,-0.3158197845636935,-0.9211997922910828,-0.8123753432084805,-0.43949778882106927,-0.7054537540896266,0.42679917660849315,-0.5270931334483172,0.17792046369543493,-0.328286923280999,-0.4867691905650041,-0.5090839699513809,-0.9877865375169043,-0.5410402923759239
2021-09-22,-1.0256567265265253,0.7072227300119507,0.6869273810069046,0.97972888788696,0.0,-0.1695044532793036,-0.23597334973825737,-0.3667808183005575,0.015990363584784017,-0.08154668337407411,-0.3105121587412807,-0.23732468551384728,0.7053210891600642,-1.0676173020697552,-0.03145077623182402,1.5354577018705475,-0.6376068162635485,1.8517267765217862,-0.2635068607673147,-0.30826617590758876,-0.29574261668745006,-0.7231495664347186
2021-09-24,2.1785370987703474,0.6224513801047415,-0.7304251096057743,-0.7362287679682122,-0.18407336133531893,0.15584653188011244,1.1995600092477883,0.7737286189599721,0.24311603572713514,0.3100908269868022,1.142114995789415,1.0385485905158942,-0.6171625423744155,0.6241422341606546,0.4179937705358322,1.3105882856143742,0.32936277948577203,1.726388250870402,0.45787260816085307,0.9074458364794344,1.2237165256537685,1.3393800212239875
2021-09-27,-0.045853672110190896,0.10972283989359898,0.24854334920697752,1.0439870202461055,0.0,0.12797939174046052,-0.33108263636353286,-0.2732229982975988,0.3443321768407128,0.30521364719526356,0.015855722434492195,-0.12080053098414585,-0.9579127015808517,0.8408897046034843,0.30773534068994624,2.4778409404620496,0.6042095284197345,0.35801719361000645,0.39622246173075404,0.24830844407607877,0.015855722434492195,-0.05715694105934068
2021-09-28,-0.5519783307610415,-1.8553651919753027,-2.197670576041365,-1.1193369586164885,-0.25825239655948923,-0.20162654212416112,1.327135271676879,-0.14850155059117653,-0.8931677698474638,-0.27611176331875464,0.26541185828159225,0.15966818844117867,-0.4987505050439498,-0.04406237444952009,-1.4123999277287371,-0.788174847432558,-0.7959955800621156,-0.43286460860738446,0.18039851109782928,-0.05085166059845077,0.41396856275100047,0.4118150659935414
2021-09-29,-1.019950554675844,0.6751537362633542,0.15826140099825906,-0.42901283816340574,0.147662575335975,0.6113077586870814,-0.35732078572384185,-0.7943688383048217,0.4844872413625514,0.6898356465046543,-0.5959937952127289,-0.5481676586214153,1.2538001118347981,-1.0192912078309169,-0.8717248485191809,0.35419638942874987,0.05549500122507951,-1.4732753070905462,0.5069883025037204,0.4282912023791291,-0.6851620806360009,0.006185676345951659
2021-09-30,-0.4202756190469841,-0.8646163144254069,0.015230538257345955,1.1623039102774677,0.07373066744978106,0.4867311130364842,-1.3748909148313826,-1.0126834057762129,0.102391588688736,0.2509212598338366,-0.5018623389634925,-0.5625531514552685,-1.3009666820042134,-0.6255500676570004,-1.9066873870184007,0.8228272310072837,2.1468557628741567,-1.4153081768444467,0.36515733217273844,-0.3620457334689927,-0.46471368303770627,-0.5423818183695577
2021-10-01,-2.2717325488539872,0.7561442650282617,0.1977048308974656,-0.5245402364025364,0.18411280941417493,-0.017882095101969833,-0.2293981895786955,0.03390142086406521,0.2989074613199651,-0.18586786325552715,-0.023415287891466918,-0.12230677668543795,0.9796414705841217,-2.3583968539409224,1.1702365638352525,0.8977636676187657,-0.20020007984912014,2.291988431110902,-0.42525118905948883,-0.6644378217361977,-0.11252425700752945,0.26597644195685466
2021-10-04,-0.5279656776855162,-1.7601818867652805,-0.9785287946723056,-1.9434456986411597,-0.03677654697769236,-0.5833626923894176,0.10502916342664788,0.3638270860070527,-0.6267995434530277,-0.8174448445200303,0.2610107706251872,0.20254043762251267,-0.44284508785212573,0.7771435632274578,-0.7257993005342699,1.8209536892841633,0.004526462430138745,0.04156917282623992,-0.4622143634172159,-0.18001314854454115,0.2907027772171259,0.17361685456235706
2021-10-05,-1.405407624690246,1.0540502066879496,0.5049434040973981,0.7222560982645465,-0.036808990924076995,-0.2933253782372082,-0.34023849600538403,-0.670941739014016,-0.3938728414238933,-0.02704426285096341,0.18732078209180403,0.21528402461771695,-0.6711758420078721,0.7711573609285535,-0.2704731958785229,2.0894709098044437,-0.4478113049762026,-1.1083940261501202,0.018929520871152426,0.10401029149536506,0.28388722550038187,0.22030975870691213
2021-10-06,-0.29326151264208544,0.8813613748350553,-0.18704873250833504,-0.09566061110918526,0.07358553790177325,0.4926590756649498,0.6324601830804344,0.7964519155071523,0.49668194036506946,0.4091762540869012,0.43361246959261407,0.06146748048663158,1.4179134874807238,-1.0447566334411222,-0.4347850552172307,-2.2113922067974023,0.7335852785441767,0.15337544291540614,0.4666095432907762,0.28507632122756404,0.6121288398503129,0.4465498542081522
2021-10-07,-0.19598433099021362,0.7944656876106596,0.6781303692458216,1.8680829373424985,-0.25784347686395803,-0.4667107325137151,-0.6202533349886308,-0.32309929493294887,-0.5109670801990681,-0.05493373117843239,-0.21892331461440456,-0.06707097947300142,0.20372915316452028,0.6372513516292805,0.7026986786720402,2.1250744104902544,-0.5949636311027523,2.220970038979403,-0.0663952442982683,-0.41393860159953577,-0.32309929493294887,-0.1564344033318656
2021-10-08,1.1701855788134197,0.04066870753233982,0.28378755790400667,0.5977703126527829,-0.18462655125472327,0.0050197362173776535,0.14880869297918875,-0.5172644004404924,-0.23844054363034353,-0.07598440830807525,0.24773756425781512,0.23938226659365883,-0.7254637359816232,-0.5916131431429007,0.05972633710139949,0.42174725836569726,0.26587128883056577,0.5294053304736568,0.223243884451849,0.2428390033195515,0.4263998255561694,0.7050989044011355
2021-10-11,1.8728103524001938,-0.18356588923920508,-0.04875173490358001,0.3460799609456267,0.07400914198859157,0.29801699200876064,0.41969224383257997,0.32132917448018755,0.35315347616055504,0.2313263198104897,0.32468985950624785,0.3485246869450375,0.7955995522997874,0.682316510410541,1.0895957152434639,1.814865140828718,0.3540814799636511,2.3605597214188747,0.5430180373771732,0.6141490987697641,0.526038665772937,0.24085178045131372
2021-10-12,-0.7640923892331588,0.744426524972713,1.3858026071107163,0.47693986382794556,0.0,1.4454046280830146,0.6059007497646284,1.5120477114337607,1.6273454828695484,1.1757304893258271,0.6273061792792407,0.6287935017087308,2.2921736085960878,-0.1815026974722351,1.590269747556812,0.866214885707186,1.4413186675111178,0.048377472949517886,0.9908915324627963,0.8863570005594271,0.8066231531093957,1.7263545550409716
2021-10-13,-0.38425007365790775,0.47457492731809653,1.5900353775237166,1.4932017265099877,-0.03699772430308699,0.30710056210168707,0.35190376297894443,1.0833708745596167,0.6202703628016794,0.3805340952010618,0.12084935278962182,0.1940476064946803,0.8406650532462822,1.6663510872815752,0.8421922539448786,0.20453255250855706,1.879236359967186,4.306697755877384,0.1154629165199375,-0.07178811013224601,0.01621795509398466,-0.06843586758932935
2021-10-14,0.4800855966714732,1.4758516198551768,0.9070436139075818,0.12000585852836078,0.14787094083226976,0.04252397740257684,0.7281489815631229,1.131799088454094,0.2800480571341598,0.37017996768657174,0.7809390768717471,0.9379444599306002,1.0173847368290756,-0.5823313020331825,1.4518533781508314,0.9585450888935843,0.052129800510800926,2.2832395143591406,-0.19221828529674084,0.3652437846928287,0.4751022229608214,0.44340071271942005
2021-10-15,1.8505864725271517,1.2280397640870955,1.2199130990868308,1.6702070702372844,0.1476904468971961,-0.026843176788428288,-0.08965670500328204,-0.3634513937979538,0.10968262099307702,0.2975128940804538,0.450650297901674,0.5268425973015359,0.3941594155032409,1.2056398552235428,0.7929481114480148,1.0660253614814805,-1.1327264347964419,3.0232535696795444,0.46932274168901233,0.41394892422040813,0.4580854464804135,0.8809646180180162
2021-10-18,-0.09407748644913357,0.7251401303870687,-0.026041596932987594,0.1789117402628306,-0.2955613877294694,0.28979965991608486,1.4588821941549803,0.9265639349473853,0.3468863833873925,0.38367293920801127,0.9030077884584372,0.8341141782553966,0.683007061689509,0.6194739252906022,1.6567397528683903,0.096509108990981,0.18122660973255605,-0.1594248055335653,0.42952569997150686,0.47562979073436995,1.1192460403852955,0.6014766279384748
2021-10-19,0.3757481388263391,0.7343939599843108,0.5240470970834933,1.2888926627166049,0.0,-0.3930590629748657,-0.8607400631835022,-0.19390669043491537,-0.5840056679580392,0.03466303429767961,-0.3185561514304828,-0.18206709657035647,0.012754013503834795,-0.22080042105809566,0.11726166998837607,0.770225178669001,0.28673791995357545,-0.5916061852897465,-0.03411399868734992,0.12213613063193934,-0.22144366646260635,-0.16861454161458936
2021-10-20,-0.04687939699979165,0.6174938477141836,0.6347732938608633,0.206449746862098,-0.07399855738645479,0.18161835851965757,0.573347590735985,0.3325830440838315,-0.016515309599882042,0.25989854795397543,0.7537549306453438,0.7841531114521457,1.7877294484235948,-0.44305551640195634,0.23378361009877643,1.4372108835297812,1.0980709490562441,1.6823349346488634,0.22549313150937428,0.3670164756735536,0.6268017003890852,1.0027869512081211
2021-10-21,-1.3695660782657313,0.12595268795223497,-0.1490945179064914,-0.7843934540462406,0.03698713970093926,-0.3981206698909899,0.05724905717399114,-0.4309394217360379,-0.34682903002121346,-0.38697617955724695,-0.17549084567665602,-0.012268365284563267,0.003793096706604641,-0.31132701884410013,0.2692046980160191,-1.3636690811584462,-0.22444813111020434,-4.282760323249232,-0.13453720089423304,0.06002744815567146,0.08605205192843764,0.4278768625751882
2021-10-22,0.09506119296289564,-0.5759760954213088,0.008008494721666152,-0.6834657113125935,-0.036987139700938663,-0.2174892104074596,-0.3704985176181669,-0.06759715210028255,-0.07091104477641255,-0.7138370474198757,-0.6351808670387871,-0.7048572415195522,-0.003508274668036083,-0.9847797589987021,0.47056845264374214,0.6018454809428889,0.1375193617075283,-1.6638786998914392,-0.4723140835679941,-0.7092283715278271,-0.6950179590797171,-1.1560674814664027
2021-10-25,-0.19020635385920326,0.3713268142198614,-0.5271727384191974,0.35398670715296016,-0.07409136544794274,-0.040759008395466194,-0.5605145853230243,-0.1758146077418354,-0.11815962446958188,0.00908034888583669,-0.2543548338789237,-0.48489287431613354,0.15698451063943733,0.3592296913417099,-1.2776807881306995,-0.508743162402244,0.5255327039546779,0.4521058349928852,-0.1635038290070085,-0.05895511912594917,-0.3963245930136661,-0.0941984906986748
2021-10-26,0.9002640516568942,0.17878574143450043,0.4669735857467586,-0.428673427467099,-0.03706627863645358,0.21145800977178997,-0.022448551994681456,0.6340559639467064,0.5185016970726113,0.111825140936598,0.15132201936477715,0.3770929073136044,0.3626703512844516,-0.35922969134170657,-0.1289150250627502,1.1552168225023172,-0.6538856038239638,-0.6358264976778657,0.08881710869287414,-0.15208052056402377,0.12142671822375622,0.3985461092885289
2021-10-27,-0.09438184454602147,-0.07287472999332889,0.05124278578538474,-0.43921206882536773,0.1111576440843895,0.9298025806448279,1.2263660857110565,2.398191545871575,0.9785844511071211,0.29065723279596006,0.47946263693074687,0.42175297918786964,-0.48033557798350934,0.6724938654816055,1.6614425957522625,-2.316500103237979,0.633195562978066,-2.132680620824118,0.371133198941652,0.25484888163760333,0.38247693354575035,0.6490837119753304
2021-10-28,-0.7107370462145461,0.5988071642108137,0.7393512826013072,-0.2646625331774674,0.0739985573864437,-0.6229482604407086,-0.49491453997371126,-0.27443569209388813,-0.511089632934776,-0.10876312995646109,-0.6796077961972322,-0.6933793170414847,1.0264489467930082,0.2231722793946067,0.0948504170612797,0.5134329790518163,-0.3852545831729449,0.6771243318039848,-0.36146321691210515,-0.3283224151414536,-0.6049937098421663,-0.5376786385550103
2021-10-29,0.0,0.061977102074010644,-0.8780799353316238,-1.60289065936159,0.03699772430308641,-0.09710361953543137,-0.07968590247890804,-0.16643955021805767,-0.1931630715057084,-0.4049363009256642,0.047333699154346626,0.1688503399961294,-1.2715143611855524,0.5778904919898835,-2.2399488893002637,-0.5772206890089691,-0.9951593223376304,-1.1047718095130732,-0.1407293921675767,0.5674524071196217,0.31635273158457167,0.28206370545499965
2021-11-01,2.210298181742829,0.7160882308450309,1.42551139599936,1.3266967569535342,0.0,0.5363592486006478,0.07406513021382757,-0.5382269960396613,0.365371857836565,0.4368485776286744,-0.27648852294965603,-0.3575962355620366,1.0382173601465972,-0.6671170399404176,-0.21450333455437723,1.206927942055837,1.0649171201686947,0.618706273422431,0.5442166704268164,-0.537903940078154,-0.26899217823115507,0.3639720018088375
2021-11-02,-0.7469761236899176,0.2790977678598019,-0.3691851935016381,-1.0247407891295868,0.11087321652918947,0.11979307999490307,0.33910485973175425,-0.5472294649218014,0.258430346259212,0.11784651679162728,-0.047345299131885205,-0.15419052369583225,0.34903338984930465,0.4008040397499745,0.09677109272343577,-0.1243798959254316,-0.33951120981413335,-0.6469689807150476,-0.1243798959254316,0.25192845621404397,-0.33132980453905364,-0.08620499019792197
2021-11-04,1.257293516224278,0.5648852855278143,-0.21996822517245337,-0.14036899698000355,0.07384408702337697,0.6349741906435342,1.7718856680774455,1.723079875808059,0.6190800753069096,0.358913505695563,1.0562769204277445,1.083559509405062,-0.860320934292224,-0.04446786693432925,4.024031398691612,-0.667117901151502,1.2224375840913297,-1.0365058318910565,0.09472505451739496,0.4053575636554381,0.6616449284006206,0.5614489768698138
2021-11-05,-0.649952644580487,0.14188329951838263,-0.018371994177470076,-0.32224661541395905,0.14755314676923983,0.34148065189076204,-0.8353556268093137,-0.1635430481275879,0.5249906015927887,0.17342645910765475,-1.3298770094971955,-1.3228967235088893,0.3060340033782625,0.044467866934325265,-1.7771420835446659,2.7202932112036193,1.0933649927638323,0.5511006696182589,-0.20447093993081586,-0.7355571663856818,-1.5673973511059498,-1.0181104646409038
2021-11-08,-0.27985044581517654,-0.2331653075098459,-0.18991047300951858,0.6002882704542334,-0.03686551631090004,-0.7515949358740533,-0.947995593639186,-0.42690425781367164,-0.5486738905306388,-0.44435413270263724,-0.5706509214591177,-0.4250145737982712,-0.4003923010200315,0.3106229865052045,-1.6193095728583795,0.6318735508752381,0.04001367774415169,1.0273121800239264,-0.31850480694602384,-0.19862811036706743,-0.444542336839645,-0.5016439615232359
2021-11-09,-0.8442876401419491,-0.5260249136158331,-0.3092541979602238,-0.5848720417632812,-0.0737718296790155,0.26403924298605563,1.030313049546102,1.029406684147927,0.07231627583140322,-0.11479581893461724,0.48832155174734276,0.1970813837213641,-0.022181704384746845,-1.5178666231808609,1.156936887329079,1.334721329099513,0.2966536164980179,-0.8282144811748638,-0.19494704692152903,-0.01981011591908954,0.34368518154661454,0.07266523058663538
2021-11-10,-0.5194689870677784,-1.1101625382813276,-1.4673137017669908,-0.7135211535450722,0.0,-1.1614660953130844,-0.7672340206143127,-1.7759002191742288,-1.3308461654715154,-0.8642753590193585,-0.5401152382030636,-0.3579857737233113,-0.7668035111650457,-0.19074191200402268,-0.8634608806613712,-3.190023744265292,0.7775960819875287,-2.226654224022495,-0.3024287464697115,-0.25253892437996106,-0.3286544941972777,-0.831090633206504
2021-11-11,0.4252269958376036,0.9079425337100192,1.2365694554081978,2.5870351944590886,-0.036915800779342096,0.5526195557686328,-0.20274095728926417,-0.3308349615032463,0.590549379363104,0.7029232266911102,-0.37993447917773615,-0.30720268654744265,1.0397418139479566,0.22701964936159869,-0.2122169037279833,0.6978860727449018,1.434243301001606,3.3587949998154447,0.8755979967277129,-0.06341820846762986,-0.23869449765591966,0.30453570260058593
2021-11-12,1.171793746766792,0.8729153574402672,0.3801906127477307,0.39068808348548406,-0.18471730355254518,0.33072954728676385,-0.37212136935686607,-0.3274775486482245,0.015864968292390428,0.15565800583715753,-0.19048951872504222,-0.2692002434579363,0.04817138467491725,-0.1815542081230111,0.07055507615548151,-0.3067304375153164,0.31042684040575413,1.1562126123727317,0.12108069061658235,-0.2089031875215328,-0.22023023851964274,-0.4643733043264372
2021-11-15,0.3256557985766549,-0.02014053988568165,-0.385572019813015,-0.38185578020851535,0.22163310433189637,-0.44780088971195586,-0.20614183918050316,0.10265770063862024,-0.8167761472044437,-0.16956948155376736,0.23868848612105623,0.30600886059425175,0.6452728547655467,-0.04546544123858833,0.3947721432573597,0.1062657417272972,-0.20927162898143978,-0.9780858845397301,-0.05437713655084618,-0.11112101088237185,0.33539280877878136,0.5062690222253367
2021-11-16,0.09286721614684668,0.527401356159416,-0.08420814043627846,0.2673557223173411,-0.07381682185644119,0.04478436318353936,-0.5186467040797946,-0.2649803854341936,-0.03446286814706392,0.17848657388662809,-0.0758785751788855,0.028806801190387907,-0.5308014839509112,0.7246628311841056,0.20976555623482881,0.36397797569563695,-0.593624202978495,-1.2881972330847877,0.13239139746930548,-0.5505699463159948,0.05818981365633203,0.3142239104559929
2021-11-17,-0.46513105812152283,0.43091086026306447,0.8041354497173179,0.15253081074889338,0.0,1.0329188158203497,0.17669732317402229,0.7917982761981212,1.0756291451916429,0.5703699637757534,0.6904496690046055,0.7509753165905447,0.9835369046034328,-0.6791973899455218,-0.54273371505725,-1.4842300400526462,1.5836977274161688,-2.190302661992412,0.674128484208308,0.27488948773378813,0.8097864111570028,0.07392764543635838
2021-11-18,-0.28011810720106206,-0.2842529427166466,-0.5223272826456882,-1.851045889066857,-0.22182542446404266,-0.5621737129803739,0.43480590737721286,0.43800814863628634,-0.39680239311012927,-0.7041203944421255,0.08475423949908645,-0.045970189283776774,-0.6051485921545905,0.2722381652021857,0.5711749368588451,0.3717074926153005,-0.9447557637683969,1.2573674943247606,-0.6233242192731498,-0.6247976768899853,-0.153770500647013,-1.0737796608044505
2021-11-19,0.559447410559776,-0.0984536742049551,-1.255134183879525,-0.07645573443457347,0.14794459529054554,0.3507693692444633,0.41072580605426123,0.7879778090020443,0.45694696961196835,-0.000249431186577883,0.4095011683804985,0.12494032937354807,-0.5117528261788026,-0.13603318551518975,0.5807570515054276,-3.1576565512862786,-0.6870399567055235,1.8518273153384253,0.08053086958613218,0.5263303916950733,0.16413743985410617,0.1733486144680983
2021-11-22,0.046478065343169325,-0.4080092668964535,-0.9331849721423353,-0.934530559198656,0.1476976510299435,-0.8601082810225693,-1.0543584041568606,-1.2152243997804812,-1.001549602574401,-0.508078385900971,-0.7876562033042696,-0.6582648909427857,-0.6208143874124598,0.045349228436014175,-2.125348590571003,1.1120424350503204,-2.3936427540699112,-0.2756172504352767,-0.12608108975788312,-0.9512623379739906,-0.6092660394919497,-0.7327747878919819
2021-11-24,-1.4038513442287637,0.5719503309039361,-0.3325395351535838,0.16649738745497605,-0.1476976510299454,0.6130439112310131,-0.2674499699835202,-0.14310568474159402,0.7851466442363939,0.28206298195923485,0.016621020225493072,0.07478433541244485,1.5097853425870815,0.22651216388900425,1.8295451254196984,-0.2657142807688438,0.20961143720777947,1.5205679146690545,0.30530741641852277,0.33036038515771177,0.14361869154310158,0.22996355382647163
2021-11-26,-1.99058347665342,-2.318127118672125,-2.533296337590392,-3.4739125419113988,0.0,1.219789200900664,1.1910460042609843,1.2598659186497323,0.7471525127100297,-0.7852921880549717,-0.47319655665063376,-1.2703975888719978,-2.883506846372966,-0.40676192796368393,-3.0541525627708905,-11.923654604264883,-0.22423499130245794,-3.9436307448055263,-0.29417003477938125,-0.23000241087085152,-0.42084498188195507,-0.6857703668576656
2021-11-29,-1.8358080560656247,0.039055505072522506,-0.48094590699634016,-0.7907776123597686,0.14773326250317168,-1.4057272040337112,-1.3781511111462874,-1.2682692720167665,-1.1123184042723473,-0.5620166803486452,-0.9247186114637035,-0.6724076259110672,-0.44213501182955617,-1.989799097292074,-1.4447857100688155,-0.09797508976377826,-1.3180942312436095,-0.15799425683560464,-1.1801441775881283,-0.44677904692376064,-0.9695800066412176,-1.617012906761205
2021-11-30,-1.1524024730911002,-1.8902233435791485,-0.6549877053658395,-0.027582113947019385,0.03691580077933311,0.6723217402257992,0.6715829195324324,0.7654377646439553,0.2928697327104131,-0.34474443748462347,-0.06815246196924002,-0.3160776263246949,-1.8368355883169245,-0.3934577328789277,-0.2641233218250939,-4.534578510219169,-0.5997377237744188,-1.2141567360322694,0.07471691868206375,0.07940481375174026,-0.1279668237950706,0.12181722822315241
2021-12-01,0.41836236773484153,-1.5616592729671908,-1.0262088441006374,-0.076877878620771,-0.036915800779342096,-0.2564922692450522,-0.8163980771683593,-1.2110179344295935,-0.4304023777165748,-0.43063715219446547,-0.2156843122538383,0.10025152868516453,-2.107317663602868,0.7163636319221645,-0.6493830117573737,-2.277322897138654,-0.04672975239584896,-2.4875796013656775,-0.4447304314354364,-0.11445325708433385,-0.5812085062542953,-0.7306725422293668
2021-12-02,-0.3690404722475701,1.1512871326650203,0.775705184627437,0.8478338798101552,0.07384635987384147,-0.5846582299849151,-0.2859625314740877,-0.2367576112454005,-0.1356416012710695,0.36649311428621517,-0.3832548313169265,-0.7142217549114984,2.587691933480516,-1.1579670179466879,-0.680964027899566,2.2538880979254654,-0.9239520647427092,1.6359634369298695,-0.3687314812026104,-0.4614621165744357,-0.5171740377828886,-0.6125755733776492
2021-12-03,1.4437947152651442,-0.7499981407587518,-0.6375547437872373,-1.2968402214269876,0.0,0.7101165316950272,0.8214668773187059,0.6767257401369209,0.9541301008920153,0.1239459268178538,0.24167490597205682,0.37019291594056153,-0.20953374099705926,1.111897478696886,0.1303085295138179,-0.4784048668323647,0.9616278349919606,-0.3351246485627769,0.1239459268178538,0.0039109024770592775,0.30117818914530964,-0.162165592868044
2021-12-06,-0.48709440043957947,1.1950624561756271,1.1728595145533538,0.7914760238900056,0.14739707256268061,-0.48203446502505676,-0.8179711472667892,-0.13876220280886578,-0.4900765971789522,0.4586297593952372,-0.2749576928534401,-0.23440564105979392,1.756221958876224,-0.5775707583380614,0.22099278609369685,5.11472036840825,-0.22866840426740426,1.577547185299524,0.01769113423988377,0.0023464680715800878,-0.4608074722891727,-0.9785167138088918
2021-12-07,2.2451197627982746,2.414713943809076,2.3722168422832306,1.9371140605949682,-0.14739707256267712,-0.013436634943781531,0.41802128406633776,0.9854219300199449,0.41225449098459604,0.8984181469006427,0.7027840781457765,0.9519452568958318,1.7978588594655842,0.7157020737465936,0.9692825038184129,2.482985151190357,0.7216502608549541,0.3673296547216838,0.3673296547216838,0.1923364803580908,0.5691933002877402,0.8198463920600566
2021-12-08,0.5000613176332989,0.32348615732579084,0.39913162040246464,0.4575867731353745,-0.07384635987383996,-0.26224284957807714,0.10522601801995829,-0.13904997450146533,-0.609167636134809,0.03597111323284238,-0.46366167155642846,-0.16781721287397988,0.7756434793140444,1.007091108393216,-0.035969197932513054,1.65506691762003,0.11297329934412574,0.9983632896261156,0.05903644256616532,-0.05391471788073615,-0.06980519096996414,1.0930904830699522
2021-12-09,-0.4523167841808699,-0.5374812133164252,-0.794400733835134,-0.33849853331201035,0.03691580077933311,0.39185695963093675,-0.04508601934352922,-0.6265426551916633,0.05705638439171692,-0.3102300123537421,0.1272707681093658,-0.16002414848204916,-1.31652824607554,0.9745022416606011,-0.3639449354108791,-2.567087868902647,-0.473056669403207,-1.6333379401610282,0.139956258986862,0.777681361955032,-0.14042745338374787,0.788423382620306
2021-12-10,-0.9108573082888411,0.7291356798620179,0.03029856778248175,-0.1279043454485805,0.0,-0.13843021567807212,-0.12374687511015171,0.07792731820755602,-0.09482305570719386,0.02326259513450128,-0.15909747828429618,-0.027329379430893013,0.0996464016044451,-0.4747178560762663,-0.034939399928617644,1.7524642082999773,0.21329326134638418,-0.43647267897154796,-0.2078088071782369,-0.6605246913454669,-0.09594887963642158,-0.5315028566011698
2021-12-13,0.1684199552624335,-0.8430890302224462,-1.0143501251300413,-1.5519044890255216,0.11063734598990871,0.5224452525169847,0.37298199519083375,0.4104055497656697,0.49755216659303664,0.046707767257470174,0.42749255267948133,0.28773830432666503,0.9813035014387411,-0.29503527266192453,-0.6761991642868547,-1.0937320935697152,0.29852045900913887,-0.10601852749047723,0.046707767257470174,0.2120949356185282,0.29754094294829114,0.32637229196117534
2021-12-14,-0.2406746659307666,-0.6234269860647719,-0.5660580940691782,-0.1596800173826804,0.036851930656239276,-0.10581366329173786,-0.687784841663523,-0.7453107243770325,-0.38390349781459226,-0.10633861456698962,-0.3324585297714827,-0.30723145586830913,-1.2203904088411037,-0.8903170765509064,-1.3867906785814368,-0.949090648744054,-0.8715797324431713,-0.5463222181842304,0.06694090152097547,-0.20429373590915936,-0.2582229999234667,-0.44116659536406644
2021-12-15,0.5287204375227574,1.6964518610198227,1.467778580004512,-0.14314801590958043,-0.07371744696712969,-0.0009925260005724484,0.28346648491278786,-0.055585803959466086,0.2740599709082213,0.5269087474469938,0.18579712393516576,0.28713724002557867,1.5406488261508655,0.045865127409388105,0.5646632960055994,1.511386844441387,0.5742784564115792,0.10758823367577094,0.14604325755988673,-0.0577671276561713,0.2675328905937283,-0.20893581155014002
2021-12-16,1.4279132108343608,-0.5408254903726392,0.46424275894426953,0.46894526381313717,0.03686551631090125,0.635632883734393,0.07558893189763352,0.29717561666823905,0.3418655632851413,0.27094699728322524,0.7138893138094283,0.8104872766518136,0.30915501044112814,0.09162634531824716,0.035032619722613886,0.8280643682404751,1.5474220350374097,1.0730390399634075,0.3449249509834317,0.643781647480295,0.5950353770369258,1.226337824188247
2021-12-17,-1.332077687820787,-1.4852859733134811,-1.886570521225217,-0.9123732197400329,0.11054340383735957,-0.19089025835247292,0.35097049132090585,-0.24217259707590183,-0.18193987277821028,-0.5078569374452421,0.13544768762010492,-0.03931562869344395,-0.5404837868436821,1.6352926317280063,0.9231925476261708,-2.5390801498853026,-0.6295902651369726,-0.5298944120335586,-0.4152785965181183,-0.04191116138744058,0.0389750798759946,-0.30118733532677733
2021-12-20,-2.276695549691091,-1.196674361299201,-0.023783658936279994,-1.6339574121155709,-0.07369147318112543,-0.21391066833462655,-0.3734024627505357,-0.9940835766056862,-0.5646571539506106,-0.30149995797119455,-0.8281712990514197,-1.0512243058809059,-0.9092943222673054,-2.278522485516578,-2.2764645503431957,-1.8758071890369197,-0.5516797720015639,0.215791529240668,-0.1276552989098551,-0.9343368825042679,-0.8355938956539956,-0.9523855101695461
2021-12-21,1.4591674573839073,1.8870872062041417,1.4008582622921437,1.7990539387580062,-0.03685193065622891,-0.27088320328248494,-1.0354686082993443,-1.1728242194060223,0.3229331144620719,0.6588910431055823,-0.26568887645651423,0.38083791321830496,1.2479088455377212,0.574524779591945,0.23719115681536188,3.4186828654642634,0.08487836622362059,1.3008075308692122,0.12677598456829256,0.43315900900326787,-0.020640104487199176,0.03589314646115062
2021-12-22,0.16886029845014439,1.2865714749576762,1.5199712637708946,0.7673218054614102,-0.1475531467692527,0.3869083411586649,0.49411943395013747,0.6332216892232536,0.4498170042720436,0.5566569796216426,0.6792812897334903,0.6726600803934011,1.3121403644147596,-0.27536162768628764,0.3268742747522781,2.0408723503775548,1.227280853584787,1.1165751138360374,0.2916689735740718,0.3784461792353064,0.7313331082818485,0.8244785707788976
2021-12-23,0.8161478763789185,0.7316172494329961,0.7938320648050697,0.6257961232938589,-0.07384408702336254,-0.09654544124255396,-0.21419065945273474,0.3485919634497067,-0.039295636962378845,0.39859357548564356,0.5789058937551298,0.8022705063688514,0.005343218703161125,0.5956207041037135,0.8009039376602874,1.3423088576740576,0.33649454144962443,0.29787596139503136,0.11134639232849974,0.4644834066311043,0.7240601746472854,0.9843750504334161
2021-12-29,-0.09493543580792871,0.11130863286300491,0.14412682604765237,-0.46857054632960926,-0.0369430659462651,-0.5294061389268794,-0.3239839901303438,-0.23337794154922684,-0.5672385322108118,-0.17719406888675615,0.22072625207613483,0.6961236026035126,0.6541501926436261,1.0168610238101259,1.6880855970761408,0.7306121691879964,-0.04620576260910242,-0.2757679339063717,-0.016550599807592204,-0.1369732465900518,-0.07198685964453586,-0.08190498974183252
2021-12-30,-0.40453121993843966,-0.12447064929916271,-0.24253547414116008,1.2914206815617968,-0.18488235851778248,0.48297270735066267,0.19663160488531564,1.1305258533360814,0.5524790570243345,0.10641738770390614,0.6235823532700168,0.6370137187879937,0.5854807309843254,-0.022495041074769382,0.8270944925938564,0.18865291064167117,0.8675129488635562,-0.704100083331474,0.15235477444531154,0.5452167256657338,0.627286471924316,0.5323805592313405
2022-01-04,1.9363038287883594,0.1279154743143259,0.29199110991456223,-0.18473508094041927,0.0,0.10869306723345563,-1.099605861657297,-1.0167022416096385,0.24530206029686466,-0.09186969277869182,-0.14001946428463818,0.08264441818998806,0.039713895886450065,1.1847635579969507,0.25228102471765734,1.5379942435618397,0.8953648339610485,1.2680316115703596,0.16141335364411805,-0.4577271059327529,-0.1285468049509611,-0.8328384019227172
2022-01-05,0.3967889843512819,-1.2080119580206128,-0.17199007733151223,-0.9142072548248176,0.03701141768552298,0.3084915111286391,1.1286479359799988,1.2018228538379594,0.14233481562798841,-0.04445992359978366,1.0747035730498478,1.1331536948830738,-2.1727270275746227,-1.952257670354916,1.2806394496368378,0.44264675055020014,0.42966332262304824,-1.3448010405483717,0.7308830278440402,0.5562047291605805,1.0747035730498478,1.3299453707857551
2022-01-06,-1.9285615932012203,-0.13359937511653638,-0.40602384353019333,0.4154988167859231,-0.14808992283439257,-0.28686352091998907,0.09899419272143026,-0.7261809263434658,-0.17002995025284975,-0.02803270949048306,-0.031061966619868365,-0.07547559987338827,0.04988504032429318,-1.1624137479763126,-1.0238711413752257,2.5602517709121706,-1.271578516769715,-0.4524464374729865,-0.039608138748765245,0.20881716706173722,0.1487848639670481,-0.2917691350421635
2022-01-07,-0.09504507879417275,-0.6228491581499647,0.2712283344922262,0.6773154782320201,-0.2968489234023646,-0.5544149513738872,-0.5775286630403283,-0.6063273519094856,-0.6574895163514449,-0.4825837913007545,-0.4689268706822165,-0.4254544942506154,-0.8910149514099858,-0.5286769822974565,-1.8401688010461554,-0.6141945170484036,0.22734975650301942,0.8951921581960485,-0.22673150072527723,-0.3653435832108877,-0.3864008694086287,-1.033358735345022
2022-01-11,-0.500418827425087,0.6122051824014444,0.9419117969782115,1.990510511240625,-0.07448126604741026,-0.05523841903669328,-0.49661544757189446,0.12507220253377646,0.006005500736514733,0.1698647155361911,-0.48233015226857456,-0.4030022620760577,-0.1406168215827645,-0.4157137639519436,-0.4952908630923322,3.2048054290465373,0.9047437825970117,1.2715258454247693,-0.2945019310675469,-0.499483184493981,-0.38830874246572455,-0.2678574591703571
2022-01-12,1.5643842058781376,0.3159535097968147,0.9633098623402525,1.6916805448056909,0.2604706296328861,0.06367882167446419,0.6582671378540693,0.5879505793659072,-0.023330318311258768,0.20797861513631544,0.513207743085297,0.6276806988942665,0.16349293098052367,0.11565981271642657,1.5065736740786695,1.3272687007685862,0.3098801808363627,3.0704269233975388,0.04596646659522278,0.363779691923447,0.44175076678762354,0.4616702173123416
2022-01-13,-0.6370237118205021,-1.9578549987970162,-1.3123815088435167,-1.9964566319919015,0.0,-0.2523512511436471,0.27745676398487973,0.27345605777317905,-0.255274913977237,-0.9294972503345804,-0.048356674453448226,-0.22104359546460728,-0.7693791498442454,-0.06936332769129532,0.4804990027183629,-1.6627662921702246,-0.9106970330480144,-1.8710184576125073,-0.5704198989182188,0.06405926859039875,-0.05471410802270407,0.42003071045874313
2022-01-14,-1.4062834346165562,-0.44603829819627555,-0.7647567617749221,-0.5268330457502342,-0.11154448370116767,-1.1773549600595046,-0.6603426037742922,-0.7477908872451478,-1.3733501998974247,-0.5798471716202892,-0.5857427896066951,-0.5371948718990724,-1.3962550114391201,-0.7196897540198883,-0.630551153375489,2.388796904893518,-0.7752928626379967,-1.9521362186320341,-0.4869099475823544,-0.32912206189007964,-0.4196207214492628,-0.4934136626477015
2022-01-18,-0.43092795308665455,-1.3906280321379223,-1.0492862387128492,-1.3958720094399961,0.18611829350422934,-0.3617002050434608,-0.15534124741841973,-0.30923824954915247,-0.5606976781359884,-0.09287425874300398,0.006255518790351576,-0.15602625579358367,-0.65988594887145,-0.9186421180160987,-1.2010381859428634,2.0499245483441872,0.23101248100605132,-0.5678681095463047,0.23156499721351734,0.23282426882209428,0.040305886000510875,0.1586963903324841
2022-01-19,-3.0201994757548825,-1.0586178483737014,0.2670488804466461,0.4109020051363889,0.14863041885201492,0.22650619763551977,-0.5827778101629081,-0.8934286390940663,0.1414024733851573,-0.10824758181632155,-0.38780703614194173,-0.3280671102837528,-1.3718529699693232,-3.368920484938261,-0.16390769544925898,0.11628524193922667,1.56073749058712,0.9122968241794859,-0.014837569926296935,-0.725533832083462,-0.35754055649143673,-0.3382981919288969
2022-01-20,1.0087381779360927,-1.2938482617456353,-0.924366672429886,0.40411702809351313,-0.29751067922122487,0.03317499299846357,-0.33782243704353243,0.22681227161602452,-0.2355319893433821,-0.3679587756551456,0.011540056778079578,-0.05586595343057407,-1.471200631157744,-2.72902659444428,0.5893026575515986,-0.8217337363646092,-0.4310660303270739,1.6117558820379279,-0.1808649048866837,-0.06782912660571125,-0.1246067609995679,0.21354351502988547
2022-01-21,-0.5892402427994353,-2.292651084462677,-1.7835513419267386,-1.7687690350322107,0.18605858052586044,0.2674093857800571,0.5695475545387015,0.1373244469504825,0.3437723362123901,-0.2983690945198779,-0.27960173945704014,-0.6424102799223187,-0.5568492635958839,1.9674479654530892,-0.9817152354548392,-0.11244084859410276,-0.6368448059463677,-0.7825349995205203,-0.31006761456535686,-0.5660293961366936,-0.3966887385861999,-0.3010308771482029
2022-01-24,0.17221873415948927,0.2411384766425269,-1.7396813481764548,-1.6007966474069688,-0.1488153476134723,-0.2712599621372137,0.3142267052345411,0.08518928055685272,-0.4934666001146541,-0.2880102090223679,-0.5542647456092978,-0.9857187924171409,0.007234676417617874,0.5901077697340095,-2.747706746929059,-1.2910815007911647,0.3652885872889419,-1.4658728595504082,-0.18262748082066046,0.06512782600605309,-0.482525436503671,-0.5888953069137853
2022-01-25,-1.760737320363321,-1.0299835684237482,-0.511783862563804,0.011963375417319807,0.0,0.06533697501618657,-1.0058587661510197,-0.5521024362035529,-0.08211758562752064,-0.09496147820404534,-0.44733216196238224,-0.20712338907422065,-0.2007340772001631,-0.7381859342959044,-0.29610413381169476,1.6189946627012133,0.5176248467871841,0.4931891879818075,0.1984213890895428,0.04493546587394327,-0.29610413381169476,-0.25712508313111626
2022-01-26,-0.3257796934404209,-0.3705704932847691,0.11278623827268583,-1.3924794758937544,0.14881534761348167,-0.8321497131877256,-0.2797047748050222,-0.5479128460203972,-0.8006161353040463,-0.4606745025640581,0.103967470359946,0.14831461389756892,-1.693447707091838,1.3492199195396692,2.5406891355729155,1.038418095528325,-1.7492161210733395,-0.15615870110931795,-0.1193593306419823,-0.3180914653228289,0.0396634977114578,-0.04537491686999974
2022-01-27,-2.7998714466618173,0.24517743750164878,0.5854637187791308,-0.4217518181036803,-0.26056760130940276,1.1595730252098861,0.12363335445456199,0.013080329968273175,0.9677760660772099,0.30300877614113636,0.24117893120198375,0.16204635796428002,-0.9278902511410267,1.1146387604242012,1.371105407259798,1.0315786882193871,-0.5580371359185987,-0.1842174674240421,0.7401743961411548,0.20260880034229303,0.41904595474644873,0.19850585895581177
2022-01-28,2.145124462974834,3.0017163527571977,0.8422666894368833,1.03606935007746,-0.07456457812312542,0.7797341014556909,-0.24435534105780818,-0.09785256447991601,0.6581946292124586,0.8322724886023366,-0.25799646649812435,-0.761045724541099,3.7335280360168026,0.720263515143458,-0.9700927197954234,0.7261840259336463,0.2497448372945747,-1.4020311197354367,0.5485200710612187,-0.31145610284668446,-0.06086324020621374,-0.6693730479319162
2022-01-31,0.9805266771274039,1.7070169090222767,1.4842309840940668,3.1470282446523687,-0.18669331835870162,-0.07804933185192374,-0.0683266606880483,-0.890894936214833,-0.031067235553685763,-0.054422917410803934,-0.2851652418828704,-0.0078071529502533365,1.1436099613507094,0.572525635571718,0.6545926008414428,0.7415588214040618,0.5126563012711459,0.3000243970997719,-0.07804933185192374,-0.010113687590873116,0.05698135059865636,-0.6329538887542497
2022-02-01,0.0,0.5510329720033834,1.0860830922151907,0.4899639921302049,-0.1870137617741937,-0.25762085034556054,-0.22352833284155954,0.3921038582963576,0.04372071094540832,0.2737367920832457,0.2021523960182481,0.5651440129351876,-0.4807085105389383,-1.5340703715890227,-0.3536321969865959,-0.04241148652996695,-0.03915018419405543,1.894851332308672,-0.12240387177593014,0.5709587975782541,0.18691024249056973,0.9061580671952115
2022-02-02,2.1042875557439156,0.6317146979766104,0.24887443608490764,-0.4979340314744294,-0.03744284043372682,-0.13040686046858233,0.3433294770025093,1.0491874680353468,-0.32717423081436753,-0.1816832383588822,0.2205517146588688,0.36028177203795647,0.9321998113739094,0.48191735338960867,1.2515775131456368,-0.3509839725861972,0.026950334626728696,0.6951807955463294,-0.33499305436867544,0.03636009420041541,0.25103834530082836,0.5796188726508736
2022-02-03,-0.9352669046767591,-2.6875456826727584,-1.7070022656229416,-1.374593298798882,0.07489082764918951,-0.7364404937098494,0.08511806686223239,-1.3368020514938925,-1.1186099506480096,-1.2086204492331434,-1.0491295330488475,-0.842641955386334,-1.3780351836478166,0.47962738262770305,-0.08609474189084958,1.2620753831563856,-0.4512498135343706,-0.7859825925882767,-0.3090080679781721,-0.05878933446852428,-0.015471035778346983,-0.4850380856293409
2022-02-04,0.4687268535820128,0.9705258029276859,0.2437578824531998,0.7483655335216343,-0.3373839977085987,-0.2689724124293097,0.9380410203938627,0.34095585923062155,-0.4979466177460745,0.10829335989182005,0.04333721038250042,-0.08010779318062536,-0.49340908695681013,-0.2155227418931808,-1.8878790730794608,2.6818798852868673,0.6555285862709448,1.4531312238982816,0.5014394775728257,1.6947279419398689,0.7539327825590808,0.8070916123635321
2022-02-07,-0.09849550930829973,-0.08945954148879759,0.2926925522215246,0.026260617273214912,-0.11273721417358509,0.25896060891951717,-0.4155996816485443,-0.3758210030863593,0.41516609030213103,0.16033925737220855,-0.43801104092632825,-0.7397044369017738,0.08905362589542133,-1.2545375152357705,-0.9502700220106216,-0.12298123832088095,0.9695217006859472,-0.16954592191179618,0.2319899653282204,0.3985822412770654,-0.2440512108810688,-0.6561838769575479
2022-02-08,0.5160358358013813,0.6796148176988878,0.20842796059658836,0.8233825882201371,-0.15047571126689308,-0.46400621574026935,-0.8268284251099471,-1.058565980004296,-0.5144567157666982,-0.24742374796576072,-0.15502630322995412,0.18133953120565477,-0.6081660425970739,-1.9365727340093402,-1.8144208503046064,-1.7922386102173085,0.16539917390381267,-0.32286848156302256,-0.13982162070394819,-0.25035619677778825,-0.11229987211015766,0.5391926275432123
2022-02-09,0.9027865616504358,1.858910046718484,2.0845764316514033,1.9641809950637092,0.037630526210932484,0.5410617403344595,0.9485067346061098,1.1782945132397669,0.7407612746759268,0.9307133708687545,0.8765384785870711,1.1021271355895468,2.6416922516768073,0.8625905908467277,2.3107593859244924,1.2666955378748292,0.7452455958170633,3.8986058769963186,0.40590416827723924,0.22687179752040984,0.47719328166780883,0.6575097380295454
2022-02-10,0.3636653392691138,-1.751460042044435,-1.2250246133412348,-0.6034150812859417,-0.30153809087491223,-0.8614707262182686,-0.6449950057592279,-1.1440208199822774,-1.3090310510336416,-1.267846670288174,-0.5626691830297398,-0.4455497380470391,-2.327747242671544,1.609755063182427,0.6261992041390112,-0.2663552049756603,-0.3189428240990792,-0.328568679460976,0.061435752653973864,0.056822541729980136,-0.042823443578294415,0.5026658473941464
2022-02-14,-1.6101842084310394,-0.7272376412609621,-1.3865123765199425,-1.1000841579610385,0.03773960855312381,-1.0949736930925829,-0.41155301099973934,-0.545868414754512,-1.29291766889847,-0.5693232007676108,-0.344246023436805,-0.6028997439712946,-1.314183892936436,-1.5454752986386602,-1.9184488020213668,0.5389217750722926,0.13387307490125466,0.5171608045360578,-0.39977210281697434,-0.8317113314270211,-0.25854183652402457,-0.6409251982906287
2022-02-15,-0.9638000088509399,1.5582846283250351,2.240844282490269,2.1055592593617245,-0.3023357991714557,-0.34101032060184866,-0.31782795625824756,0.05023766414661069,-0.5438486987694255,0.12801724444105603,-0.3291654263288153,0.020662898646820246,0.8535005433023237,-1.1437040740200248,1.2360424334905715,-3.2261291176013605,-0.9960598905335114,0.8308809034987565,-0.0415338535095959,-0.5550285264507386,-0.3135712505386366,-0.2121504591068348
2022-02-16,1.772132944537699,0.19769141779887373,0.4183066846819278,0.8113156789981643,-0.11361442464438494,0.29446029509641103,0.11125301095838282,0.575429433605777,0.23175678225686286,0.6406285714358749,0.2536465098910386,0.4497799014028225,0.5494724336623125,1.4892292129523188,1.684467169379962,-1.0722378226633602,1.1088231709565166,0.158010601286528,0.08565004022277688,0.5352312302505852,0.1367833159740652,0.2860019340020027
2022-02-17,-0.7345659601436401,-2.3740239031563624,-1.9811758367100234,-1.386437324384851,-0.34163929466280907,0.3189283172106018,0.08236058060689581,0.5384221281996491,-0.14175198559954,-0.6366822608393328,0.26849457730575815,-0.10134705834954287,-1.2808424333913457,0.7608320579055882,-1.2579466985297059,0.7719147998903408,1.142851618993811,-0.9042339151582446,-0.21469919790382008,-0.06474035103852699,0.12066139329136798,0.45638824757672347
2022-02-18,-0.44335304205294923,-1.1021586038648348,-1.0380570429644935,-1.4532582575897242,0.07601969327626895,-0.12832000532289473,-0.034294610666993484,0.6695618531770544,-0.20969381892495517,-0.30768587714878637,-0.15497220581453386,-0.6221004979026079,-1.058475809032149,-0.39197350175473444,-1.3175668360079553,0.4317935397355609,-0.5259220895412923,-0.08904371076471038,-0.4525496875681119,-0.5240889159116079,-0.21716275848886485,-0.5387126696364046
2022-02-22,-1.604448301330199,-1.3029179204647965,-1.7971064466252387,-1.6503729708867436,0.26429647889793956,-0.233002980395154,-0.4923456836035061,-1.0690890598372524,-0.35342206577113616,-0.45347403302462475,-0.6481114928150723,-0.14280125900742782,-0.5873596064130248,-1.3902977158067384,0.7554897726447105,1.0041578886993707,-0.015300399473916777,-0.5510814508109403,-0.3066582321754924,-0.37349010556346757,-0.305107549224192,-0.1262367328313367
2022-02-24,-0.9649545213166706,1.3215260630742431,-2.153377907702939,-2.2582338157984267,0.0,0.06258233511715265,-0.15134463378028004,-0.5846942137418021,0.3005728458749003,0.5399693460799989,-0.6244788048326961,-1.0288185962235166,1.494537308121378,0.025007536673426745,-2.7880059380480064,-0.021326697344771696,-0.819279091690003,1.0008560839972878,-0.1721767463073792,-0.38265731921505564,-0.4993466807827108,-0.16002799153935693
2022-02-25,0.9902223814217173,2.7664431132419907,3.5569682655242416,2.4169760590822102,-0.3399327024936577,0.5569478664605324,-0.5498798970470969,-1.0633798129661243,0.9897755681921092,1.1477913763351015,-0.6396836229345849,0.36399264964470457,2.965912925945404,-0.3505353384938258,4.139388746750079,-0.23328423903216483,0.25040139399463857,0.58402512158836,0.58402512158836,-0.441324522892651,-0.7022760663176407,-0.3582706248982365
2022-02-28,0.35308814629876073,-0.24408440566888479,-2.3976338842175795,-1.3059273343349025,0.3022022486752569,1.1422802825340617,0.5076079270819523,0.5687694896464174,1.0754344332341994,0.08382559045169038,0.2914785991755595,-0.650793682901537,-1.4881941920295054,1.1967263847563605,0.09867090785171045,2.533255250619537,1.0433123743151906,-0.1337693056745584,0.012112979190808362,-0.07968723743323908,0.0181184418339507,0.36189021781018216
2022-03-01,0.6774555069061902,-1.9743378500919853,-3.122927305610667,-1.7752538124200843,0.1507786235241104,0.529636970335034,1.0097268533433188,3.2712008686974285,-0.09814544006195862,-0.7194451366402381,0.9158167751795161,-0.32688516820263186,-0.9676060219619103,0.8636597249841801,-2.507967137795755,5.793567978732306,1.3604434429171417,1.0816178717288363,-0.43959973365824706,-0.1238885416945659,-0.06213968909281462,0.5870803857454248
2022-03-02,-2.0973575252396346,1.6097801016236535,1.3243796311438234,-0.03979023641682798,0.2633215920791397,-1.727520230921702,-1.7089685013794276,-2.6007739472167817,-1.7451620246393338,0.027129904188868775,-1.1890784602020306,-0.690964249302696,1.6420906089335792,0.5146538635468245,0.017303064081623583,4.677819884550905,-1.2592148542352577,2.201762759112696,-0.213128415783538,-0.945110640778788,-0.864158977312416,-0.21210674393985185
2022-03-03,1.1425791670354195,0.0965303519970467,-2.3193848926472533,-0.8216096291355451,-0.18801744793497485,1.0255304274205495,0.7278655493841867,0.2857292153175182,0.9606047696292521,0.29511869177228456,1.0045928096982175,0.6660410520327221,1.4103189625660273,-0.26926606820500476,-0.8940976823149417,-0.5914661362515653,1.1891857519544924,3.0220741802363427,0.5956093674669033,0.4004646065857297,1.0433426707244344,1.0572405024288838
2022-03-04,-1.6802845251105794,-0.8547579978907797,-4.358889217806982,-2.07984674575587,0.11284518505597801,0.9482238066458898,0.5615471724571975,0.7374727306724582,0.05814143073825621,-0.6910485269560425,-0.37359472598927385,-1.2664211053963066,0.41816555921988363,-0.36831512545142914,-3.5474864064169025,6.366241999578072,1.5414002065162347,2.330012588226997,-0.03896063538867881,-0.44036658017370756,-0.37359472598927385,0.5575141364248537
2022-03-07,-1.4221317823927633,-3.4470535240070808,-3.808277707086162,-4.2693729596641194,0.1502688407759069,-0.8805051520855139,-1.906972134637492,-2.5654103717200387,-1.6754410756454976,-1.3309123565061278,-2.3029249486269716,-2.391705848585675,-2.4510346704542783,-0.641650483396668,-3.397637873390971,3.141942415454735,1.0205331991825768,-3.8219080166699926,-0.45481632784672293,-2.2160228955486176,-1.5012698563501499,0.31936964641437915
2022-03-08,-3.632897100483387,-0.3937316475831662,2.7035978298556094,0.6927412351654825,-0.1878472912860878,-0.2836058050199473,-1.0909459422913252,-1.6825972820801176,-0.2321809020368256,0.012231641861275481,-0.7487221372022892,-0.523922271624321,-0.11855685093911908,-0.4466510918007839,0.07298036991853243,4.014914719484551,3.066457212511527,0.2288614750703109,0.3673142756689074,0.28345122441353304,-0.3886068329334673,-0.5178706240483594
2022-03-09,0.16188834756631618,2.9477975718293026,5.50536607897159,3.0939778154197755,-0.15057087868994193,-0.31706706365914317,0.7801827654771069,-0.36301639506653843,0.4748769331204432,1.1325698880065012,0.383583699829252,1.2973334530783012,1.8293857019955202,-0.9746674113955599,6.574355465547701,-12.094169157104142,-2.7141098572945093,-3.2949645980386277,0.30203966932606785,0.6044830479766288,0.1994452835245649,-0.5574363092483232
2022-03-10,4.09406972182047,-0.2911278690081325,-2.089237139928472,-1.7294749475354014,0.0,-0.298682750388531,-0.09311133633097514,0.5109677050597022,-0.9880579858162972,-0.681270514242755,0.04331817719720879,0.12484405808956267,0.41055705913591006,2.259581694931232,-0.4496400673581662,-1.7245093070070125,0.47309737596465584,1.6229012166105037,0.16146068811689573,1.7614412258988361,0.8173745095212688,0.8609328858581295
2022-03-11,-1.9864825541108178,-1.046965971084962,-0.38536443608295534,-1.8824471283664035,-0.26397813601152775,0.20558780937554041,-0.5547920515442163,-0.24468070003916945,0.19110899064454934,-0.49375303779452173,-0.350674916153774,-0.5952780541213363,-0.5647595720572723,-0.9125763816619457,1.248234194168343,3.343391518160922,-0.47259544671269776,-0.6916133623206392,0.2326741557115987,-0.3105758498159961,-0.39799717550608216,0.902675071860024
2022-03-14,0.867399647296653,0.42178015382989126,2.9134756522306064,-1.2939836377810825,0.037744189280780126,-0.11908709707110388,0.32309803103354184,-0.35058923543692616,-0.30313185702652895,-0.03804291666358613,0.5118811516242345,0.7774144055698637,0.3709366495934974,-0.17359786633533114,2.558610466416312,-3.6164518180116874,-0.3635481676876491,-0.9743612046114141,1.155299338126479,0.41025889595399906,0.7566163055622012,0.19962913066369956
2022-03-15,0.9118340231663444,2.759741307224518,1.3262910672530899,0.7288508970720831,-0.22674692546862618,0.5387086794705174,0.37310832600845867,0.7549599246306354,1.366675626581544,1.3320221433335644,0.4835107783275639,0.17924935330364014,1.2530728773689397,-0.72236943815148,-1.176556789637295,-5.369019635201791,-1.3037318702774088,0.6939208903507325,0.5845291330907093,0.6841495916783769,0.2624270885615176,-0.7609335481568067
2022-03-16,1.3906867671746341,2.2557589618153067,3.917432308560303,7.807654583886807,0.15121528204306897,-0.07497243930789026,-0.06624347715460997,-0.3487736935282883,0.9134561913358605,1.4552835795381962,0.228932805507531,1.144872462191621,1.24342011487296,1.6365241834629598,2.411203042219552,-0.4487091646327347,0.6867031201227417,3.1839003144494433,0.06257452057395738,0.3056659719642761,0.34731535431253546,-0.0387834241190865
2022-03-17,2.3007082152427136,1.730773266177013,1.131762332136335,-0.025570724942483466,0.07553164342555468,0.29450112065969813,1.7614503074651358,1.6293079481366386,1.462815674936183,1.170590105833842,1.4478275330750037,2.060572397590839,2.021691435585944,0.6618486557465123,2.842148192813694,8.098885567214797,0.9751073584181532,1.471627104367402,0.48743396315266013,0.965615090749682,1.2033432890666524,1.8346110401437383
2022-03-18,0.6973773582265813,0.7657502488547826,0.4919849472421846,1.0974119110049074,-0.11332370714547317,-0.02975073460450602,-0.602224672341153,0.3972042855094566,-0.12638453772361494,0.004100067606181841,-0.031184521627043212,-0.49300078494570976,-0.32356714473881376,1.455303679096741,-1.1617918462169874,0.9709480825469172,-1.2064382155285434,0.13010371530377662,-0.32356714473881376,0.37862648887259276,-0.18073302944447084,0.9362908151476699
2022-03-22,0.9141487873613106,1.4404998503213544,1.5904439525258818,2.0746168425342852,-0.1891263866612824,-0.27247638306180744,-0.709124432917167,-0.2420979092411006,0.03541618506736152,0.790739634567475,0.24078579363292157,0.37473079771314216,0.53216113389896,2.1439470415382345,0.19641700126507405,-0.9625873082293722,-0.45056446859623883,0.5569725656130534,0.27715452382800865,0.03946727913223432,0.34350192636801924,0.09049367476864509
2022-03-23,2.405656939055928,0.15319094809478445,-0.4297296627016449,0.7873948010661334,-0.11365746473423434,2.1196412923739834,2.690259253311039,2.771996584298404,1.7327277121105162,1.1317919930037188,2.320691344267961,2.030144752920112,0.3210775036303508,-0.7808039221550799,-0.2423649033836342,5.674043948064482,2.8061014075370365,3.2493614412434106,1.4493804499318848,1.566451868264157,2.1863967486892975,2.3410604201552685
2022-03-24,0.33556913002890815,1.3204795819634159,0.40626295630818987,0.35425413682833795,0.0,-0.7339151052843125,-0.8439054324840447,-0.5967969568171201,-0.1340773418094658,0.03201128597358136,-0.7700098810214576,-0.6983206156381679,0.45538242926307776,1.1337018152324498,-1.5981361934986282,-2.8969445746782254,0.5477218051944948,-1.6269962113325658,-0.17569194611636907,-0.3893099831545829,-0.6357152854427819,0.31648495367897556
2022-03-25,-0.19161214804323398,1.4885271220524994,1.0657996515507109,0.20540502111995323,-0.07587584490246331,-0.030280118769000296,0.4766421971549209,0.4915493113688874,0.2080077139079128,0.2785057993208276,0.7068129081944348,0.9517837905580528,2.2421927751180197,-0.8016892389887039,2.1239243490924817,2.235087617754422,0.5909668338155396,0.5828000213470413,1.001352887584672,1.0306228657578294,0.9204862526546485,1.1689902987499434
2022-03-28,-0.2640676338429241,0.6466400807476413,0.1631276246372542,0.2702713585050305,-0.5325049737010188,0.16382525847347332,0.2658491184083861,0.7894842248859566,0.48968971502791325,0.5629949123564941,-0.1897457371506191,-0.19010956647146246,0.9959635660590391,1.433781243585736,0.7518514523298417,-8.065379149899242,-1.8992932754083105,0.42600238005743274,-0.06214150472619987,-0.3123176255047644,-0.2214173587634489,0.013050214537658238
2022-03-29,0.5513613771274285,2.3599112842262753,3.638081660845031,2.8196094519376955,-0.15264840270195731,1.6276807668293476,0.9359180811535414,0.20173290968693017,1.9690594035526046,2.3571734797580497,0.7634423416045378,1.5543085463191209,4.022253950034555,1.5974397515105425,2.8581410611317533,3.280759390780794,1.175089511224213,1.7199839729060227,1.1304207043752506,1.241260343482381,0.5893414666984483,0.8979479170438481
2022-03-30,0.14333144244654986,-1.0529622451953553,-0.8576688572340835,-0.7167643109386005,0.5712898883324792,-0.04124373859404946,-0.3697111087679948,-0.542538241731522,-0.20237021639714353,-0.7358381903321068,-0.9315335980927983,-0.8036051777442823,-1.1601294976151926,-1.5974397515105474,-0.13292357991246556,1.8513467715635272,0.36704891267474543,-0.7799614198828997,-0.433579425250999,0.44769641864277193,-0.5036954944658474,-0.23102340485563455
2022-03-31,-0.8871940655157458,-2.4517948434332517,-2.8878836727793677,-2.417376210301014,0.1897393329729579,-0.7144207287000832,-0.27983188126715464,-0.2326764481962848,-1.1319000000534551,-1.264568092423854,-0.20133373939125532,-0.5506485537021255,-2.129616983377957,0.7440184070906446,-2.0657154301109917,-5.8875830786076575,-0.8619387123947306,-1.2831025650168546,-0.9006907911996024,-0.2698494942380687,-0.5817192129213437,-1.0768678046917148
2022-04-01,-0.21699297365075151,0.06561011176502037,0.9478874088348839,1.4300695499983775,0.07577953021387931,-0.8707005110069092,-0.5119787596295623,0.18124298734004665,0.11762396720968653,-0.22475830857594772,0.006371138465377121,-0.1590684237055627,1.7108960448403905,2.1767478781025353,0.7226876297187818,-0.14998839992171345,-0.856039246627566,-0.4266208985626105,-0.21741765873741747,-1.0214508054641493,-0.1279977644863461,-0.37433438598904556
2022-04-04,0.4815818482677034,1.551951523524222,0.7624266138699242,2.44826506221488,0.07573183770876248,0.633300510888148,0.1621038470956035,1.0812808740874185,1.0451590681033212,1.452652099314682,0.5434343518470235,0.6593726447614953,0.2090044579460196,-1.4382174661999287,0.31135752372908077,4.261543824598637,1.182463791208844,2.3261398531793884,0.698957622940464,0.4455871162431337,0.3698075176100789,0.6481795319326735
2022-04-05,-0.14424037021546995,-1.109014037285655,-0.8580868016249297,-1.6961489305355244,-0.2273872128251098,-1.0365676201170297,-0.9970584057763056,-0.526855116931271,-1.6063092862205837,-1.1421508082373584,-0.39373057893680385,-0.02495050895082383,-0.3302372795050372,0.13787225025665967,-0.2381695662086126,-2.5545970997755356,-0.46628527454066515,-0.5270155918953329,0.16216963006924823,-0.4700624920091403,0.2232124406550599,0.9078066669272298
2022-04-06,-1.4050606099716654,-0.3176560372390181,-0.44064065416122716,-0.6299138402987435,-0.4562436746424023,0.33533477515732907,0.23643212902505964,-0.42789615454009655,0.09925742885397162,-0.10102511033161013,0.33784878463072626,-0.5632339059849915,1.8686126014399647,-0.32200943194204895,-1.8616593001072959,-1.6800530793360196,0.9213690632672905,0.02816721422086651,0.6873215012976498,0.06379098144414282,0.42515830850041053,1.2627710617027763
2022-04-07,-1.6976653539084625,0.5568034717799366,0.555269319954612,-0.7445857855344137,0.1523288639897149,-0.19389425206868796,-0.12301401467875214,-0.3163375563832395,-0.41033246603148793,-0.1068020256054346,-0.2826478541325758,-0.03570763356611292,-0.944467275800304,-0.786286912471097,-0.9172215511820797,0.13626745169286864,0.43194314167497216,-0.22467373756766607,0.05416898362990109,-0.020029335688237795,-0.004331545556999594,-1.0136805873723955
2022-04-08,0.2973305381654952,0.033281530534703,0.3977236858713703,0.39007992375140954,-0.07614517531614563,-0.20654437885461122,0.08252341152709444,0.02446362381634992,-0.48937476744760194,-0.3077330727386403,0.13887813787977116,0.32965348378989734,0.4651244335138616,-1.0972511697264034,1.1585859712541955,1.6595592203546075,0.925669240676789,0.37081253686137927,0.30102726581517486,-0.008895669421967569,0.2982773957807902,-0.04416691483387739
2022-04-11,-0.3221469073050993,-1.4913777974569364,-0.6410305864325845,-1.021616726582048,0.0,-0.2486107198990176,-0.9296072420242515,-1.037115801399994,-0.7448567662928759,-0.45520704800017736,-0.6369621965702916,-0.35673174882212655,-0.8480780576261295,0.4917492110475638,0.3818221739895893,-2.2400166423976438,0.7273352541523068,-1.775554624057761,0.23261464006731233,0.41673619016429925,-0.053043279325800906,-0.2103273792899763
2022-04-12,-1.475209185201921,0.49890149239099535,0.15255698050752997,0.5540869800937432,-0.15273788700441554,1.3513269251393167,0.7745994722241425,1.1566755017953838,0.9390147537542936,1.6326661280657246,0.9936464054923945,0.5702947752920579,0.7226648035248973,-0.07011776749859798,-0.9420669751224113,5.83470362186443,1.6348450953488702,2.528863129759012,0.8701015651729963,0.8092377290782357,0.8012927773263903,0.4492402551245075
2022-04-13,1.5000255543415082,1.0941753509799377,1.1268394834334259,1.2581707348659552,0.1527378870044036,0.1759407550600435,-0.204010245371489,-0.322330879121394,0.47066009285407284,0.5513174104997141,-0.18000597467066046,-0.4355329549229842,0.6629082736805987,0.04674604665065807,-1.3987854497072147,3.116236917695795,0.43306968911591087,0.06031132063036648,-0.04464123966102987,-0.5237883850352972,-0.204010245371489,0.478258547809127
2022-04-14,0.790916323300782,-1.2840941287113792,-0.48503865346891845,-1.3339144895669124,0.30475824721127365,-0.9357297459729438,-0.3150531470994375,-0.010363902988508445,-1.202948756334143,-0.701804040025919,0.6853531542566735,1.0405864287133029,-0.4623945019634692,0.4429529386743187,1.2154089947864384,1.4247134888879547,-0.36200445876700826,-0.06607446429811017,-0.031102515039935805,0.6167982427050421,0.8616161655433722,-0.06313435879264795
2022-04-19,0.8214044189285676,1.9797637062573283,0.8177906724379104,-0.12197868473276974,-0.03809471006154955,-0.2830905345948925,0.36202541887418965,-0.4493687781991505,-0.4195814972309851,0.29095320652731177,0.18132391613073076,0.2473559705088972,2.5341182473233936,-0.8387683655153948,-1.2162740727498946,-4.136920976805523,-1.14444788549527,-1.798998096906065,0.3783789257181044,0.07153688871440306,-0.004236668030145774,-0.1068850865376679
2022-04-20,1.2073546303912308,1.6690354098890932,2.5679867581474203,1.1486473315534016,-0.15253387914327363,2.5209321645479954,2.4658004036189953,2.4639948751102874,2.7766885007857547,2.0550662788997522,1.983980812555311,2.119921021451418,3.392267303464587,-0.6337378716459364,2.382719219534285,2.2363813814363285,2.231498318197085,0.971530527238284,1.7431976988878835,1.8581362999911242,1.783052374013393,2.2345691649946535
2022-04-21,0.6591054603358484,-2.532530683546524,-1.9643863137165891,-2.971274824309653,0.03814310222594387,-1.579360106181144,-1.0673808436740277,-1.1390290795599884,-2.0945498067222537,-1.7132324156386665,-1.0935871590923871,-0.7028169127028061,-1.7215919150170285,0.9141143440440397,0.19325730808492525,0.10701202828141095,-1.3822534483259485,-0.9554597362556301,-1.025859098089933,-0.5142162372518893,-0.6187212469109892,-0.3383732038224927
2022-04-22,-1.347241230406211,-2.4741713754717485,-1.2484279050669904,-0.5845577389495578,-0.1909295367976128,0.3567888857395597,0.6108489591214252,0.672088595662155,0.1935749260674137,-0.2957138333251689,-0.4200849255293998,-0.5033909112997743,-1.46188152042705,0.30286641167754813,-1.076326144758718,-2.0361275249472217,-0.6688754743169055,-1.7897645947867487,0.3080906609231811,0.17409765631211724,-0.007773575103945197,-0.8250328854447326
2022-04-25,-1.3906356812147758,0.7313633555655236,-0.6591150551400935,-0.5808746134737762,0.0763882383251637,0.793644048060968,-0.21417361667122797,-0.35579511362837624,1.2580425628713607,0.9950613420515481,-1.056070154103697,-1.877247125340093,-0.10214099546121808,-0.0465737124554833,-2.0582025463587557,-2.046048849371353,-1.660150613130934,-1.8794432763607414,0.15329263889202208,-0.07046974248268252,-1.3472918998819627,-1.5772165226902854
2022-04-26,0.050012401965336836,-3.610558261075107,-4.0062325900706774,-2.882822863251799,-0.03819658853196067,-0.006680610237437955,-0.8132912849157514,-0.7522450485347397,-0.724043587961346,-1.261460320241346,-1.3412750944371676,-1.6689817811978986,-2.3295303346946206,0.0,-1.5542939650700092,1.723980084348243,-0.5193515637875651,-2.0378312242286634,-0.6717371025205665,-1.5665667333404791,-1.3816592762266164,-1.4475258328093665
2022-04-27,-0.8030233011880149,-0.09411538974070538,0.08875690550651406,0.7848087613999234,0.19087619052077603,-0.9336767636439111,-2.0169474250844814,-2.0594985359896234,-1.339261370722828,-0.8669398075656611,-1.8581338938320313,-1.8742888925701664,-1.0364415347943725,0.44121816748102516,-1.2390638723000709,-0.49266433266635057,-1.133463513940998,-0.0038318319209750375,-0.37489118967762053,-1.0407137481508149,-1.6075083956970726,-0.8729534508041363
2022-04-28,1.8720145742122865,3.376992569172489,2.1591432760476046,2.313398307910601,0.22857348592591137,0.7374168168931445,0.2437923661806089,-0.1431321754000293,1.1814919730004554,1.437350059749485,0.31363251056396124,0.356102043331606,2.707330436412851,-0.7908938522726968,1.1182202761809155,3.096824486329427,1.4208068961353526,0.2880715956135163,0.8824264171890583,0.05757141373513915,0.5486474760453176,0.6360318170486918
2022-05-06,0.8615495855391165,0.25429942763193114,-0.6862730983820238,-0.5300103561961317,-0.19087619052078447,0.28093452103539496,-1.2126026155014946,-1.5875695816730095,-0.0006709495335828948,0.28753314362506915,-1.7865816805356305,-1.524269701082174,-0.3410347517082184,0.3953074180580983,-3.5421050991375185,2.882463602419997,1.0184564696285112,0.040783031751787165,0.8530059776814385,0.08666919211781098,-1.185977983951993,-0.9950986159777195
2022-05-09,-1.8553358371592652,-2.9331192178752197,-2.7396863329878065,-2.6043758076092796,-0.15295197599852034,1.0601362224853816,0.28481858280659395,0.3135518740596772,0.6722920259869191,-0.7415401230142025,-0.05027710066399681,-0.6367697885423323,-4.18337451848724,-1.7794821630467732,-4.045126175000811,-6.688828218068703,-1.137565665247128,-0.8116378949850357,0.3209690990075119,0.2406658856384609,0.03227389198021017,-0.7463635768681224
2022-05-10,-0.8273905248116393,-0.05412171531723131,0.7277533616255626,0.19193053765582574,0.1529519759985183,0.048388774265018364,0.5255555630953774,1.0035066784930842,0.13686097024179245,0.2866184664275674,0.2929208273879383,0.6942655457066571,-2.123727158061497,0.14295582703756998,0.6510057637470511,-2.9852794065584396,-1.1330221094573014,-1.1923968101531277,-0.2849155441052212,0.03267354553817817,-0.1931736456157719,-1.5338886997052175
2022-05-11,-0.5047980600213607,-1.6213259030708576,-0.5792618680204799,-0.7234581785763107,-0.03819164979319764,0.5947157246572407,-0.31921743041795414,-0.8187495210286087,0.44466396130482394,-0.6175166012208345,0.008759045515552368,0.6499620056183306,-0.23346179568685954,-1.077211682492091,2.888902182301214,4.761270269563448,0.7934508947066994,0.8482579407410027,-0.01994490577552367,-0.35127051117913266,-0.2620844794265941,-0.34789827241216525
2022-05-12,2.6714885861908697,-0.5010763726886381,-0.886334089145379,-1.054343173985508,0.0,-0.0664511843228405,-0.601923955801501,0.6583337228258227,-0.35210633097487243,-0.4356863217976175,-0.5353225742173342,-1.1786080402220978,0.38058347659278685,0.26439209802233976,-2.447533167756846,0.937486223658578,-1.941903701240629,-3.2665040793370412,-0.3966330841729343,-0.5676820194301013,-1.0055378996806967,-0.5002190221102613
2022-05-13,-2.1666905261695195,1.3975531100052645,1.9024707970422265,1.7638052619495734,0.15278643457165766,-1.4899923374202557,-1.8323139644452493,-1.5836593475036427,-1.4921322399108443,-0.847895516256845,-1.2045819835748874,-0.6364620668533668,1.6414293413694003,1.382628732609257,-0.6094508879848171,1.5893921140359237,-1.7793618023504396,1.1158102373810679,-0.9650990324693434,-2.241331146140236,-1.2086586609044565,-1.7701510044803872
2022-05-16,0.12579893397902675,0.2476365119634083,1.0245691286476626,0.25828144711958156,0.03814310222594387,1.0724154845038134,1.0247521241476436,1.2577467441142667,0.7885117059862646,0.5109130707618239,1.1323110321288485,0.8841379765903034,0.021915246704085567,-0.30825306571977457,2.336609059315767,2.8807294698240704,1.6035504253160435,1.521733091208905,0.6542224601083979,0.8542915839938002,1.0996751960014215,1.7234404233622083
2022-05-17,0.1758599034091846,1.6421401798797166,1.9716944436119928,2.0310717617496965,-0.07633002656063606,-1.1539063438671378,-1.1733105505470867,-1.3425480145096067,-0.9681766786156472,-0.48537817943054484,-0.2756903323222445,0.3755800655208362,0.9589524554820847,0.23719298028109354,0.08368092667431637,-2.829911370513744,-1.023943448922481,-0.002182506773475249,-0.39403404035408174,-0.02228934228345112,0.1492802399052685,-0.00889487765970697
2022-05-18,0.8497991317486088,-3.7036511622892716,-2.5727034623709555,-2.014085200130185,-0.1528741471440386,1.1223356823681718,2.083686902024326,1.8514842827375009,0.779202274376903,-0.4144848083125897,1.50273441513667,0.8047306954366827,-2.535107597027564,0.6611779439792557,1.7650911209643023,-1.8584030756627623,0.4641549724580247,-1.5637671351189073,0.4110206019735894,1.4510774596951688,1.691300929161679,1.2317288098809238
2022-05-19,-1.327842767342279,-1.8110630424697163,-0.1571871827277029,0.37770485028582945,0.03827463690705249,-0.8380919738106504,-1.7079368189947468,-2.2390278649535005,-0.9282304656142345,-0.5279051740158505,-2.115924082062539,-2.350775142317261,-1.6414811912620026,-0.2592345130499251,-2.673816995956545,0.4171083083886115,0.26228865883824254,1.8671325142353854,-1.19673905718785,-1.9136066979331159,-2.3290361706875684,-2.2133216840401677
2022-05-20,1.103598193325586,-0.02049209851301409,0.3556831048364727,0.3499578544071371,0.30532031371495494,0.3991786679538543,0.6006772548585626,0.4578316119955325,0.42631783110978694,-0.12949668304000747,0.7164661661514894,0.5839317576225463,0.5705976411713851,0.09433735398586414,1.8216412382352694,1.2550068622287125,0.005650076159954602,0.3990116527626492,-0.06412669955925616,0.9428929694968323,0.8885546554188358,1.1183405490575768
2022-05-23,1.01750688713432,1.9092367246409323,2.1626737712273867,0.806227027477052,-0.07625247340096494,-0.5530365757244822,0.18980977933534246,-0.30665147137629467,-0.3009345536947008,0.44714440349669615,0.16857080415066258,0.7248575612334717,1.208836499711746,0.4703495828032354,1.9023919964434748,0.4466759066017249,0.5194845507394723,1.1279245416451968,0.055525561352568094,-0.028101940934312182,0.39849569180747657,0.35156130698911275
2022-05-24,-1.1423078575081558,-0.8108867991861196,-0.06165181278879017,-1.7968757255348453,0.30464221657600166,0.8140899257229658,1.7462192110709724,1.3780845903853562,1.2591789451345214,0.5528813064736601,0.6166269679776067,0.06060167521433148,0.7962331105079477,-0.8719201641869774,-0.6288368041606871,-0.007983763771158274,0.7047968380584366,-0.6176403438240557,-0.0445743344953736,1.0127391559235,0.45234506172916716,0.3304804937923732
2022-05-25,-0.07494451587478353,0.03360978767321288,-0.9315053000536706,-0.35616056697183307,0.18993359879989932,-0.6445062918321272,-1.886578845572217,-1.5672062583636186,0.17966930545737744,0.6578091420450776,-0.9138033558429277,-0.3063871428625655,-0.0019297138189553545,0.8484822419330881,-2.047845946651525,-0.2623276220436311,-1.4508158161416058,-1.57662496243356,-0.845990936485765,-0.36461594958650767,-1.0450319852257746,-0.6476086968300467
2022-05-26,-0.05001240196533586,2.2801336471398543,1.6442192055394358,1.8532237002825316,-0.5708572211182291,0.25375619665302546,0.4515155884836683,0.004351518249958329,0.32780795267326707,1.6825387745890628,0.8146391644128006,1.3571892500575067,0.42460505756028194,-0.04695408206921279,1.3286210119251038,2.8276846702362413,0.1166104447649668,0.06983411141961858,0.30167140875769816,-0.13974161302247817,0.650827366781377,0.11099842848125926
2022-05-27,0.548636788020206,2.3410831314161498,1.1405291054978812,1.063871710141673,0.2667842269015693,0.059564270190457055,0.007709471996442875,0.7288671650628108,0.437590280468776,0.8051523962460184,0.4326695840720359,0.4902164017497811,2.562688996518914,0.3047637222010391,1.6734601726606033,0.939052191584562,-0.0320999180948357,1.1843271863456042,-0.08418845636392028,0.34385170163731293,0.162984947754925,0.043258298237159334
2022-05-31,-0.46484796457734995,0.017305872631580697,0.2961411227119482,1.9733513351057232,-0.0762814057423196,-0.4694475560244965,-0.0753672843945155,-0.716913259928675,-0.15998477888291696,-0.28416933604831596,-0.05785018308368629,-0.18049589620481246,-0.6539061558615864,0.32672718481776314,-0.3348974877219129,0.591700370255426,-0.4142298509833572,-0.2253801158544534,0.3912616241223162,0.7817826793482032,0.5410781421959941,0.8740392826446418
2022-06-01,1.2186523486155292,-0.06987725102614924,-0.9271434775633272,0.03618565723949673,0.03814310222594387,0.1776100427604726,0.17149303790613574,0.16642393077884385,0.15713667335738973,0.371544980174519,0.2984872970169903,0.3813345445455498,-0.08890013412494238,0.13971437746013673,-1.1317518756822973,0.8241087279482665,1.377126185538868,1.7384202430135418,0.7422425237972484,0.37992683375102737,0.41375849041225177,0.571625829678566
2022-06-06,0.2664342471836316,0.9095103650853025,1.0920979396485255,1.1468316918248587,0.038211271911825474,-0.14811442831072102,-0.45856877923932826,-0.4417621156099787,-0.10380539084246189,-0.1475992781976749,0.0627025936534697,0.8969364851183894,0.2895224426500345,-0.09300062773795142,1.4082252012081782,-0.6089847038783925,0.16412581439249327,-0.06194125763312456,0.6054705996789028,0.3723306586079497,-0.08876489498943742,-0.2397098736272605
2022-06-07,0.33808781749191136,2.0722551514344607,1.3683810956671543,1.4223245547571832,-0.19111456648187844,1.5195659827473682,1.378377993470769,2.0758594676520046,1.6500265170055775,1.347972042711042,1.4438373228543608,0.9912254843936665,2.4862998998947488,0.2787902714999278,0.2570761204777705,2.9671338504779503,1.7673414278055473,1.4889495845251,1.11761464658871,0.7922124810434149,1.3692919577927616,0.8870012143799748
2022-06-08,1.1743668378929406,-0.5868049413972021,-0.940017386507388,1.0431786917003127,0.07651505624490659,0.13386865930902228,1.1795067720402312,0.6070332377551779,-0.07057566106583048,-0.3537726450999002,0.5844263683798913,0.8058383624013941,-1.8265172847603495,0.3705537042785567,0.9294212934355095,2.6489588039281196,0.4138136195485679,-0.05114102397301649,0.5063761979174475,0.5645607485921841,1.0116662588378331,0.9480319686859964
2022-06-09,-0.04766327945018086,-1.2224790357872817,-1.3372260313731252,-1.2102113236492489,-0.07651505624490283,1.0961292618274108,-0.30592142913684506,0.36265806262081945,0.5236729799185031,0.3819753318356395,-0.1709571234755936,-0.3564834677818843,-1.214653494016527,0.3230875240779494,-2.8437630290443874,0.1903881004858406,0.8657138147429686,-0.46900622346740867,1.1845471972158506,1.3740132025043037,0.8106950676702394,0.7116407180078108
2022-06-10,-1.3197490895445732,-2.9513530962109153,-2.738691179810963,-1.121117205800868,-0.07653451855793621,-0.9967728545369087,-0.5185320143458577,-1.48668112778652,-0.9813754340631075,-1.726240207052116,-1.2589659407298452,-1.5756807482896418,-2.250944776961155,-0.763255786687021,-2.4648010177329036,-1.057443994322455,1.3233914489524279,-1.3440495626863014,-0.00892207386365975,-0.9344639703488677,-0.3946967656241419,-1.2699495014696427
2022-06-13,-2.1732023811627896,-3.576593819360157,-3.3604438307947153,-3.2697000222559525,-0.49894167246389737,-1.4988491672982023,-1.8188680022050707,-1.9259161665521192,-2.040149794320357,-3.108277129738787,-2.6401143529189546,-3.2300532128611232,-4.83399776925581,-0.6522451599138355,-5.452110836141224,0.5490330259910285,-2.382568482427298,-2.1549387171628855,0.294167400019962,-0.9326598824258641,-1.4602950542170732,-0.814795540322541
2022-06-14,-1.1420174631379356,-0.7396578325995812,-1.7051050774962802,0.9384042570440667,-0.6175360369499402,-1.2395332182559402,-1.4487694693129942,-2.4081547918724944,-0.9578340030186286,0.21662963295528792,-2.347878455642877,-2.1594518961746054,-1.2022293516358118,-2.7963717330176463,-0.8803100247789585,-2.574278671461186,-1.2413881666592261,-1.8248337633581042,-0.43784744633055617,-1.1472448060894458,-1.5132202279784754,-1.527371274540191
2022-06-15,-1.2815953330864496,2.208838303984167,3.202128058932855,2.1017623683476785,-0.42677281988990035,2.1794540487781915,-0.0675534412472538,0.724748502919224,2.3452709322967653,2.718086468022761,0.6229143152617079,0.5633179298142695,3.136219892613697,-2.2112606807108532,-0.758119758077449,-0.9401492069571429,2.089920310863591,1.5485920996629563,0.7932693432024867,1.0127868955988706,-0.29740680732594477,0.018250514272611266
2022-06-16,0.7558636456630242,-4.240850962390871,-3.4906208288585856,-3.9892161446230476,0.38805856213662554,-0.22424348517237863,-1.07939725246547,0.05344435133726328,-0.7653532578543712,-2.474443166202945,-0.3426263046313679,-0.4266451604019802,-3.539387846472068,1.1724612638148997,-7.3584009222237485,-0.03900172335429259,0.24278934172087802,-2.512344591218875,-0.8752553398927564,-0.7078081462829141,0.4568144584269563,0.9611388688717215
2022-06-17,-1.7215608557216635,-1.0558105739009473,-1.252373288104307,-0.8923064893442951,0.07743330938980902,-1.2412026299669654,0.810843620881965,0.10472142584831802,-1.0698727523435507,-0.9600330976393914,0.5471638057222745,0.3816124576741343,-0.5157154950694889,0.04856849324144949,3.448681629317584,-6.324855569200541,-2.096821112161048,-3.1813762111406083,-1.2711400977564746,-0.3965895834479648,0.21112297771882357,-0.9150075133592459
2022-06-21,2.0176830494898357,4.479490641796769,3.6244800399850394,3.593702558865309,0.07756367602202659,1.4729885205997728,-0.12873913007667975,-0.42329573497710826,0.9829920858854604,1.925751507010752,0.17327015943963808,0.48666756305576503,3.374792594452051,0.24367321441015133,0.16543740005479504,2.8416090159780474,1.6188990614337868,1.993277604882807,-0.13980861841677558,0.135201766194465,0.0525890043183629,0.1116030140069102
2022-06-22,-0.2531584926566366,0.6897049541235661,0.2089977052913873,-0.9311141701370587,0.0775233604180943,2.1272920413798206,2.0904326593335227,2.476949960653909,1.5977510822974261,0.8441259519346045,1.366041531850494,0.45174399686073297,2.1340001248921228,-0.6592680811351341,1.1489562429732398,-2.9733559536277188,1.2689064209121286,-1.495555757941895,0.8711795873698568,0.9880243120508636,0.9705709893771987,0.758756896343525
2022-06-23,-0.05071560685095439,0.7955176271045676,-0.7892774595177151,0.12269036299566524,0.07746330825543947,0.3831672605357659,0.6010966960145814,1.2576835392902102,0.5869136488847585,0.5339291340848565,0.5353495424524919,-0.43494048634790117,1.7020638070526468,0.12242537674333086,-2.5012718343904354,-2.5571339139074207,-0.7947615046129924,-5.0001553053556735,-0.17994967476812868,0.1128053280082569,-0.3104749854659211,-0.992728673812524
2022-06-24,0.8837315791003593,2.2556589636118862,2.4133922057648114,1.4653364580130264,0.15475670820903656,-1.2295265665755362,-0.7150738293770038,-0.46855395298555247,-0.7561071211604378,-0.1654892831597472,-0.8259950870460442,-0.5459770783790926,1.2310998616095452,0.3175692501254004,1.4073469736596538,1.9839712292734983,-0.974145380129222,-1.2276061962188234,-0.8742492804346186,-1.2846640575517294,-0.7834498752648756,-0.8984074512828335
2022-06-27,1.0005113781707005,-0.21818748729787452,-0.09459479713923505,0.2874256740260457,-0.34852760576322583,-0.4006050187493396,0.2554335776934416,-0.6448625434737483,-0.7571240571807906,-0.45036156456431004,-0.18193946539040162,0.08427583128329957,0.014053913827132421,1.0433009886176214,1.0847869765989886,2.186502153688123,0.05273484111652928,0.7380737420858466,0.1645042853023263,0.5988582278031648,0.35572561765896976,0.7385660537677484
2022-06-28,1.0891199904016555,-1.7886615235017649,-0.7110916710862463,-0.3403442347759311,-0.1552478067104506,0.404937380186258,-0.35422419529624694,-0.8619159803091253,0.24825705162523523,-0.8298185602530105,-0.3487629911564801,-0.4761129813044832,-0.9469723208207169,1.4854264234024779,0.7059781095989653,2.4112729899983485,0.11085157342474268,0.1877594419545985,0.27578963411881613,0.4168012772808595,0.14879474382903998,-0.022393803259538315
2022-06-29,-0.5925932702433372,0.36936962494185943,-0.13090017108186688,0.05452174296434139,0.23280122813925153,1.2519318493270357,0.7822706337694258,0.7531634172171751,1.0451572463521985,0.30165793182894385,-0.039332174012981204,-1.0065045959921108,-0.17163978566283847,0.42714492365450873,-3.0878332485054507,-1.6605145521742557,0.37419386271040395,0.8463777028475082,0.45085903339618916,-0.09495593806920032,-0.19401844341896876,0.19288438124252327
2022-06-30,-1.0705949843900626,-0.41814538734360396,-0.18758235707550197,-0.07510988224138027,0.03875416786997102,1.1629894953120152,0.5746620253333696,0.6677576579754831,0.6979592584127219,0.34326047966702045,0.4836613160651002,-0.49598533357967656,0.21117520826979194,0.09467920426029043,-3.2188553526270343,-2.7869849513192233,-0.21195305585219648,-2.17916920489792,0.3976057139813154,-0.3365600786162249,-0.08146344437989672,0.03725102429589281
2022-07-01,-1.3609091198684864,0.4624630267888935,-0.5139341824712357,-1.215018395848329,0.11618235989196381,0.4766586494401415,0.9853623900121573,1.4055082022939989,0.6664065935896684,0.35966257435779675,0.5641628045356079,0.13815505915910645,1.1943791987946384,-1.0463715783630603,0.5166447592421136,1.039827564600012,-0.6727765789488941,-2.406215300138161,-0.5896366110903087,-0.28988082456894193,-0.3452705057632105,-0.3261877998642063
2022-07-05,0.3997908604435858,0.22844706745030874,-2.8779137032087685,-0.7411873943870109,-0.1931719995795314,0.4071667253414393,1.8146691958694543,1.7669666838704128,0.01276600991392345,-0.05484727436473794,1.1725547121871875,0.09067491066968836,-0.24094395157390727,0.07089513935309302,0.9549445243080487,-8.773864988495191,-2.104018784035744,-5.036516281322695,0.5884454786971461,0.5817264370726967,0.6726702885727427,1.435863774939017
2022-07-06,-1.3052349022317635,0.10205769134061828,-0.02108077624155918,-0.8439564127901789,-0.0386989871940702,-1.0880093199778529,-2.17102946294547,-2.1071400352865157,-0.7314041623212731,-0.6147141538912709,-0.7081013859737252,-1.1240836149163127,-0.41908125559309806,-1.0449015304823597,0.621727605720119,-1.7305931951962408,-1.8320132154225293,-0.0424287617776763,-0.2351114566820665,-1.9293625231179568,-1.6083674260086456,-1.4184731884577522
2022-07-07,-0.8627302038713199,1.8144371857466313,1.8707590841550135,2.318079911306473,0.19327629276405964,-0.28724121462229063,-1.3140603354176246,0.0069077265516991945,0.31877406049013746,1.9444704945656255,-0.19086491448043638,0.8673972188012804,0.5982641408693471,0.7373186787002574,0.5237550955013413,4.16268247120193,0.38331978732952493,2.987053289129866,0.32782985820253285,-0.40222262431864514,0.11112288133057434,0.19860833353580304
2022-07-08,2.7773003664894045,-0.12129562707334789,0.03753338779247734,-0.038994577958015766,-0.7363026202701577,-0.6480502248942649,0.40435682197290024,-0.2008745791886591,-0.20199875500327003,0.04118341861701606,0.9795309396932856,1.275345629032523,-0.569741110883575,-0.8328432048718968,0.10860660255731706,2.52739530572177,0.004149245767385949,-0.41458151238649005,-0.038994577958015766,-0.19014128535599195,0.8368143759001143,0.8980294235002666
2022-07-11,1.336879679286962,-0.8638644737988412,-1.3538213805831005,-2.4201818182017347,0.15622263050536975,1.0702347438208888,1.044846055204356,0.5469440002217197,0.5656453245244653,-0.2773275039205201,0.61010878766247,0.0007596135709541005,0.0676312196130341,0.9749188981117709,-0.34482459595539816,-0.11041082205048794,-0.2524222547042292,-2.6261378767592465,0.28507039781217025,0.2666759554012407,0.19986856183235283,0.23182488650844058
2022-07-12,-1.6420654526628609,-0.09447758799430386,0.7359972542106227,0.40917334342748446,0.07804963406453876,1.0286935784803375,0.375356090554945,0.29043642610516535,0.9387591345410106,1.1963506921335565,0.3710947913615488,-0.00549955121548213,0.40175262185664945,0.18912770690004563,0.3643120307351572,-6.385656826672569,0.42197565599313713,-4.271292993224019,0.794340546591518,-0.39484677778176713,-0.17050211882166605,-0.6938646453039141
2022-07-13,0.3305759293842385,-1.0095674844670897,-0.4441086024793451,-0.7148193199453667,0.11694549485477315,-0.054764811694815056,-0.7272971817094442,-0.2279769639490658,0.2632022385040413,-0.5900883138202826,-1.1866414280568613,-1.0912254825873673,-0.9649512442432948,-0.14180705224538576,-0.8054152267164851,0.03754227907898016,-0.005386934033550355,1.5841221061862623,-0.48301353040216927,-0.628731505992203,-0.686800610110184,-0.4208117696131451
2022-07-14,0.1522057062104917,0.4144258410564129,-1.0089905070621998,-0.24908370883045683,0.0389415603793077,0.10246254699538379,0.5619906554203519,0.24326360067144517,0.019602747397760082,0.46994304471678316,0.2861119817386402,-0.32485469249334514,-0.24684306435587802,-0.16570304355162452,-1.4021490872654134,0.1919207377149532,-0.7571120609979373,-2.0227626883464644,0.6575528651661922,0.67799726535774,0.5349935396334355,0.43808111549250955
2022-07-15,0.07600933004898117,2.860676734698181,2.8677991691709552,1.4872834205368233,0.23338082633592291,1.3093805087897743,1.409250780492291,0.5678897057853441,1.7672357591318473,2.2345011462790882,1.2382959377416343,1.921632287410956,2.649111581963724,-0.09479998880052441,3.3448757035326446,2.182487612360131,0.7671548166735399,0.968202398309235,0.968202398309235,0.9019241130007658,0.7767958466676798,1.2975208604070383
2022-07-19,0.3539930489337394,2.604601236950272,3.145341133823066,1.570390713310843,0.03883567861725639,-0.5212902314305345,0.3633931132353227,-0.02578720284097393,0.21730885859129423,1.2539427829312504,0.44271316496222674,1.9455368329269889,2.495006290238199,0.591080773715737,2.6383058985836025,1.5400207003658035,0.17699530003831598,-0.8139141516515007,-0.061467083223358164,0.42377803238195694,0.41758238423322697,-0.100876798961535
2022-07-20,2.2955098528150737,0.6077880704618025,-1.2109529158509424,-0.4583810859775146,-0.38910653076306057,-0.12562836256429824,0.5877566269504043,0.7948297272043141,-0.13531743834860124,0.40708094581059673,0.607479307546164,0.5571126279483439,-0.2630627092901865,0.11778291909524644,0.5993605699757129,-0.554194932608699,-0.9721523043328468,1.1239483368208716,-0.027501370411716627,0.8202783454539774,0.45684884730094716,1.2437224578701733
2022-07-21,0.29555760160530525,1.1606936849315728,1.405618260228226,1.2840319743334274,0.19473757432519329,1.279699563411556,0.2539544376491039,1.09141543015765,1.5046567788417313,1.3234367674080603,0.04283589305629178,0.42003449825509287,0.9377051770892736,0.7740383297279255,-0.06733480061143537,-2.6607380036963892,1.5486998151466564,-0.5517803294407334,0.14752015492010123,-0.3315641112463853,-0.12427524973557538,0.006291855147550317
2022-07-22,0.22110776826525075,-1.8737331934814871,-1.3904207106467021,-1.95117541348084,0.34957088248904133,0.1970620973381496,0.32940953187145156,0.3474279661164754,-0.17297888689344348,-1.0715964066668895,0.8437041331632761,0.0313735068533638,-0.4217850196268135,0.37311895744647006,3.2598426966039526,-2.2214351470593705,-0.6923254136678072,-0.39173207998464027,-0.9415895132172919,-0.5621902391081413,-0.7300839385934851,-0.42582434325348134
2022-07-25,-0.7142011463778509,-0.4535401792437508,0.3764401070393778,-0.22045765050990998,0.4256385991231052,-0.9305903151333856,-0.8867541475772973,-1.192548405273083,-1.4234418586477142,-0.6009474318514149,-0.6470062865588779,-0.6002752862129064,-0.40581669900143436,0.20927304747896305,-2.245130815442032,1.6672497786471185,-0.8492005463480958,1.007652954469228,-0.5749701159844417,-0.7837962598248864,-0.6552391231467812,-0.8539409936377788
2022-07-26,0.02471250041824135,-1.1028977206778692,-1.5412337851301325,-0.6994319487778793,-0.23192758127582477,0.12578513347237913,0.6201939538772491,1.0281166992560775,0.06951837898586405,-0.617701173773728,0.19458844293397334,-0.9948791286687769,0.19282440206748777,-0.34902530423684075,-1.4031736887510624,-1.313204760999032,-0.031387373558364885,0.6255605046880535,0.08726405818027777,0.3131095115825877,0.655851521598832,0.7675025016081144
2022-07-27,0.17282327608905104,2.9577812143560718,2.7811440459853056,2.2370801332561454,0.4633380880125192,0.5962530243065358,0.0701046195496269,-0.273278517542753,1.0578729228814265,1.4887615516339854,0.7136238860818943,1.25553304200603,0.9939470357026154,0.6968569506516312,0.19684803784863902,3.936452372512951,1.4076409384088864,2.852842877733431,0.3942942134303076,-0.5269557822490131,0.2441500114263291,0.34215543868095893
2022-07-28,0.09861847733044456,0.6173133047637386,-0.07786449349924834,-0.20481691982382208,-0.1542239626006129,0.35538334990134035,1.1100440358163095,1.746657821700672,0.196391427229112,0.3893631519627986,1.2984754134013443,1.5721828231610568,2.560482778079854,-0.02315027175038551,2.3647993537103718,-1.583978947163766,0.582042109621853,-0.5339309444587441,-0.629125894749894,0.12677647010578472,0.4068104702428877,0.05252999623189077
2022-07-29,-0.3950653715923941,0.1801085965562764,0.35053294765293647,-1.7416012346965912,0.03857584388122735,-1.2291938539701428,-1.213696514650132,-1.0190028446793211,-1.0314022604397834,-0.9726445025705429,-1.060558790997609,-0.17125018084683905,-0.7302269033414428,0.8071144216058378,0.4917690018276608,-0.08151319594085968,-0.9865397726184378,1.9165364793825037,-1.2672543684753903,-1.4049529080727454,-1.1826325618549438,-1.2227793047578668
2022-08-01,0.9847360297708502,-1.035917700131928,-0.9017893568352012,-1.5938410365532913,-0.2316687672698051,-0.15621308837758738,-0.5965968596243894,0.34218469067639606,-0.541887935667569,-0.7085526495001113,-0.5442200802532121,-0.6662847092965122,-1.5510489082214725,1.0509392629742604,-2.2943461558034275,-4.5523317782277335,-0.17423086754461092,-2.4591308342634335,-0.7393541544142633,-0.5989945012909164,-0.7960571299584094,-1.1249431296321142
2022-08-02,-1.7297110524271266,-2.046950049987407,-3.023807509947823,-1.8657385762064087,0.1545120042397705,-2.7772269707550845,-0.8719743358697811,-0.7218278033222068,-2.6146300370135687,-1.8481779413803154,-1.0960489083641984,-1.6805541185782096,-2.6769596461622003,-1.1888487349939045,-1.7708209764729403,-0.3258353448721397,-1.9806301018597057,-2.706431589188132,-1.3850310869694828,-0.8504348675554351,-0.6813925109601731,-0.6278345882825581
2022-08-03,0.3731779423046293,2.9178564265332665,2.3868786304722134,2.1471381725891696,-0.15451200423976508,1.776068245629361,0.033362988320317054,-0.33851498986991657,2.4451566601855466,2.237073531237086,0.2941127866619696,1.2400317955188933,1.6834476868312287,-0.1841576919545427,1.8773410485706017,-1.8477991924160584,1.6075681781441098,1.2689904194587192,1.3640405713453307,0.32686875584047065,0.4735073547705999,-0.5490667835279377
2022-08-04,-0.09937802994959492,0.36857291422886546,1.1964901213286718,1.1382785415315957,0.11590637925248405,0.9417035364629385,1.5153148006149173,0.6836990674805696,0.5933685821404103,0.7042517020113533,0.4558368984354124,0.6421593706323593,0.28174981334146093,0.4368220369635054,-0.696641344786861,-2.3215008317330534,2.076622991827266,0.7684572430474397,0.436153623468865,0.4552365624355735,0.3987292829732777,1.11128531741448
2022-08-05,0.8662404818936235,-1.1752402100193804,-2.0211277584341913,-0.9061653692744057,0.15432335667930286,-2.4628776862366064,-1.9132560893151371,-2.4496227676682025,-2.3681871681182782,-1.5173368989987306,-1.5780611606458395,-1.1658989487227196,-0.7282916598045919,-0.02292300812600804,-1.3558896312185025,-0.9920945166243,-2.13705481905943,1.196962095190008,-1.0060766739851643,-0.11986601399407745,-0.8412179509846206,-0.691072165558017
2022-08-08,0.24612153554112803,1.7039888054588133,2.1838485983934124,1.944881563246982,0.2310442961601128,2.4073726534654383,1.4553416805845203,2.0033062420253764,2.217499219361576,1.9098290073372253,1.3551581340509398,1.6332789028585093,2.710030937607286,0.06881357323953889,3.003546289072181,4.577425103822451,2.663585763484586,2.6051934256023537,1.8201509344009967,1.0678690597061777,1.0065263477007236,0.9962088411088029
2022-08-09,-0.7897438545346641,-0.5587066424408959,-0.6338879450376012,-0.5354799773071832,0.03844739252971577,-0.4588169491855968,0.07647557889482715,0.0045159166956601215,-0.6112971986448281,-0.9061587720761808,-0.18823279303514207,-0.5596482831452391,0.3875768260934305,-1.2459683887640625,-0.5633665288882993,-0.28327262095966477,0.14467688388794467,-0.34496744182047384,-0.1608098958198112,0.09968486509465599,0.04543090683665346,1.0702771229988095
2022-08-10,-0.1984044463780942,2.3356534133327065,2.54684398031356,1.5004979548907698,0.19203505435832474,0.3147627034841604,0.3226416309557156,0.15879908211085358,1.199816886370484,1.742176455296401,0.5969735523581418,0.9253310778829296,1.7647376144888691,1.0106293646026359,3.2651094618028793,1.4345345074694331,0.00550046875947822,1.6300273399860545,0.2570115746458153,0.3760369860443957,0.15879908211085358,-0.2108266311787262
2022-08-12,2.1368804269272026,1.8021211831314048,0.7108558675036526,1.1764010393799902,-0.07676196449965793,0.5196991326611597,-0.20859044073991978,-0.6443562533934785,1.2767373753320435,1.014085037594539,-0.09942262394647458,-0.24721586041883511,1.8287564404570296,-0.25519783197596124,1.4948192320680171,-1.5955398375339152,1.0389887097855879,-0.23632123579907724,0.12339102751355384,0.3261984416486608,-0.021576137383967287,0.3999208629684876
2022-08-15,0.5332135868757926,0.6320534868359252,-0.7960577166384829,-0.2430905155619772,0.23015804740576534,0.538648562249646,0.13091074333437153,0.6808314770853721,0.1507557855417479,0.04327587798916857,0.1075214576504316,0.1797758915419559,0.623082821254886,0.671387290531538,-1.0958857551228711,-2.6199121519788418,-1.0742408796299678,-1.2768330888783428,0.2208119293689548,-0.4205458982225305,-0.31379834874049783,0.41308934862898644
2022-08-16,-0.16935944794786664,0.08683415446635623,0.034494192698488926,-0.13333033377151315,0.07657582882695321,-0.22425893309984604,-1.598160191422476,-1.6924398535636855,-0.4949824694269015,-0.5794360352509922,-1.2955436791838488,-1.460635928295575,-0.3735589287560696,0.3225073928726881,-1.6300444333362147,-2.3848166396591552,-0.28400095291508876,-0.1545741959399407,-0.10883795663207256,-1.0050303150751714,-0.6978100277378056,-1.473138442270495
2022-08-17,1.299046267966207,0.1357736467210136,-0.17773741911272312,0.4310768654029209,-0.0765758288269533,0.17185793707134547,0.8340391745021045,-0.01783932411192314,-0.09729566921619748,-0.19003709005599453,0.322971706265007,0.0911790116675539,0.24744167908972636,-0.4148399005597556,-1.6341507854118396,1.97869342842379,0.19916519705610514,-0.07102782234984205,0.8480997917666423,0.9274547951166306,1.1973606245013306,0.8499610503719338
2022-08-18,-0.8400567817904702,0.7857314070092625,0.005904254793115773,-0.07147113016257801,0.0,0.6892098938676263,-0.019942112961368615,-0.0880535721786465,0.7526342712833525,0.649943781227452,-0.11489520691015276,0.36510034493750115,-0.16842019689229,0.2537128789114956,0.6112507859058934,3.4493637367238184,0.23352580365158912,2.1893059978567178,0.4955102523818175,0.5527474890892801,0.03848559152794981,-0.7889924823043192
2022-08-19,0.24074266509489325,-0.7242701577485933,-0.744129864925875,-0.7403758559732256,-0.2685709036669202,-0.23609122851123268,-0.5371169775546487,-1.4538151561380035,-0.5649135641867561,-0.3927485491685742,-1.1114895154527293,-1.5764227713234717,-0.43083879213819554,0.5742663871530973,-2.091983388538523,0.42631456133588536,-0.10610502199130856,0.9458936540074405,0.6286502738201765,-0.23110034412689093,-0.30753735610334315,0.35012410872882843
2022-08-22,-0.12029888627643945,-1.190855975081054,-1.4172871313467503,0.03229197939046293,-0.23077773053551057,0.4733056019187951,-1.1118325540066696,-1.0510748675551207,0.23903004156669486,-0.22366798812515493,-0.7898290516625132,-0.7828881395820765,-1.2911963926448862,-0.643399424972689,-2.2900937700356843,1.7470551929233233,0.24744683216508045,0.6415171728769172,0.9133771689483875,0.36645325052808453,-0.04259918788712713,0.4136520871208486
2022-08-23,-1.064866912421358,0.1256135165705259,0.4432766335033711,0.897396473999206,-0.11557419175183,0.12248920829372092,-0.4414080139978292,-0.5553048203321235,0.47603463051694267,0.6172415732382641,0.11876018090651956,0.4176814148419498,-0.9245085007738949,-0.5779636947106975,-0.7316504530771274,3.2061180926356077,1.06448421918137,1.316127376241536,0.36782909742322384,-0.5944276221886686,-0.05805906636158282,0.41194805298207887
2022-08-24,-0.14609079627107077,-0.2732189732653945,-0.38571699376499036,-0.6179697499709317,-0.11571773169201255,-0.9274323923390684,-0.05908332955519792,-0.8469670391284977,-0.8906293586514488,-0.47488994771169646,-0.04685549408868971,0.32189405227575024,-0.02215267682180932,-0.3483682107583723,0.2063132055871218,0.9698001629759812,-0.2983732639893495,-1.904774680617363,-0.5928313144572936,-0.3099195205896107,-0.06365864845572546,-0.014796430773111498
2022-08-25,0.3405471215009971,1.6560722953958618,1.2089841085771824,2.3946261181332287,-0.15451200423976508,0.8929203282582291,-0.07570401401239603,0.4083013361291493,1.2792469417820747,1.1927127184411308,0.20606177153784963,0.3129642631166235,1.733068295334943,0.5336749155387835,-0.7668485584332432,-1.7388972600495833,0.5599920412259143,1.880236294314988,0.25418140534383504,0.266019937388389,-0.07112869511187901,0.06868208543085824
2022-08-26,0.14560094477454305,-3.822109211022864,-3.4051068639821276,-1.8671005889420278,-0.03867516336618448,-0.4962178192736935,0.1996378105940895,0.01953317474098688,-0.9797491684533427,-2.039969531078773,-0.8854880172294244,-1.0461632101772178,-2.9289003256363624,0.7837981822415793,-2.2968270648515943,-1.231892830631469,-1.6013026353236786,-0.9627235979674007,-0.3785873151306839,-0.3474993224825971,-0.11080935357372236,0.4478947484451908
2022-08-30,1.2011512129237865,-0.3244781483829879,0.08639826323229928,-0.4097492497805219,0.0,0.7497850905762189,0.927582804877242,-0.29794780062072324,0.90620330493985,0.008432970640545342,-0.17966448540165308,-0.5383665763352077,-0.6126899737852546,1.2154545320694132,1.1222688370071499,-3.398708713661705,-0.05817721720400629,-0.6146926501922064,0.7793783964440012,1.0361267823117002,0.5623694181020764,0.9108676609356775
2022-08-31,-0.2928299307557608,-0.6642850546641225,-0.7735210185112795,0.4552254505437025,0.2320972366585724,-0.31572505148955105,-0.09675553637151599,-1.5919419522120972,-0.9564749881333096,-0.44911124889648907,-0.9157930129654976,-1.0293408056317646,-0.37244971045059716,-0.22817103647381717,0.290798944095965,-3.07748698969219,-0.6760101692065837,-1.0299108771372285,0.09952079209102703,0.24406296054784424,-0.44605504922835887,-0.6255949044763761
2022-09-01,-1.377975745023013,0.7175704173246524,-1.2064427049703494,-0.38505013029250595,-0.2708276115496374,-0.39385348848163754,-0.7357222153744294,-1.3040842074163128,-0.1995506383979355,0.6682188635007282,-0.26816206788002217,-0.4154306934747563,0.5869075150495133,-0.6877802650441234,-3.21405190215231,-2.5946985035837082,-0.47862044501180345,-2.6226086741445593,0.4042819024532293,0.5464251114438538,-0.12250157727103268,-0.024174848922660357
2022-09-02,-0.2729101953537364,-0.49808022311289035,-0.11358859905653944,-0.36254403013861436,-0.11632065224349085,1.1206416989449817,0.9804172730847018,-0.3535690205986066,0.6357836989651549,0.4946922767733874,0.8330889003605759,1.4748000899093843,-0.8430135261721037,-0.507368037781546,2.495745097939554,1.236217120937227,1.4385752086559322,0.3177612015371495,0.561957836337121,-0.306546503877819,0.1410487663825994,0.08092347496495092
2022-09-06,-0.17406954735743754,-0.12918699081271107,0.765831408099283,-0.9450559304926178,-0.03881539873539728,-0.8716314844967312,0.27467696960927246,-0.514446287651275,-1.1166369766537394,-0.020658517900684816,0.6378499462629991,1.3273983151553503,1.148123252052146,0.0,0.7991806451274807,0.23482734978636585,-0.3368267850695767,2.13796148193394,-0.04058625024860107,0.37572075448212033,0.7490982567914656,0.2753457757446516
2022-09-07,-0.6491918091031876,3.6996364725353663,3.2978880398383725,2.802921837050897,-0.23319942737556817,2.570900966798464,2.5806908643216113,1.6345291213491437,3.275348547744323,3.3525744129050317,1.7437275764843656,1.7102818359991137,3.8526132276381477,0.22963837918031677,2.141349411613565,-3.5483146434271506,2.9308218286669696,1.2933339189986612,1.9190932196554746,1.3866288364576247,1.4530610775927866,0.7167251975721031
2022-09-08,2.180463871915861,1.3316924141260547,0.26854618324797347,0.1352003599130001,-0.11678910889461545,0.3097010865671451,-0.27977279924868065,-0.5760013123490165,0.44922662272614083,1.118147371264436,0.21662550669789876,1.2430464812396829,0.9548753284978629,-0.5059611562641642,-0.6139248843655626,1.3728278930927857,0.07814322195587341,3.6299708823001335,0.6801811117053405,1.663816985082071,0.7473100564175108,0.9946683140723651
2022-09-09,0.44020233203319853,1.3526706114929508,2.714894851037,1.2834279043891335,0.0389415603793077,-0.17884971772518715,-0.26787045433716244,0.14916858140319758,0.0420528511027363,0.2076306122682346,0.21635184407064792,0.43117653470492673,0.8919595118812619,0.5518575260207866,1.166483523936412,4.136799325789698,0.33808301247124617,-0.001543668256315199,-0.18890163787645617,-0.04582203026420737,-0.19475141684664285,0.022603580533181743
2022-09-12,0.7294044487604331,0.18929543710810826,0.9166649108358599,0.5964990693721905,-0.19489929827434382,-1.120835255744767,0.32107862347935995,0.49021266040750555,-1.1014111798057558,-0.5768283605754506,0.42288110711782567,0.7141693768897586,0.08624093912961961,0.36622915101734227,2.2195204234191834,0.8907161023168506,-0.37420242653178226,0.8828238473430826,-0.879741045863936,-0.26774456718156386,-0.012074041796465325,0.3026602435579559
2022-09-13,0.26611614720238363,-4.453310499535481,-3.6722356775155167,-3.138596732057531,0.311652850811036,-0.5723724434578908,0.3174863404406387,0.07061162929800291,-0.731619220896733,-2.3091076402022237,-0.25026000687445205,-0.684158414523255,-3.9074364298797244,0.045661312121840575,-2.5847066844716275,-0.5063907010726164,-1.3173777013919252,-2.521808023026528,-0.007704810727104946,0.5686944544052632,0.5957984029571355,0.685040937120341
2022-09-14,-1.8778716120041412,1.6484920130295393,1.3842208099101443,1.7617555887880714,0.31066487846766744,1.3182504075279216,-0.5430194895323456,0.1881095921790995,1.7415630051012332,1.4155523036824327,-0.2971478148588531,-0.3587325495385098,0.12183689831959758,-0.6874252120761092,-3.288628329229852,2.2625587293070666,0.8821580341726905,0.8424388059829528,1.267661489703881,-0.22112188604753424,-0.3143121416886555,-0.9455810499017104
2022-09-15,0.12300876677279128,-2.1727037224831847,-2.0065127823125892,-2.100133622725495,-0.3106648784676614,-1.3751860688097222,-0.28691302978393063,-1.1982956199608592,-1.514128651600743,-1.6643949057097325,-0.9995022884417922,-0.9858656998056584,-2.8964124865757794,-0.16108324084139322,-1.9281992767072307,-5.200211245134778,-2.9164724089705283,-2.173769810531001,-1.030892235208696,-1.0007912589034578,-0.7073296730361442,-0.8934406291176901
2022-09-16,0.12287070371493136,-0.4570289534816306,-0.4983658050320572,-0.6131172174427667,-0.3116528508110204,0.38989764312590625,0.14304142606091116,-0.4957546943405105,0.07562502665122044,0.6462571158966202,-0.7859523580261766,-1.225848807607348,0.31984176039482176,0.6656650214299404,0.9394685321467289,0.50926722741103,0.8621579055265021,2.3472509656081715,0.3087811428184647,0.3638178443504413,-0.48429890739746806,-0.6550224441034513
2022-09-20,-0.29513454659488875,-0.8341806812344449,-1.9436518822225233,-0.2351719736653522,-0.1561914119049998,-0.3015690732392001,-1.652578815095255,-1.4683586887149616,-0.6821257875127201,-0.7053485879947137,-0.8535907337895529,-0.8040695113641749,-2.138684462596538,-0.5736142713070663,-5.584162608500168,-0.8716471614926172,-0.2519943164102612,-0.5315680553067987,0.32029888911910304,0.3913251933416741,0.4096801474771839,0.39188921257203396
2022-09-21,-1.3639340753789462,-1.495510271662521,-1.0205394544338708,-1.420954227080764,-0.3130867114181763,0.6622944788824071,-0.3117436506341538,-0.23777131390634482,0.6401819101513339,-0.03464923965747626,-0.2928494525119291,0.03223902089837679,-1.3284594409557866,-0.4150178559898886,-0.1209236945315875,-0.5189102864211929,0.7274940826350854,-1.413220130797093,0.26427125053882966,-0.32042932030716303,-0.28415049004411946,-0.2898711402920495
2022-09-22,-0.2750321568080602,-0.3475579744072433,-0.0804047224625521,0.00922535345964103,0.352169854174488,-1.0229141053588469,-1.2253727411678765,-2.629942262729303,-0.9210386766512005,-0.10440830072014169,-1.1697125516806155,-1.3078745076161369,-0.782639545286327,0.3459844009825326,-4.688967003915233,0.917328571213519,0.43818368536069086,1.1223212001808374,0.49596810426100885,-0.9152645533666959,-0.6162917917539862,-0.7498675605468967
2022-09-26,-2.689838419026404,-0.13274950299069382,-0.8298073753694455,-0.36893843840168133,-0.666269867781197,-0.8153820406529464,-3.5493539336508464,-6.453484628668736,-0.89023313405505,-0.32397381808796044,-3.887041881348636,-3.7792324836090794,-1.983025120876953,-2.0470668942265284,-4.718191546318692,-2.4379190334406475,-0.30866544505892596,-0.6408113567254514,0.8614759871208185,-0.7154050869438224,-3.394543748723629,-0.8870698833036431
2022-09-27,0.48748872277242256,0.4028327904258032,0.17613103530657942,0.5457895008093305,-0.2362191480023899,-0.026653171476695714,-0.4878062294931247,-3.845687636648144,-0.8580358076594532,0.4476949727529409,-0.24457946345317885,0.06496950128681116,-0.6822166503167801,-1.1582747268633957,-3.090831783583647,2.5703831615084813,0.863177304810139,0.5069321732486287,0.6584029360369882,0.0014380377788165237,0.4276917827765304,-0.22861215931186002
2022-09-28,0.0,2.108974553790964,2.891476468427931,1.0299158022530857,0.11815930647412005,2.387992785903439,0.7504567527919928,6.686695959361516,2.1515248236751647,1.9302007300093948,0.16898890134419634,0.024801207669062585,2.21371757651375,-1.4850549338249193,2.824968039964963,4.281154822533518,2.2178224500582613,3.049113223000516,0.16046666684046423,-0.12238403219960439,-0.25613985053749394,-0.4255063204530703
2022-09-29,1.0439283083690791,-2.3137050089256332,-1.6673158845833969,-2.462054692960001,0.1966723915975212,-0.6691710440880057,-0.7656456407031752,0.7059483835430236,-0.9495859978662782,-1.1463275663235315,0.4582842505512753,0.052632799941298436,-3.1850220399116336,1.0323170420310421,-2.348965790968198,-0.7404222556275778,-0.22210002854977842,1.2593052832838716,-0.20270531136921802,0.9612760965915871,0.8035515620473064,0.8715680245505172
2022-09-30,-2.12474607956853,-1.5356078547754604,0.15297286875489483,-0.34916210440974416,0.15703994470504737,-0.23726814561097942,2.832251817391883,4.701025514724436,-0.23061138594558106,-0.43835680632679336,3.717409263431836,3.9105446269894366,1.1391886116180951,0.1431925126486443,6.965560132603232,-2.2339593756262275,0.029316223332966972,-1.047191570727836,0.02285418810830304,1.267497640259772,3.054482997802627,0.0936521624075821
2022-10-03,0.8758489377554244,2.8721034193558133,2.5158977663390574,1.8871700897088326,0.19596869239177614,1.4460381958662234,0.43197867157189995,-0.214527339614385,2.0992803983640727,1.568250546650984,0.9226202764036379,0.3166431281808902,2.0341817811512763,0.38087484716720593,-0.20446586739287478,4.1865095665776595,2.6681054244240876,0.7053377575824697,0.2662048298877374,-0.11066329518399315,0.001854269024033496,-1.1221546442616537
2022-10-04,3.006416459187645,2.846305988661207,4.330095865733126,3.014532598384308,0.35175694976381205,0.0008284617902705658,1.8026810047604154,0.7333973556111929,0.25515454379011704,1.9255128409570295,1.9141334129574465,2.9523619365908256,1.796612329127522,1.2747687151383886,2.182640017991741,3.2545542530243528,1.2173480499853084,2.3897506884335176,-0.20529640962589998,0.19585187204558563,1.530790621587456,1.0689572702413008
2022-10-05,0.2982083746460107,-0.7408740163708548,-2.079089461287476,-0.4531758113961842,-0.2734828444308167,-1.4594072643157179,0.08227398955038656,-0.7537120119963749,-1.2667727311300672,-0.9029865879374053,-0.2961489203884889,-0.48178698823835464,-2.4851841099752856,-0.5881482889039877,-3.294605581498756,1.8267314574398648,-1.0631571112999103,0.9053234609772393,-0.5077911680022692,1.029993550893031,0.5158308544540064,-0.32087965056738665
2022-10-06,0.4456583284894889,-0.5775995456646607,-1.7449375974892347,-0.14307890754970432,-0.1566095270196054,-0.09300880257396474,-0.46700720769573373,-1.764629258938706,0.22761203663922056,0.15842593487637335,-0.7040468115245766,-0.5125548613463384,-2.361235589279979,-0.25989394912906866,0.7863248511591185,1.9083427872073164,0.3466557424764658,-2.82118648937423,0.4593483880150978,-0.2832251861902138,-0.3791543890554213,0.43150458472479114
2022-10-07,-0.7687575888373552,-2.4213939326292104,-1.4814434705288435,-1.7018093707074495,-0.2353950954093869,-0.08476521987054271,-1.9421706696289263,-2.1113844820821965,-0.5930083674361358,-0.8188495647200167,-2.0613759030263394,-2.290676343613843,-2.0288948923253547,-0.8076013242725133,-3.8115408674017672,3.2574264557965713,-0.6947243840750522,-1.2984977145590633,0.4076142301938708,-0.825626274256762,-1.3109800311512065,-1.1053816089976245
2022-10-11,-1.8339960402482196,-0.5034324240003433,-1.1894814749511446,-1.474110183664097,-0.03936801897686756,0.38507976913893494,-0.10204551199287971,0.4354240260728116,-0.07524767111734966,0.4402496428823899,0.13925151618929885,0.017331711711472398,1.1435841312454604,-0.8863430517575387,-0.04256185494394356,-2.6580930926034254,-0.07413222733518039,-0.6425575009309995,0.13188900575881787,-0.12365130273792871,0.15260400894251047,-0.8795295829825467
2022-10-12,-0.1776409432120692,-0.19591045635012722,0.003523373206263003,0.2500182680178987,-0.315453240654062,0.46062572554161124,-1.1056281495541882,-0.9530903887739339,0.015909468850510516,0.3022326439988266,-1.1981127529883002,-1.0624071978497587,-0.9163346553449134,0.24033150086892577,-3.255085570013162,-1.014981525559654,0.6679631539355784,0.37711195718489665,0.13445598676462484,0.03463432855269705,-0.8503361489260878,-0.32006587985040347
2022-10-13,-0.7649197565814632,3.1974686600895885,3.3702653315079623,0.8809554053218671,-0.31647160219006826,0.1715684645019123,0.6352045695843367,3.6135076711702094,0.7703755988558234,0.8159071981626709,1.8662069595567092,2.013126310549018,2.401884591203016,-1.1345938618915081,-0.21904834608213047,2.8094944881976702,-0.10215262855361845,1.7971521219927369,0.5926084801578014,0.6705779856839946,1.8304725238468995,0.7694791671062794
2022-10-14,2.2774335150856113,-1.927029044001092,-1.1194598979000983,-1.1303683110663165,0.11880554521259801,-0.1823833633119342,2.338100737749825,0.8299441956703247,-0.5834940305458028,0.057036929177650846,2.160372622060566,2.310251048391457,-2.137837876304302,-0.1700926494888057,6.569089506073652,-2.915956655020407,-0.8755230915985414,-1.2635543870919548,0.3781929877037152,1.0107242836856607,2.151442942430481,0.7097279211141557
2022-10-17,-0.8290524881910251,3.4421921726272133,4.1915720826091425,3.6156195278675924,-0.2774026168812972,1.0110054108836566,-0.12921765543034275,4.02600849206585,1.3820387743376612,2.128085813895379,0.8913848675452479,1.1915697417816995,4.605051549117305,-0.805767165427698,2.833048385247274,0.8479462675939942,1.1921763091667326,0.5635799516815609,0.9049682460919697,0.5945192488351384,0.3837529136600651,-0.3044824200880696
2022-10-18,1.1288252722094483,1.3959303003794008,1.4304316349664983,0.256252867472496,-0.2383732725070995,0.48175408668687736,2.430488460678184,1.7147334347574075,0.820903809701495,0.9298786129918182,1.215829327947981,1.4426580977611356,1.3104292237329551,-0.5408078703677632,2.524176188015241,-1.83233369190046,0.44267917492617703,-1.0010054836741114,0.22781316588693776,1.2959029272800984,1.1980704675906115,1.4322151473737916
2022-10-19,0.14955007513406443,-0.5515201677459018,-1.6707222180150056,-1.6773764600120409,0.11923750339440572,-0.8921571699836053,-0.5285047783205818,1.9481835195618782,-1.2198348142615998,-0.8052661590830731,-0.3063893014415181,-0.5070471588143596,-2.3635079116039517,-0.5437413280420867,-2.003589629918011,2.091376147140082,-1.1892530199289553,-0.9843646782054679,0.15963957890487776,0.3635032439569558,0.07625043087809874,0.46369250231178377
2022-10-20,-0.5745005575976522,-0.43277211051377973,0.3253315282232793,1.0446238332519178,0.0,-0.3410796752066659,-1.059278101324091,-0.7722928125886055,-0.4638571846064529,-0.1461980582805501,-0.8257986581400643,-0.7606073447994119,-0.028189881637646377,0.0,0.5874559354428438,0.6090091272868574,0.2509773883162209,2.87980512763708,0.4093237258471009,-0.5847065027119386,-0.7722928125886055,-0.43917532888489413
2022-10-21,-0.6786444385529011,2.6377686785798082,2.0066184436528878,1.750751661663942,-0.6776750744271066,0.46234822592092745,0.5739300300629099,-1.4684185789969004,0.5185163680978269,1.1930500082209226,0.21389257263375694,0.06052670857995999,1.020280476669212,-0.44711318805898076,-0.6940872529456102,0.7908409186814215,2.003726041658388,2.5999293070766476,0.23666630020574123,0.3615842674850992,0.3299369801789452,0.4137048824800359
2022-10-24,0.3775864522914191,-0.36570843773394174,-0.8826160816810826,-5.455231140487176,-0.08003343089308067,-1.7108285092083337,0.1432539978019243,2.457563163853958,-1.6322141136691413,-1.5129493390955122,-0.03578299739168351,0.1819671263801793,-1.5947479569545948,-0.57418598930203,0.7822700586972647,-1.8515379291235798,-1.9068217355852581,-2.8772301419967,-1.5819351471340022,-0.7615297719836465,-0.49024093816144293,-0.045646054842636126
2022-10-25,0.9004618268564902,2.30413679559204,3.149678714755185,1.5417386486696139,-0.24047515170304476,1.9592239424493267,0.8677632858732431,1.2994825817228395,2.0486633946009634,1.6801959821894012,1.147224381756379,1.5860139102266846,4.573562122155405,1.0212991773610165,4.019506385452478,1.0461723990071818,0.9474384246872216,-0.15303360374377456,0.7199030686236886,0.9907690217609421,0.39879710000560387,0.05732148943387561
2022-10-26,0.5958323877499642,-1.3673113591600938,0.4633437010639607,1.0126397576163821,0.7595562005262388,-0.10267991477640509,1.0046893728908748,1.1689574472705133,-0.15556923741848622,-0.3383072815602383,0.9082370887653431,0.8141756598953375,-0.6726477716288984,3.05086772213702,0.19653086120659716,2.6766144272377197,0.02329622926038351,3.5393155663568763,-0.6110484061749561,0.17107291830102245,0.7451099326750964,0.2712923236435274
2022-10-27,-0.7204174971033409,-1.7907283216026457,-2.1099197019001896,-2.0348691090479742,0.2783652280433635,-0.5500255398691924,0.5303656136187065,1.7129859374230005,-0.7920082753421622,-0.5227050348138733,1.0914465326274636,0.6629079737103014,-1.1075719649842224,1.3134455018808215,2.4656282399623675,-0.36847224970852543,-1.4102797396507616,-2.0528723298214815,-1.2553073249148279,0.022384075960476806,0.2667462760253704,0.419273467959093
2022-10-28,-0.2746201963471064,2.4469640957546313,1.1875780035888013,-0.5147978689578628,0.2776025546528993,-0.4195747389422704,-1.6962067641219727,-0.8207667984840614,0.30204338395170227,0.8632795373467447,-1.0417664144976853,-0.3192291034353635,2.2741399025064397,0.5441964754902088,-3.4544225014095398,-0.9968564678581757,-0.9305612077796876,-2.23935003640564,0.09575620233817958,-1.139630639802872,-0.5424786602836774,-0.5654279424146368
2022-10-31,1.5627252776452394,0.32101000694053944,-0.16569996633262687,0.7538937442440855,0.3163364621984517,0.5915169001066065,1.0561483470617532,0.6656677012660149,0.5047425892644668,-0.4677628798582951,0.6307701562750645,0.8481049628216136,0.9375388352497478,0.3768178175285751,2.5683042920626487,-0.7414130834461428,0.2264696474545599,-0.8523678464247404,1.045958266732056,0.9183122808977355,1.3180516822043868,0.26990515203122306
2022-11-01,0.4910418145095651,0.18530466422297565,1.3803712924708451,2.4497152394358315,-0.2767245698148403,0.6058328785780053,-0.16360456621847638,0.07686443849467085,1.3407863304664414,1.2235277635551636,0.13445748767131424,-0.06982007046274868,0.5876953878183061,1.5395895210916333,2.360486550336225,2.822350995254325,1.6390196471464182,3.5296222449925576,0.6238470298666638,-0.07342859461663842,-0.482567216587571,0.7655018330653015
2022-11-02,0.0,-3.0958322321827607,-2.3755143814198623,-1.3905387918951213,-0.19814611036948582,-0.7242216066698507,-0.37188867445679685,-0.04220752787302898,-1.036859410191736,-1.4688252255074632,-0.3144256603304568,-0.4816082244400586,-3.3413161389961568,-1.774936769822418,-2.178261823688058,0.7501747043246942,-1.253887350627143,-1.6098681723178805,-0.5541903303379208,-0.6181111426822046,-0.3671324176576181,-0.7686792185966158
2022-11-04,-1.1577940752349491,1.7672274937135037,4.828626337216471,4.483742552429158,-0.4771162412506221,0.1243409558629806,-1.2664678371862705,-1.9765797646265546,0.5361113506765672,1.0264388054298297,-1.2104832038928912,-0.6927181746502417,1.6943787156470405,-0.5908096983440689,1.93926378030007,5.042276242361322,3.361651316091051,8.428103232479152,0.3381929908067006,-0.3202374823655894,-1.554145717235469,-0.45444014791481396
2022-11-07,0.9616692115336327,-0.09936528295982268,-0.5258596323444333,-0.9961466400860155,-0.039880335250284095,-1.405271463053131,-0.43744787404588353,-0.28010627786417797,-1.4179265347202443,-1.0651228980302352,0.1648462973331676,0.8426859257451289,-1.0513803988901613,-0.8569243702607402,0.27050140336894757,-1.3904107678150006,-1.4484064728280976,-4.227685787847797,-1.0513803988901613,0.7732954175543861,0.38059036502491067,1.3138063964797935
2022-11-08,1.1952845305206736,0.39021181005193123,0.9718049940919404,0.5673695508986518,-0.07977804256083988,0.5159586729318598,1.7255929705054982,2.2947084214143296,0.2681182695998258,-0.24396829432933764,1.6588945863140054,1.9295297516633871,0.15777693047841237,0.38174218387323205,1.9201692208385104,-2.915729261333629,2.1357375468821034,1.9055596779723767,-0.14789534718659375,0.7523827771293919,1.4695383411575043,0.40744600621896887
2022-11-09,-0.43742741642533617,-2.9922694683971667,-2.243995222241438,-2.6525959640123338,0.15949249049211056,-0.5696620385363307,1.0261506594166776,0.6700266827038089,-1.1678275783206808,-2.1124889849609736,-0.3231665279395906,-1.1471220623913565,-1.9413139502584646,-0.7889855083564064,1.309274484810155,-4.742944438120148,-1.4135187483346958,-0.910529272418528,-0.910529272418528,-0.2931787807786113,-0.6131111334507209,-0.38100517331826783
2022-11-10,-0.6842717284240369,5.976834710935894,6.299679695291283,4.189119078170616,0.2784760203562374,2.8462659302991113,-0.8986125287121106,0.8001488112442565,3.921745581816607,3.6929193299804277,0.4368369216956183,0.6129816250153082,7.686583602435654,1.0745281544389111,2.6834224531523314,1.4192611684265497,3.6261109608240707,3.7398448360119207,0.6270956604248148,0.008876325907005872,-0.9917590726713095,-0.5960441538537505
2022-11-11,2.1829701646687516,-2.145306353245763,-1.1426586294404482,-0.42609833416726833,0.8308951132171897,-3.316776655362328,-0.7528245349657097,-1.228469609710007,-2.8404137343150913,-2.7586788609806394,-0.5881237037071219,0.045831860905550054,-3.1199975643428135,1.3093872325199765,1.8764108937581154,-0.18919145801267007,-2.4500488666147757,0.7141573075361899,-3.1085086613265447,-1.3935709776483947,-0.267586257731332,-0.39436722369454613
2022-11-14,-1.085528502180009,-2.405077890109136,-2.7110200505479356,-2.155330362310376,-0.35524140557114925,-1.7907558711320375,-0.07640617666434828,-0.6453827109766374,-2.0588918568179366,-2.2922353533631963,-0.7929937214329481,-0.9475828495670163,-4.017983026356776,-1.1896566522375174,-1.3685812267716422,-4.927926652896457,-1.3322336771804884,-3.982100803987898,-1.5507602999082315,-0.21762170515299697,-0.6453827109766374,-0.1742303288864303
2022-11-15,0.4356277491283129,1.2512029947684755,0.8204259970985271,2.6697252610973727,0.2763967417672924,1.1410079248121703,-0.5488117916674619,0.6337136750735255,1.7859939452221807,1.2776286356930557,0.4429434195934044,0.09293474450799591,1.4800907555113034,-0.3836739231743194,-1.2318592558290913,2.248200024265362,0.7529838467268931,-0.11756301660850531,0.4019140386166287,0.31380250923572833,-0.007896623928595489,0.30550363018076765
2022-11-16,-0.024145039154836997,-1.5899474796520157,-1.0058904593386266,-2.4350022569004044,0.03943010250300173,-0.09050324612160765,1.1936827623548725,1.696275676318153,0.02539146041515449,-1.039011087014297,0.3885527905275088,-0.24330212257237635,-1.7375254652130059,0.024009856647992864,-1.7394823208261478,-2.48981915682136,-1.0540218782606112,-2.354902992262281,-0.8241476687389383,-0.45197318649112683,0.2675166661957314,0.32477100048228796
2022-11-17,0.04828424988776227,-0.04988321086442821,0.12915305627026363,0.4397579245384241,0.23622474690260387,-0.42523274937900857,0.6007101470364931,-0.09366026379849769,-0.28061967245611014,-0.17452051838048133,0.38115456627264704,0.04764471736501649,-0.4280225141732593,0.383609487580864,-0.287803663495828,-2.4162527996091994,-0.4728190951540494,-1.9716792306760589,0.25657690101326036,0.6033372661805337,0.5497761529965959,-0.17982321679406013
2022-11-18,0.1447579064773227,1.2323370933686204,1.1973842706021225,0.20247400385703215,-0.47301886098212037,0.4262675444195589,-0.5041233511313107,0.1131716829931392,0.7698766775976507,0.9951231071949878,0.6600822901649801,1.1636548984733204,2.0386625949143604,-0.04787594508148326,0.2655414740392646,-0.8158930217110678,0.08756233789804564,-0.2626055300050265,0.7793130761294115,0.4692012163816084,0.31880995907749016,0.018101678346378335
2022-11-21,0.2648411447154086,-0.47758615374605945,-0.8415201968152975,-1.383481465022775,0.19736401157652347,-0.17575033049300137,0.3072607809568234,0.7404517123282179,-0.26465110343723236,-0.15372318493396472,0.12791817999845914,0.14689127967395232,0.41163110207148546,0.715641119957336,-0.3357035762120959,-0.11329990857359264,-0.6738634292824562,-1.766224168562978,-0.11329990857359264,-0.407952989548765,0.1020440169247682,-0.21639458671375875
2022-11-22,1.123738256980064,2.6436326629033795,2.649944033079065,1.5462932202686872,-0.3950982308304232,1.8777606848765498,0.47594789332443344,0.7618162634059478,2.1927157790515834,2.03201479783124,1.0656372131964786,1.32172520756296,1.8522472232800347,-0.9313290669945425,0.0015738550651136281,2.6737393774839124,1.4242069588022814,2.549157460876888,1.3069033897121245,0.4725413464089244,0.8072854872278407,0.18124443605773294
2022-11-25,0.0,-1.846845144761826,-1.1494150603533209,-2.299926168636942,-0.19784256838793327,-1.8553906620181182,-0.7026439768530286,-0.7804559606522135,-1.722357445246271,-2.0242287332509705,-0.44532567541672774,-0.5998126562560614,-1.1906114871546305,-0.23797160173452248,-0.7637174350275018,-2.4942876770965157,-1.7386757747209542,-2.5098879312116553,-0.48582262724137176,-0.5647847852382002,-0.1458404403211489,-0.16197314972842997
2022-11-28,-0.7554330000996068,-1.2506423157704503,-1.2663661101930612,-0.09317407784473229,-0.07921055241329321,0.3991385273766474,0.3572690967177416,-0.06507470486455973,-0.36846366361086147,-0.7008181676137325,-0.12584160667840208,-0.28428353736339895,-2.3554493877829352,0.5465197399294701,-0.6578499089912777,0.2383949364173555,-0.4355459501858454,-0.19377721021216585,0.3579434163512951,0.23612018396632883,0.07145714538366546,-0.27659347927909744
2022-11-29,-0.4512560118580847,-0.4461795573551362,-0.04061784356391943,1.857090262144146,-0.19839200223960352,-0.6972658006060165,-0.6188844252203088,-1.0711573550359572,-0.7708892269201275,0.15591409993686675,-0.9616371552124297,-1.0640106858619904,1.3648981419320656,0.33120623181551245,-2.302752089717635,1.8852384584605486,0.21853807562166996,1.190267566949191,-0.2742880806791925,-0.7720434491202006,-1.2531584291060736,-1.3349667363704947
2022-11-30,-0.5250627036582449,3.120207765738277,1.9567624946691267,2.867660314608066,-0.11922036645182173,0.9140467310425908,-0.22538033441173835,-0.7746245986164981,1.232467712029185,1.510112767447456,-0.17611632466464577,0.0761365343316528,2.2807487624816787,-0.4023068558772141,-1.3052471468393405,2.746784361680267,1.2888339762275705,3.6327843870657106,0.01874187472626169,-0.16881244799320075,-0.09045640517133795,0.4994719650699979
2022-12-01,0.21514180875578828,-1.0775956820151973,0.13407844968446636,-1.3334764340297083,0.0,0.08237019971079283,0.0718510117318619,0.5600668037867791,0.23946320959655115,-0.634359085548995,1.2334867193823005,0.9307819305288104,-1.219943683381829,-1.0728754297323928,-0.3392647109544246,-0.6912214369847157,0.8178050969906904,-0.654022858503114,-1.0039791426400722,-0.050976471158102124,0.05789968441172863,0.7049377045876835
2022-12-02,-1.6612925517743589,-1.7366975816245305,-1.4125781746316057,-1.2411740335520338,0.03976936243165887,-1.4184059199266117,-0.20983145744893103,-0.8845265528303152,-1.0162770076072916,-1.7006290252753984,-0.2514569418785484,-0.2725405498622452,-1.9175159636279138,-0.5286984877905222,1.199505114512669,-2.490899769165288,-1.967432947829981,0.1103772164669039,-1.6212661760675682,-0.6158765788001804,-0.10738625535222734,-1.446389005368396
2022-12-05,-0.31610694638103387,-2.3160075429693787,-1.6715019824160133,-1.6453041325078794,0.03971323247378652,-1.5192181745317108,0.27900150701036625,0.10919250325090964,-1.35421852083549,-1.4581718083046311,-0.5471267409479096,-0.5928810098527632,-2.34343066199046,0.3367765308781894,0.9065026801485552,-3.5832157819337254,-2.23146793170879,-2.363415711133071,-0.5006874014367725,-0.35343859108939496,-0.3943538656990525,-0.4758945239043719
2022-12-06,0.09737014642086061,0.15395219894588555,0.953408420256619,1.477926810479143,-0.03971323247378317,2.2182589936425363,1.0599600431709382,1.2271621632460386,1.9096314426389243,1.2445342302259885,1.1063411099667506,0.7435642259533205,0.6599175030552769,-0.02402478994521766,-0.1292967807929022,-2.1402896072799598,1.8792776392718173,2.433258889776288,1.6059141946839401,1.1577367521157282,0.9535682347179103,0.01309956701266551
2022-12-07,-0.02432717715882627,0.0008421969878901013,0.08259519878502648,-0.41979340692001244,0.2778430062597583,1.042347832911587,-0.003181700841534024,-0.5039775351392021,1.2768799500516859,0.7193855331648552,-0.22843139842748722,-0.7541095307187347,0.37040382773421726,1.0513746624567029,-0.8456428638690517,-2.2809209557127255,1.070947229407084,1.0346643986766748,0.17109787375331192,-0.10393669791682758,-0.32166477876172805,0.06546378585653242
2022-12-08,-0.365723560964733,0.41071998730461917,0.019200025813049276,0.83412996611926,0.07921055241328757,-0.9360617958582451,0.2594037095119566,0.0037425896732329864,-0.6882326897042231,-0.28961666748935083,0.06155718242693826,0.2556146814517097,0.33057190465821157,-1.0994070457231895,0.8562542099353646,-1.8574497900023386,-0.2854716351411691,0.35860497348455844,-0.3696058879193927,0.062098270882512505,0.27783645462911205,0.06324205845799194
2022-12-09,0.9964819242109011,-0.5791463847417754,0.17070039358212602,-0.4933871835253566,0.07919805979472186,-0.5725818073585524,-1.0362690171856925,-0.41986520755207674,-0.57972679909158,0.17070039358212602,-0.043314248414252104,0.7158946213739122,-0.015505818014529058,-0.12026148111846616,0.4695805334626861,0.39370047384265267,0.5244898310841722,-0.6865734532277855,0.17070039358212602,0.5911129181335671,0.3608644090226326,0.8920379629233336
2022-12-12,-0.2663739160828782,1.50316829347586,0.4941983325005421,-0.23629616451378935,-0.07919805979472298,-0.07146104880116806,0.25006270270792874,-0.4495038152098743,-0.056958993809878136,0.45743071092686466,0.04130936261341839,-0.2164247436797764,0.8377164306289594,-0.07220285317866568,-0.9656393334261196,2.5235191786893987,-0.7577696703478443,-0.7929638298726467,0.0717145130023496,-0.2666112832568849,0.10526419064614059,0.15006015228151937
2022-12-13,0.45966212078196145,1.3317964193662974,2.025041898953622,1.2902097230384562,0.07919805979472186,1.474246948689095,1.1495581326892166,0.08346197139491347,1.4476436008484805,1.607786288174165,1.2494185403188889,1.9659472155257447,2.410644072991715,-0.4101626266373207,3.6872119433863975,2.8038755995478057,2.271331692856755,1.4853605682110422,0.5776427194872338,0.7652812680848434,0.8280175789855466,0.16922782708066192
2022-12-14,0.5055879758133103,-2.0475916425326366,-1.302326703134386,-1.354355822169129,0.07911532165203114,-1.132692607340667,-1.288733749317321,-0.7474930590691962,-1.3150208464670965,-1.972758903071276,-0.7007808530041197,-0.9647765809037246,-2.0896112640851543,0.962456634602768,0.6355130151496835,0.8458472909706182,-1.6497605760374259,-1.148321417739896,-1.4061619869776352,-0.6062099724295885,-0.7007808530041197,-0.09589816229220803
2022-12-15,-0.16824759627952893,-2.650771215961346,-2.927070964371711,-2.5062833867053764,-0.03955485488071208,0.02019881879786359,0.9125016280084701,1.0833902766765804,-0.09016325077780163,-0.5521818157048238,-0.8579761067296339,-1.2043300417980378,-1.5205183265026747,0.09573814082744418,-0.8039364617494925,-1.9868544452494907,-1.8236679468203776,-2.387352348285413,-0.1742079085301994,0.29871752288799486,0.33850858433823944,0.05065680256874153
2022-12-16,-1.2344299167410768,0.5722105596592639,0.48957352433289475,2.0510418883304804,-0.11875852656605598,1.5066664315183136,-0.680782901892702,-0.819022206569636,1.3298003823505398,1.2251383293043132,-0.5948413778544582,-0.7154620295821394,-0.8575303433218695,1.2599728428854164,-4.755591087394955,-0.147880013204295,2.626948576975889,1.715957100618653,1.7598466274598656,1.4103728860854658,-0.1208527202963889,-0.48169653552728836
2022-12-19,-0.7578571140953523,-1.624815853244417,-0.9038659850234301,-0.693961208823041,-0.23789063979106967,-1.5878419256739256,-1.4264621967791482,-2.2209682744795525,-1.7869630723187164,-1.283914087418797,-1.033223785203056,-1.1161852299791535,-2.053806485193985,-1.47551269783534,-1.5299677396309632,1.0134981294546537,-1.0553961155995575,-0.9929523343236608,-0.7732152906995984,-1.3792263589512164,-1.0936727657145997,-1.1388850292920156
2022-12-20,-1.4335398399466852,0.35961370243426805,0.4042975576817488,0.19646039289192727,-1.9643940600489413,-0.5056194749454493,-0.02546303002598991,-0.5590477987752198,-0.9604415157822593,-0.0334328623831646,-0.26345418497957196,0.24721024702059774,-0.030410668543075333,-5.317539959539311,-1.39168595671434,0.4496556274360364,1.868708608546316,1.490659259796937,0.22287871440231796,0.5650104249821614,0.24721024702059774,0.5601771554091598
2022-12-21,2.069544308447349,-2.311911702094974,-2.410065671240774,-2.901823579316858,0.5652215725832909,-3.67256431536612,-3.286341765716912,-3.0702998920007327,-3.114195449388591,-2.9487199608044588,-3.2033515418631113,-2.3787351630873133,-2.9423565884862115,1.7792960319093487,-0.04819746419900518,-1.0553917603950576,-3.961838653928801,-3.5791364473975817,-3.7961000252172625,-3.667777433248967,-3.4979544758499617,-4.03752186223251
2022-12-22,-1.9700179174355115,-1.0751196807506516,-0.5180284062158929,-0.5325162538242679,0.28139687980141553,0.330868238246628,-0.5812148862502446,-0.7713427214887595,0.33384289602836476,-0.25627536914796145,-0.8089674928864606,-0.6356788627317079,-0.059267073011415664,0.9886237770547455,-0.8443881551335846,-0.16858964400508641,-0.8541378248171236,-1.1229839311381713,0.3617601920761449,0.18679263317472206,-0.5577387889192276,0.7218697815914117
2022-12-23,-0.4986254728157593,0.5637509929026224,0.31426439895592306,-0.14200728268210644,0.0,-0.4635729337408919,-0.7562479910850253,-0.44659917701188534,-0.3176033860772171,0.2459607159490259,-0.2757036144358362,-0.160792241677836,0.8763840641855971,-0.8893275468274694,0.310637023906891,2.3549107524698147,0.2895616959532715,1.4315655876443705,-0.009821807972186201,-0.07553447357327944,-0.32772937177790423,-0.5236524450523601
2022-12-28,-0.12423797634708729,-0.7082246184338656,-0.3768485487560181,-0.9282761661192904,-0.12096084015441573,0.30232370497661054,0.29920817062888627,0.4149529381598915,0.22955930662359214,-0.8115201435891746,0.23570919644334662,0.22450589723416506,-1.1771122520226913,0.29490142188774626,1.0770649802854586,-0.8333949051667134,0.09073847356957487,1.1486596705604206,0.5423373768446417,0.5126644589191511,0.07229094022119201,0.303319563248146
2022-12-29,-0.6985995629032339,2.19371960973947,2.0082901559518174,2.0626121386309157,0.0,0.8995529452898283,0.8632156068956194,0.42335656139456657,1.1190746600113348,1.695630344770881,0.9188100515528779,0.7581543791504008,2.575498017174141,-0.12277286184872045,2.0933268976775588,0.33675409302750015,0.9679566477347674,0.4096926879542648,0.4096926879542648,0.33751209245560054,0.42335656139456657,0.6890902191696613
2022-12-30,0.10009923571060522,-1.1013599505273828,-2.056710650508632,-2.2263133221752494,-0.3232588558577564,-1.2543645157180916,-0.6850714799581259,-0.4617328053467057,-1.4710990519760003,-0.7560983547101684,-0.7610037014009908,-0.7274469765074277,-1.5624376872189305,0.024566633871223098,-0.776997916824278,1.4417737029962705,-0.3708363080160718,-1.14031372510612,-0.8376121109491486,-0.5363330995261785,-0.6048105288942429,-0.5577822317550556
2023-01-04,-1.3598882321710515,1.1155358791304364,2.234522611534054,3.3110142484606717,-0.08095256366349012,1.1101298498647092,0.3172229360059735,0.7035737810480134,1.0692067013401083,1.49216353478383,0.015274608518935903,0.11852376257449357,2.586248719447253,-0.937815313969871,1.968375399890563,-4.71747796140187,1.2832946627582944,-0.22555778758414766,0.3465056688017082,-0.8919101190271306,-0.4338833910102353,-0.8405195620133701
2023-01-05,0.8080849476023005,-0.39037458484144355,-0.15557428162269138,0.45224135848361835,0.040489609410279175,0.6134720672321643,1.6330419929000397,0.8262311603071593,0.6826785942275742,0.5562967923466817,1.220641110735547,0.9911323290283331,-1.9679026392839822,-0.6717248100266395,0.6938008192278897,1.5012385712777045,-0.4954461349252551,3.02637717292577,0.7575169518234989,1.3242003552565766,1.4881622890448598,2.290477951273742
2023-01-06,-0.479008495871736,3.0663825245307965,3.4278624546729706,2.866743323850105,0.36372181011095256,2.077809972397268,-0.25782308441407115,0.05212047876677295,2.4236341968056045,2.2124522674218245,0.23346861546733005,0.3015139055197815,3.453453660508378,-0.6260025596404153,-0.10057492275210755,0.876254159603315,2.652561287574358,3.396646078603146,0.799094906454442,0.004275511572947668,-0.4211341419000436,-0.28276023883385376
2023-01-10,0.30280521918046044,0.5979120220142213,0.37600285539619066,0.6148828121988997,-0.6069263372855709,-0.7314705876821747,0.05421325088510247,0.7504405684200337,-0.44081728510604784,-0.21970297603842603,-0.016721141311496605,0.11911452827816114,0.12392480683546289,0.5011209025616603,-0.1959894741135174,-0.07055048435944707,0.26601985867339856,1.532443839423995,-0.10091058877573775,0.6144458805514158,0.4652840008615631,0.13523219643876397
2023-01-11,1.0526321771775136,1.5388476120713106,0.9931459691219554,0.6992119144478137,0.08131224823072707,0.9227210554665713,1.207011676165534,1.4250232707251114,1.134239459243387,0.9402367279894402,0.5103893101018787,0.33543070392274704,3.801339957860359,0.22468054810754015,3.5411080877747496,3.4924263512150118,0.21329243457753042,2.88058101587842,0.281995423178054,0.3382500504051603,0.011218439475501945,0.037353309393150604
2023-01-12,0.47258145250756456,0.2126694643586693,1.0733570530911036,0.33788208421405375,-0.407162043663743,0.7374118774192007,0.45148614825683,0.5928535720375558,0.9743270330339214,0.41184826237270045,0.19850054946068174,0.4623382319462174,1.108107390561053,-0.9018176470449373,1.7288451443931516,0.6687933850600828,0.9994005408367577,-0.5065622998109977,-0.15075978048642427,0.09864530965252294,-0.106597472271529,0.08781790423806961
2023-01-13,-0.3479963431542029,-1.7042494615947552,-1.6258535148187456,-1.435531919288924,-0.2042147441487516,-2.6254139884657444,-1.860004826123833,-1.8300931042861415,-2.4167550698653923,-2.0914341093380755,-1.528286608772603,-1.7339588957380585,-2.7132237001190345,-0.3276720954246338,-2.150429655480369,-0.014333034369934584,-0.8984007390787865,-0.9103210025680551,-2.0914341093380755,-1.2166010809228995,-1.5974893552196328,-1.258836012848722
2023-01-17,0.8002107028140536,-0.8443563823921579,-0.41244711640539694,-1.2194433047671962,0.20320850335985857,-0.9746347917085906,-0.055168715992948356,0.3534155323309784,-1.0237609065379836,-1.0008435922742276,0.7711952152118667,0.45527110961968303,-0.37789668541488425,-1.1758648813848396,-1.1674528770449384,0.4886895233713386,-1.317648775928505,-0.1924185402575259,0.2301554525902067,0.2752805108774887,0.0740898661475166,0.1298698652636556
2023-01-18,1.7284362427552669,-1.6225495148575138,-0.3294839041699431,-0.7152733532961058,0.20278614435502001,1.3175878974217075,0.5904844963452679,0.581239807542851,1.1340440914635506,0.08662918853348679,0.8296448678462036,0.7658886131617486,-1.5006935731556406,1.4043387878450706,-1.4574551803844968,-1.9547164733863327,-0.31875983693022425,-0.4214935015127763,-0.031171452815327582,-0.4030894600926387,0.581239807542851,0.2848830783429825
2023-01-19,-1.0087405129990685,-0.5297279738137212,-0.2982508261112008,0.9580416023735358,-0.04051202825494616,0.010800594824434136,0.20820135472061846,1.2925043528039686,-0.005857954743579792,-0.38929315798261865,0.20433823182489003,0.12668430759530883,-0.3514401761836392,-1.919928867441818,-1.5053326316542996,1.7426937395075706,1.7753087088854074,0.9800420770909738,0.20091557113832412,0.2828333600187848,0.736172646368792,-0.4147529436066217
2023-01-20,0.517946242052645,1.7141785428824745,0.7155315006654813,1.389648043706613,0.40452672984775084,-0.794908094766102,-0.37693884640947334,-0.5511452268484652,-0.6548529506677679,0.06557108938977593,-0.141233691647918,0.3033942303991706,1.0499940282548441,0.386926771578836,0.6183420508491151,1.21924185560742,-0.46566709910057114,0.48738783223906956,-0.13156905696919444,0.1979363737677607,0.23790880139435683,-0.6090246628232396
2023-01-23,1.052245798350004,1.9563425752788761,1.225664576210445,1.479941294818595,0.24194919560005212,0.4404176663599608,0.963072308262769,0.8766759299079963,0.4737232022619528,0.7505086877194171,0.9470040018171234,1.0611764900671297,1.2187160158589383,0.7949732917153802,3.117610643239927,0.6937082187652595,0.9530818945240481,0.22224252150293022,0.7636181142250446,1.1311518555907927,0.8650078910577931,1.7773169934847073
2023-01-24,1.3299754043858836,0.8489567103482386,0.6760608786691943,1.0276952403429858,0.20116454396607525,1.5313086855571387,1.5804757128315212,1.479548787195627,1.4811294399096386,1.0219617112298152,0.9880397985982522,0.8341292538223617,1.2057687254595464,1.52095529565712,1.2903153872715671,-0.8500877168075087,1.3175368495561093,1.1500213834557091,0.9563384407620118,0.9355364378543782,0.7252888363998263,1.607991935547052
2023-01-25,0.35967273841522757,-0.23702792158376793,0.12095290296208329,-0.17944020743675707,-0.1608931324634921,-0.16387885406120856,-0.8278151526478332,-0.5317742981129331,-0.22940646277337098,-0.28766201128228297,-0.6332972162966979,-0.8458866423101862,-0.22919760418733548,-0.4791334071806381,-1.5520295494621372,0.13763512012874232,0.18483590929695137,-0.11982823169191226,-0.2745034702238526,-0.12686083866884923,-0.6935035544100836,-0.025066200048366547
2023-01-26,-0.09579735562096697,0.32070740267207326,-0.6572683862083208,0.17330803852503274,-0.12084250965010411,-1.1347231757345233,-0.7216325517246889,-0.5149619213269411,-0.8083740040554523,-0.5232885871123221,-0.20446981153091232,0.13131319710231923,0.34195980117928765,-0.3291654538527545,-0.7735281212870954,-0.17843821377235064,-1.6819802630026564,-0.4636868262201296,-0.772328762641849,-0.46089462844137047,-0.07541497851570657,0.11110810314919155
2023-01-27,0.3109778713211465,0.6642062810634453,0.1056338814068563,-0.03702979141138272,-0.4443666909470749,0.2833341670935768,0.07086273768783909,0.16153712333735953,0.14548656644451502,0.13318544508053357,0.4634200935676693,0.48517444037472507,1.547813164212839,1.385260483356445,1.0340613549768827,-1.601982344554691,0.2952941924570759,-0.883662384329654,0.4346903500194451,0.1790984025307453,0.4634200935676693,0.5179332979433278
2023-01-30,0.0,-1.2210339113678235,-0.5700324756504046,-1.9883210306416044,-0.08102610809827224,-0.2719818762592495,-0.336994412512051,-0.08381342753078777,-0.33921139105329895,-0.5114229387521728,-0.627698057336565,-0.49767979959648007,-1.2395474934761719,0.5487511335346091,-1.2581495805222482,-1.9933617112044648,-0.215407022161067,-0.9389977824925018,0.04159447096803371,-0.16351000873938867,-0.08381342753078777,-0.0476625385650686
2023-01-31,-0.47882204780226617,1.9397829330146894,1.1905993997489959,0.26279573729372774,-0.48738556499192986,0.9854176909701227,0.7121559868188256,0.12223991829247796,1.1952739144067464,1.2560975882476804,0.2660082695872849,0.23932466508744463,2.5551395115909465,-1.9086392473671832,-0.2922069751878852,2.2557821416409656,0.8431168227715462,1.5387753277306646,0.4801551720446293,0.287904727640822,0.07574492938643344,-0.2115114041928392
2023-02-01,-0.07201954799154903,0.7739657840149925,0.8626472595770565,0.9423186983479748,0.20337379581275983,0.4334144491458685,-0.20684944190897636,-0.7746342138043965,0.7267969068500523,0.761862374863548,-0.5400853624788893,-0.40654176434215167,0.3298767837976899,0.50581753909377,0.15881136060404233,-3.1514154454794974,0.9686061523467817,-1.0662921787973774,-0.28320730049199033,-0.19019211743640152,-0.6350740538997741,-0.38730526716554997
2023-02-02,-0.336772333670571,0.29496172717015046,-0.9713496639811531,-1.7491183594563915,0.4863977619898863,-1.1903803005174367,1.3633018987743484,1.9371424618694018,-1.0070675986203703,-0.578674569696549,1.0414709387225887,0.7528245847466843,1.094604281821708,-0.4297972584563521,5.977010214130194,-2.329978541021717,-3.2472711451973257,-3.6175419427285775,-1.150242744343551,0.23820887336166843,-0.5003195949671372,0.16772424372515138
2023-02-03,0.21663076576862345,-0.9722197478490213,-0.8996562321138937,-1.6976185669833763,0.6047424483482414,-0.9829477929593365,-1.497836549254524,-2.0267350422207553,-1.0459794087599827,-0.9584093002334371,-1.8652105015534,-1.3480289206661513,-1.799810692185188,0.10128994958826483,-2.434911283837487,-3.2176699820508246,-2.431083199748693,-0.9567021543236712,0.0963664403740637,-0.8914333936721563,-1.2513468056351564,-0.9007270091848558
2023-02-06,0.3839664213075532,1.8898278026508433,1.4139277563009545,1.0242907368749925,-0.3623819234295706,1.6370710557709167,0.18736578492687916,-0.10101682266429868,1.730940574555167,1.859357136419845,0.6474976228725994,0.4737281665278567,1.7714338423230633,0.8819522345588996,-1.3308916306553116,4.196512009433739,2.710189344145151,2.3806438985755065,2.5028634257210656,1.454670574973774,1.0502721764856446,0.30370046698629793
2023-02-07,0.2870167423882355,1.7634151734532144,1.1913203612554133,0.8604579211150749,-0.32326782594834774,0.21818666964751732,-0.1347644248491796,-0.08108119215738183,0.13534301162050738,0.8191125737339414,0.1587139652165071,0.08071786345960903,0.24468287946661757,-0.050173029517418255,-0.9814676835375938,3.856234179629161,0.5560404943360081,1.316487401765981,0.4640402567275745,-0.11028333341631992,0.3133779838558367,-0.0010941313342724191
2023-02-08,-0.0238988003202907,-2.298745983077519,-1.611822800689868,-1.322972915779182,0.08090730102968696,-0.830713331097622,-1.606729787254984,-1.2264177709628874,-1.0987068059218146,-1.6202279737160385,-1.21141127724343,-0.8620196620609328,-1.672549446120691,0.05017302951742379,-0.3208080189124247,0.14933729385107317,-0.9524040908478552,-1.8887769264418537,-1.1992585663986592,-1.1892132751234445,-0.9703266195962568,-0.09199995501587721
2023-02-09,0.11939250622145815,-0.6077743428765062,0.4281349798568228,0.7322385243204179,0.24236052491866875,-0.18770433273460158,0.34530716924889826,0.6340725520605721,-0.5813253234356935,-0.3852223081455007,0.6509375432201048,0.660595201390893,-0.8353303832888335,-1.8739404991200388,0.3625788843352852,-0.8498348321522813,-0.5314710356917192,0.9928492009374641,0.2629177107096402,0.1343322374606642,0.401241874783146,-0.2545392927788116
2023-02-10,-0.023869639261947954,0.3335293690929506,-0.7118371186994056,-0.8653159780935931,-0.161508400576728,-0.3831329627734324,0.0657064511302595,-0.2466780098923393,-0.6023607046929506,-0.6721554347234979,-0.04907101299898097,-0.2923976300154604,0.44562625541495327,0.6121243724283245,-0.7485903689378118,2.93100869208409,0.2909568025820469,-1.2418827117208167,0.10041900906923637,0.3212481828552167,0.47686567617435777,0.255634431171087
2023-02-13,-0.47847201945546275,1.1913675809425677,1.4291891774607308,0.8421065410871752,0.08077658444016636,0.26125185186838573,-0.7180410757689071,-0.6243302318948972,0.39485905847612707,0.27808858367912564,-0.5590254986744779,-0.22476572784436494,0.9096655601862503,-0.07695553211799877,-0.4680028554317867,-0.5066395671868502,-0.4845834167316566,1.2453396637402712,0.024326363163373162,-0.5544981318925158,-0.5071424655415647,-0.3622496580304193
2023-02-14,0.9309036794427784,0.5496914837201569,1.0705424792344544,0.42279207261759755,0.40292744481136256,0.14197084408304744,0.9238371531945899,0.6218332886825666,0.3457806260806201,0.622360434885935,1.0758447952493095,1.4874658533359129,-0.20076963870757145,0.5884796744248523,1.4713094086353842,0.4517308647200849,0.6710626703203381,1.3212355056485647,0.5957171718461041,1.0869197765291403,1.4224064286375844,1.383714062451728
2023-02-15,-0.33317209793599245,0.81718782195878,0.39490634428952537,-0.35112068837115057,0.0,0.1927936353285458,1.053935166465221,0.819183047611362,0.11222932518679858,0.3328268530281629,0.564536264341134,0.7099503028796657,0.8920252772741878,-0.8968807357525626,0.44251248375661223,-0.05609257761484027,-0.5084952156804904,-1.0448963722995013,0.4929694690595437,0.54430934395766,0.6774364563818747,0.7671224605662506
2023-02-16,0.7362515561527536,-0.7030250177858467,0.10950947888751562,0.7083519379420149,-0.1207068377087165,0.3511167529140132,-0.480043364902516,-0.41404698484204416,-0.1199770395931456,-0.12119880917570008,-0.33534178142150867,-0.3204868068054988,-0.2947964386152937,0.5134867860400246,-1.2779946111201903,-0.14585421335511264,0.6014647112173191,2.6620844052624695,0.6834219748486119,0.2679032655503864,-0.46125471134391444,-0.4649770611420678
2023-02-17,-0.4981709205785904,-0.1225074199784251,0.6851884493317252,-0.975140982867524,-0.4034253168275788,0.4081003435110659,-0.25090387985734847,-0.8791249784455277,0.520808187527424,0.5173507087211012,-0.42141626531566445,-0.7183752734615968,-0.2641097639642136,-0.051226543614411583,-0.2836178048527982,-1.9836206675400874,0.42586073268244584,0.3273442370299354,0.12762682546757473,-0.11252800589222926,-0.38236552810508334,-0.5236429730140053
2023-02-21,-0.11862149127361053,-1.8312627685134377,-0.956108220774852,-1.0728778754535433,0.04042812528476014,-0.8998717294255186,-1.2627207455540477,-1.0214095612799416,-1.2350076661646925,-1.3591631538662683,-0.45491568999813536,-0.5273883719655162,-1.8326167515150524,-0.15314506074570403,-2.64009568149725,-0.29837902431664126,-0.17918159355875693,2.1316547357271753,0.021583811044149533,-0.002785886444253676,0.09403982624662384,0.5976099935425533
2023-02-22,-0.9779360866549817,0.3373588728690959,-0.1386614127553091,-0.010814326137113665,-0.08085212434193033,0.6533777120951988,1.2188304843632565,1.4477681915427085,0.7591651772789163,1.1269717470880045,1.1976175395845323,1.066639535559118,-0.4329234149052167,0.12764684715235794,-0.03597197479778029,-2.2146482622971972,-0.08895207099964719,-0.42898453779309165,0.47528561879186404,0.20536262343729095,1.066639535559118,-0.19736810617923717
2023-02-24,0.5259286115996187,-1.299529658405233,-1.960664289380484,-2.4972047853129653,0.40357790438214697,-0.8321816138268,-0.6298324512566841,-1.0794635137620712,-0.9784641582623125,-0.8304846704566209,-0.9978305794339581,-1.0620738032084875,-1.9949007791975375,0.9899818686801544,-1.942475531892684,0.8532721606852972,-0.9476216965159583,-2.648173137886367,-0.22555347152340205,-0.30444661754083374,-0.4828856330481109,-0.2669240211791255
2023-02-27,0.3094908696407414,1.643972968279483,2.774097254840834,1.824812650770917,0.20116454396607525,1.6077531972838481,-0.006077455052626325,0.1844921810364936,1.3322522233300693,1.9758543870431442,0.6993140605929107,1.2416699836043648,1.455523993886895,0.47875786348981547,1.6409298903728504,0.02910990189708835,1.6952325796032137,2.8710123195458803,1.3039655389903941,0.8973770440060442,0.7605774219398221,0.21250485392733928
2023-02-28,0.023766876885748456,-0.427516564985405,-1.0572226114642784,-0.7609885132536965,0.32102188747124094,0.09956294314048882,-0.06563977780968108,0.8467388583800476,-0.019434720359019737,-0.2448859631375879,0.4255782031976688,0.4970802505779655,-0.19711226927643694,-0.1761341406316335,0.26411668901726715,1.3814513970457587,0.39735683285870727,1.5662053529735351,-0.05720535231934581,0.4567507854186842,0.8467388583800476,0.025037823645533572
2023-03-01,0.1899382455799905,-0.3615813588103913,0.6572519558137706,2.144975887714528,0.4397581588674266,-0.7799263918369304,0.6796931786533215,-0.6866168198153508,-0.6026014221638706,-0.26112258839285357,-0.5298709057995769,-0.4780212889674519,-1.245171746741794,-1.7272260848652676,-1.9829275574431353,1.2941978841995874,0.5982983826317113,2.2127536694808434,0.022742822538251342,-0.27975927011493035,-0.2039975819638641,-0.1263326526680289
2023-03-02,-0.14241511380788874,0.6617116063320839,-0.046477890017924205,0.24486072011786347,-0.15969299165365744,-0.525312703504052,-0.5034753381260215,-0.25542780325092546,-0.027237015862224805,0.008722855864220587,-0.16744228212257345,-0.005066891409966472,1.0498533687501614,0.5875558429883062,0.17473194056254207,0.2243076083678133,-0.1715887352031665,-2.423874769786121,-0.1130152198135577,0.751647717643099,-0.1586238192505693,0.32094874105311527
2023-03-03,1.2745053510418338,1.9655578713274329,1.6471510134386222,1.2636359141279996,-0.19996792677290637,1.1763200437557229,-0.2898429280183217,-0.019207857531804047,1.5016603297315116,1.3968522385266076,-0.10238134356157426,0.2526876394755155,1.8812716550723994,0.2797826755836036,0.7633654983817504,2.632842808281899,1.4410992281624848,0.5355982941485445,0.3744991225761193,-0.2736171445912712,-0.26104767607736995,-0.0228090734023775
2023-03-06,0.9104749656835147,-0.5508040817405864,-0.8008653162126723,-0.9747408770842462,0.0,-0.7988025905495781,0.3229139086166862,0.14070190100460048,-0.8935664972568501,-0.6200384644316072,0.18474675650150682,0.5975740753851249,-1.0119456836670084,0.3802908789671489,1.996934619732016,0.27771927205601254,-1.1256978339456378,-0.5395860977726497,-0.6200384644316072,-0.2570618656314963,0.14070190100460048,-0.19793285965380947
2023-03-07,0.3711346259741027,-1.4424722172891813,-2.009399793550303,-1.5870674133300469,-0.24047428515692423,0.11275408240486284,0.6759985529013032,0.2157934842020451,-0.1815047522141429,-0.6095837334343314,-0.0935768981379615,-0.3157879337508146,-2.258194462316857,-0.5582391977632016,-1.5666459886104118,-3.714892923606882,-1.6612535938235462,-2.5048243171720532,0.10225324524007087,0.5430706984822198,-0.049532042641062965,-0.34787601048717903
2023-03-08,0.300540928948164,1.1814173945314537,1.3538665161416379,1.430509136853486,0.1603770447160561,0.9867473449712674,-0.4104817173518598,0.062424405858787516,0.8572368765387433,0.5454501344975178,-0.5721182188487007,-0.7154148655723286,2.1587803946389257,-0.3058001765812322,-1.6961305715904502,-0.09319007133035974,0.9708878813023829,2.2896402495622894,1.0183441841305936,-0.2708244910159259,-0.6337710581059988,-1.124942737913871
2023-03-09,0.9877288563096389,-1.982385103613836,-1.0793638239539274,-2.35579245904275,-0.48191501993474206,0.49911023395173715,-0.35187170804604523,-0.16813317683052428,-0.2151057704663052,-0.6769355235807729,0.29997550927589717,0.11491192311342366,-2.4381501141032467,0.30580017658123876,-3.9054792817343227,-1.4101279370670838,0.8599391739544094,-0.3649773606242371,-0.12017359605537567,-0.10977509220675807,0.07136847039002113,-0.030938408535645986
2023-03-10,-1.9619800614652867,-2.060863551397589,-1.4053069820293225,-1.134558007408979,0.36164366053391395,1.2174407083318297,0.6933616639984455,0.954636538323618,0.8162945462806669,-0.5938231003803579,0.3594346224670459,-0.4473351216228321,-3.9777960686184533,-0.12730734473599917,-2.170532227852771,0.7421437215360374,1.5259599829072328,-0.9347389698129346,-0.6074067418651538,-0.27947952931796816,0.0,-0.7008813553361534
2023-03-13,-1.2431215498511157,-1.185477324369076,-1.7612879575015359,-0.8843950833724566,1.037523750289345,0.16216334311561115,1.7810664740488227,2.144092749293563,-0.9586741055717779,-1.5889979842651751,0.7737070647777424,-0.39723219201942384,0.26036293218580314,-0.3317552272392967,0.44826845886888056,-3.8982467765805864,1.2260330439109788,0.1791626349568092,-1.0428531507449121,-0.4826091806559015,0.2500071482809264,-1.2047034552894975
2023-03-14,-3.01892844736686,0.24741416553855353,0.4450165117395595,-1.3393204756604338,1.4972808299502067,-2.3405881021884745,-2.0144571288900104,-1.3621748604167665,-1.6918020766822237,-0.6690716234019961,-1.429404289779562,-0.4163691713402515,-0.4317402324645979,0.5607933318888719,0.8494240177718446,-5.012373945695496,-1.9728593623804116,-2.2459108546464734,-1.3920695642442653,-0.6403638092404285,-0.62527527436054,-0.18037888919914494
2023-03-15,0.7029612371346535,0.33183698616863755,-2.889375069834171,-0.7697537764932199,-0.6277179221081692,2.3938589969695627,2.7483639874718824,2.1587224758748325,1.9115963119997994,0.6324845177624491,1.7233397032376092,-0.42052314107456745,0.8865982996744107,-1.099054467123386,-1.4197405700154018,-3.775291674281595,1.7366076443543692,-2.319754327912163,0.9592238006401105,0.9940482527465014,0.8060943891937968,1.430700905021859
2023-03-16,-0.6300070684317742,0.6410004257516086,0.39685867735305286,0.41947317081587826,0.19659726627357046,-2.001446133049617,-2.7129461703054893,-2.0043323284628887,-1.2470804540291045,-0.4458573788890098,-2.414959542757632,-1.1238506915893713,-1.3164588145663525,-1.085277990253264,-3.4371807412273294,-1.0483284321762523,-0.8964918137541534,-1.563515294832179,-1.0982972503611663,-2.4533979560201344,-1.795652501430036,-2.165738347082795
2023-03-17,0.6300070684317862,-0.8464621370142053,-1.1829762000944288,-0.27996948580286085,-0.07858656031125029,1.5052279887928581,1.5584381722453962,1.146061669517197,0.8310181833079248,-0.2681914085027561,0.6041022058566361,0.3875734816272981,-1.9652919480997593,-0.9921772552099645,-1.159989029121815,-2.012243612414278,3.2001315480005106,1.0056669341437552,0.3297038748700368,0.621486752594481,0.6828801064648661,1.0099870923070657
2023-03-20,-1.6070589619987319,0.14088182119314394,1.122185747802731,-0.44456774202335525,0.3531591491139081,-1.2199184233226088,-0.3839696023070179,-0.31848103345809176,-1.1128812368772314,-1.0890920395179475,0.40522922693571034,0.013447146470184159,0.3195533829784884,-1.1081942266156857,0.5751823354050684,1.091928169086005,-0.778030034219092,0.9368571825040994,-0.8161095566255867,-0.21145034542873647,-0.17973941637528928,-0.07655161352733524
2023-03-22,1.727751566831334,-0.9943562542473046,0.14791981628241466,1.1179903307853913,-0.431797555809163,2.0327103993280877,-0.18912643956760697,-0.385271618065344,1.3055693897246745,0.8195602498807979,0.25355600603292683,0.5051156940238322,-3.082255805183339,1.3964223020396855,-4.12142653003476,1.3436610060012302,2.412704538821522,1.498430529522362,0.7249663140565892,1.2320934118076445,0.31450577272359576,0.13927939817885798
2023-03-23,-0.26573686129425084,-0.6172461763196716,-0.8701855913255622,0.48925372049879706,-0.19689693384060034,-0.314798886085179,0.6780591733506331,0.2807066921139864,-0.6027211753482006,-1.2796701832794621,-0.11197415112869198,-0.45352567386193565,-1.5167570973621591,-0.6825943136210001,-0.4068976181992914,-1.898632339752905,0.35881617705972013,0.32199529798358406,-0.8872062293078693,0.001401891686972836,-0.44233063420885427,-0.5639717979673702
2023-03-24,-0.12101395048936996,0.4143965010526989,-1.0255777070796483,-0.49792184419912316,0.07880330723237086,-0.2096239561844808,-0.2106060147442255,0.34558950165175273,0.07142005166183427,-0.44321932360804306,-0.1643068567934589,-0.7166353924405114,2.2924747985436515,0.052662617472646125,-3.4127810936354877,-0.2888557245824917,-1.3712646668162458,-0.721575339033435,-0.23965097769972238,-0.5647630464268514,-0.23371830821477846,-0.5065326560409852
2023-03-27,0.3384951001201382,0.17228806271108132,1.1450986260486438,-0.5590480117852181,-0.2365864695170078,-1.253502855069244,-1.402196833200447,-1.0321541771642195,-1.2184056371186889,-0.2594171258385531,-0.8381694226688767,-0.34294264984848294,-0.12883329098231258,0.05264987963710346,-0.266336611590773,5.086092500526168,-0.944512522811178,0.5474929681521481,-0.01452934825951709,-0.5395960887251037,-0.5341417124491129,-0.6805467571868581
2023-03-28,0.24107164922447538,0.07063259797650354,0.21053762366807943,1.715252303283659,0.5119050631317371,0.23449924438384848,0.45880280488422576,0.6682319073983607,0.1287578723040905,0.24086215309463754,0.7411858658503416,1.0487557645230083,0.05361045897849655,0.7863728832772118,-1.9770391201210702,0.9169426040515849,1.1109120891200395,-0.14598184939083256,0.29533763181943673,0.5635709432206704,0.9589072857944599,0.640512629457011
2023-03-29,1.3869254927240926,1.3004094295940227,1.4566294787478573,0.13898591418060027,0.7434834837262476,-0.3151336734005616,0.07072389007910893,0.08035553256575885,0.3193743314081965,1.103337103593211,0.3142307278624235,0.7313172257413778,2.04948468539786,0.18259024533573748,2.502119604771549,-0.7641985360973251,-0.639905111031067,0.05824697820338248,-0.142593563865182,0.1550090710815293,0.12695775666263825,0.548841416107431
2023-03-30,0.6155331751145332,1.744583183082868,2.669040141183974,2.152762883531376,-0.3123628278916361,1.3130056887320751,0.8399368038642635,0.6400879333684005,1.2989721661016767,1.7512111264836965,0.7739586898594638,1.0470530194262535,2.460707576564491,0.5717310640962867,4.886261008962907,2.9681798205334005,2.0606613762413146,1.9601327650998448,1.1607649622835403,1.20159077457268,1.0135655831723542,0.8035536025567231
2023-03-31,1.1031585218781699,1.869951048411325,0.7331668411058312,0.3436917330496144,0.0,1.0166306905395108,1.0691900851436347,1.1065655125226417,1.368395347399808,1.548238701010639,1.7985231411002274,1.5826850904821004,2.587951847181395,-0.23348730061052195,0.9538994761661383,2.1704257608923347,-0.052267772897115136,-0.2488213795329831,0.4703199548052653,1.028391754029205,1.0597992875499171,0.9672223165672327
2023-04-03,0.674656872186895,0.4898776838985683,0.8125706986583086,0.3120907955760599,-0.6670758237248392,0.5795098709299861,-0.1126471251885664,0.42717084261268473,0.711716537184275,0.03240639843040749,-0.5069286518556293,-0.7774057572377401,-0.6884302542682437,3.320863960316209,-0.7710361748882049,5.714105421555757,0.8274040793717968,-0.5744241409244369,0.10954582745071723,-0.8261683738913724,-0.6885946104613763,-0.746218740023836
2023-04-04,0.25471601496551205,-1.345382920855687,-0.7727497095274521,-0.7890272037790932,-0.3944733767630658,-0.1471634024618926,-0.05281421681135805,0.10376583847561817,-0.6617261090477614,-1.0822112002680404,0.32931691394687646,-0.12204312062599156,-0.9226673812380299,0.22587658005332242,0.58267090192583,-0.7890272037790932,1.05790736573175,-2.74587533140134,-0.7890272037790932,0.18864213091339366,0.31203153552982693,1.1478756849441436
2023-04-05,-1.9853460220822838,-0.8793349167422821,-1.1725371690639872,-1.4042853837191072,-0.15824012357045933,-0.19816901413374285,0.4633914910497654,-0.13888939466346076,-0.29064469424951733,-1.1792712152648455,0.2842908384306111,-0.44938563185354513,-1.1534071463556683,-1.3629909602042785,-2.5198578888558676,-0.6598699270924733,-0.696994404239212,-0.1243603304092537,-0.6171700752307351,-0.21364472930093142,-0.06939148886427249,-1.0983223341821309
2023-04-06,-1.1387924265030844,-0.030601618777402088,0.42821664905964135,-0.012898018396726772,-0.039601693705498375,-0.39007545617525485,-0.450926591363885,-0.591055552346179,-0.51052682702194,0.021974553189885584,-0.5804282909923237,-0.29257162620177973,0.2620807409800685,-0.30540382928312987,2.3058340890043914,-0.3914599716443494,-1.1359018420113518,0.2740864834943089,-0.4199358045213842,-0.8984020423238906,-0.6837121099607743,-1.0388343073019435
2023-04-11,0.6840522216682479,1.0601308138061558,1.4223166672367726,1.6400961368323486,0.1975985070244923,0.9930661169105317,0.48861276297936335,0.4687992108208424,1.0059515077892685,1.247024643607041,0.7634679103810306,1.5098289106966505,1.4552560838090385,0.2817968614081656,2.272000177713192,2.893718743210171,1.6633360402898776,2.21527193099383,1.0332695110608505,0.628597815934343,0.7094268152668902,0.6648807457049759
2023-04-12,0.7494115391445392,-0.31480557418381444,0.8832402596366199,-0.6146985158165565,0.0,0.38478267000099836,0.3099719552796755,0.29165448232478686,-0.11611865574181665,0.06692814965572158,0.36526035362814047,0.41413846457927445,-0.38878710892868873,-0.4358389352836052,2.1539352350356697,1.9891388693704948,0.5809354112381199,1.0212220563895127,0.09361088178678957,0.5369503715096953,0.4085578770093992,0.177902705242245
2023-04-13,0.06997644589783715,0.9377714763421533,0.9575847713223217,0.9798662824971103,-0.07901251532275798,-0.7131147296705227,0.22304291004557686,-0.3022798523450431,-0.20842676085198558,0.2967692456173459,0.1890191304395702,0.4810880993232177,-0.6844028651094611,-0.025695545380117476,0.16529609755249658,-1.255329763961608,0.96079168112214,0.9739598796086975,-0.38172337767605324,0.3477115319710801,0.11976989194053929,0.26065926825911023
2023-04-14,0.5348243444692743,-0.6949098326729282,-0.6088661523142316,-0.9776664118764898,0.19735459211314346,-0.9444861015754338,-0.40762624728093455,-0.7618129034176355,-0.7789228727568737,-0.636130096249564,-0.300176091913378,-0.2517804859463365,-2.014596043279149,0.6915235306285658,2.2205174338176197,-0.04727794986864226,-2.2372565778172016,-0.8869525395645678,-0.45035485582728113,0.046458601005807995,-0.1962842428949576,0.8369097171385799
2023-04-17,0.3934762137321588,1.4720611644819501,0.6368516670949147,1.5409681342609134,-0.39510944292238376,0.4749715059324271,-0.36857912728464365,-0.3093778428915045,0.4811097330166806,0.8478370085628366,-0.03917697445824793,-0.038731478013038195,3.1740333128496854,0.025511227112148153,0.769962927103552,-0.6352743435980862,0.6675080197768056,0.3151565743836265,1.113878296224455,0.4844165017140979,0.11684858354986223,-0.05565417789863776
2023-04-18,0.6906044756019355,0.4035272064704487,1.0213359619435054,0.21288235421875362,0.07915886699478378,0.5009607996836922,0.1349255235746344,-0.21218694452546524,0.6689641110660569,0.4048812563448211,0.1877460068771634,0.2999607978986781,0.10881305195813659,0.7625999961959976,-0.4088291299794688,0.18292360060039334,0.7256408516422734,0.7783974124615388,0.3383138715994422,-0.17483076323281602,0.14438073633578896,0.26572963025568297
2023-04-19,-0.04590442257606474,-0.30073330884151656,-0.5056965686822409,-1.292933656369658,0.19760849913720066,-0.4974016828123025,-0.31089987737807107,-0.6352810701701803,-0.7802156290261534,-0.6839187124806104,-0.050460194002988054,-0.27249910646540154,0.3070007649711654,0.15181308892646822,-1.1784186564775285,-2.3263202057296244,-0.7628267623681498,-0.9245998997590672,-0.28382937809233744,0.1598747253476941,0.10574137933450586,0.24952864647402648
2023-04-20,-0.02293569380591834,-0.05605172986804777,0.34826757672799274,0.3389136485669684,-0.11852222805866967,1.069713611581907,0.9767697597534952,1.2442407640655553,0.8682492811363632,0.3975819647820192,0.6745799776217555,0.4490049676712329,-0.4995469394961831,0.378541797465507,-0.3080744333758098,-1.9925401744934073,0.8842112568073685,-0.6401614642532778,0.491158801108674,0.27628388689291533,0.5270544149529675,0.03875422330763083
2023-04-21,-0.2298425537850245,-0.44931184350123204,0.21699284057527454,-1.4709810643721681,0.07903375044573138,-0.7701481263664243,-0.3631957244749505,-0.434011280200117,-0.4626978932097946,-0.2198416171154256,-0.5815368428689157,-0.4674987164540055,-0.5148563008290532,-0.126023843691292,0.2886806467681547,0.3713433296577331,-1.5206651375570837,-1.261076591354629,-0.5269774471119015,-0.3762625898171411,-0.434011280200117,0.01660556285102569
2023-04-24,0.11498119887115738,0.0781354306600043,0.3830646536328688,-0.2571180988768141,-0.27686682641752575,0.4596599875696443,0.09014283094723503,-0.01887110726803281,0.41324742781158935,0.2535264530112508,-0.11897189438526856,0.0845654168372896,-0.40319145955205876,0.10082604008362654,-0.17393668185583147,1.4870713544101284,0.27734627389557226,-0.35412958456930993,-0.02612632789052359,0.19102860407979502,0.028786541314643855,-0.7701031003714596
2023-04-25,0.2525003277523392,-1.5083328626760522,-1.6030447806170138,-1.8016641203545964,0.1582877705676242,1.0763217196674155,1.337641894628487,1.2233284823615853,0.5292200928861757,-0.06791336343409508,0.8582068787131086,0.34350109701275283,-0.9001990260747725,0.7780237466326602,-0.6001041108288089,-2.2901542554868053,0.5991191125507755,-2.7828248478712068,0.09177646149461563,0.675509750336451,0.5109003964500093,0.2629235755365176
2023-04-26,-0.8980983986857088,-0.7030327652442196,-0.19872135768864607,0.295847092180459,0.0,-0.6692242442997243,-0.9635461217611565,-1.4855007661576964,-0.7160159291554595,-0.6656068318010612,-1.015568605655559,-1.2544156240287432,-1.243205908446099,0.2496948874321207,-0.49724912243056824,-3.6779100985221045,-0.8237945676476124,-0.49011981298657864,-0.278572297763892,-0.9863662961000476,-0.9635461217611565,-1.2821296871046808
2023-04-27,0.43854275431614786,1.7871075612288974,0.9743114770214466,1.1605739385300777,0.3158358244158501,-0.8386529316405393,-0.5284798707037339,-0.40772195374890413,-0.5501619370423324,0.1496124129829988,3.476679743692753e-05,0.57932785759126,2.052366094615142,-0.6253851413960086,1.0179224816711496,0.5019805708452502,-0.1787400842442815,0.7433411188514305,-0.18414997717225945,0.40385291537369417,0.26053900475714753,-0.6013619982782729
2023-04-28,1.2360039741077224,1.1020658944453137,0.3940932687815914,0.7646264700139715,0.5895255673716059,0.9969715693570365,0.7770352303259109,1.0165209159794089,1.0283670512005902,0.6776765700984648,1.2184474516454855,0.9137697258888258,1.4720629407978916,1.5191255577594729,1.0244740849973,2.7877698627133976,0.27924820119899063,0.3360811538705892,0.2521866118876453,0.09019984906268814,0.39582853671086854,0.5788151134321666
2023-05-02,-0.18025986144963363,-0.301542420388784,-0.34381510587599645,-0.15039865158002214,-0.47077550215322006,2.122181567947949,3.613358474258736,3.199683926875744,2.0276035698422485,0.7349790085162973,2.8196691498102324,2.41328022076237,-0.8790308283432916,-0.32167257610205957,0.3811153386955491,-4.573804855523875,2.7400313531760805,-0.885705335719664,0.8287491832114937,0.45502922338320656,0.2525238698611312,0.9884945600906161
2023-05-09,1.1680294850915267,-0.5327511935470948,-0.8828925770701052,-0.7041079762315083,-0.47077550215322006,-0.2144342050113773,0.1823036385199269,0.509459494959567,-0.1303780089953763,-0.3483904499067811,0.5301978930736998,0.7592948598408878,-0.5183576147283948,-1.013979373570359,-2.6781789975459347,0.8515476151958548,0.6128727012789368,-0.3426191119498809,-0.09324464815313278,-0.2991736568976247,-0.23806388664884395,0.39933518160412346
2023-05-10,-0.47006430276704614,0.6252004074992834,0.032127734059847333,0.10798915700293672,0.4316172110862696,0.904010200637571,0.6635698149486609,0.49536270711140323,0.9450336402561028,0.7623432429299534,0.5492324213285306,0.26119678827883086,1.1159967940516884,0.2557148016904801,1.0892665680192681,-0.5836538123844761,0.016097532879746187,-1.5195583269868294,0.15904393697945238,-0.12599789395015076,0.25563138036131233,-0.04696165828628442
2023-05-11,-0.15718439410439072,-1.0662386801467143,-1.3212521263316002,-1.24994408018352,0.039158291066958895,-0.521240340307914,-0.03479167382671945,-0.12961826087843634,-0.5056238834458646,-1.052191508558766,-0.5936426091119711,-0.663564258405706,-1.9947896922899007,-0.3260116786464244,-0.16014982926449692,-2.678011751930421,-1.7536712602102518,-4.686882334208857,-0.8916913055822392,-0.7042833324656911,-0.8692159558085184,-0.6806984507331034
2023-05-12,0.6719011347991821,0.17494026569743304,0.03462521505162158,-0.8801396116158277,0.11735333009736623,-0.29536657051344384,-1.1566743487995188,-1.229892183613557,-0.3105521477139024,-0.05610294242897275,-0.821321984768359,-0.7022200324188745,0.2938541438372273,-0.15083924177850833,-2.2483411377224667,-1.5771899773229348,0.13489082261670993,0.963220083064565,0.30604523254779953,-0.3587981694885682,-0.6577999909724859,-0.901546142028723
2023-05-15,0.866772690688337,1.3239889536557308,1.728182956781029,2.804592386762691,-0.3132190557083023,0.7582168981749273,-0.08155937992710968,0.13117955595477335,0.4427246514246761,0.9527170239965401,0.3314746743602906,0.6383490225977705,0.8087704880336916,1.4485710184900942,1.8813472318468545,2.450914834562095,1.1934886373538947,1.4153235601168948,0.9795913574146305,0.43006816398646386,0.5384163849938622,0.18406246974936127
2023-05-16,0.5956943268872698,-0.5064626505851819,-0.8887667830824236,-0.5516986672959077,0.15670743454398292,-0.15889335609111513,0.6317668229805791,0.6111387717605483,-0.3384830430711847,-0.5373229689102693,0.314119772375407,0.6942230376998251,-2.3711764660458723,0.19815878277684587,0.2582466602354326,-0.5529194496719284,-1.093771921580877,-2.0338457603861113,0.1640449114914031,0.35758093002953556,0.755279416801708,0.9811102427446381
2023-05-17,0.37325442567877165,1.489183723002002,0.7146330405410594,0.7432911712445716,0.4297819762080937,-0.04139363958532292,-0.24922883544776508,-0.044618490038441566,0.27328099170704717,0.5529027268563184,-0.15737649687721691,-0.13907306374137335,1.6262389238945973,-0.3222138440480539,-1.0821402619263765,3.523392948903043,-0.06419861440486434,2.7410091460712582,0.28259089896546785,0.2066505419048726,-0.044618490038441566,-0.37477270429882414
2023-05-18,1.0464476838309211,1.822821206920033,0.6723168458026048,0.326428120125443,-0.27327035504377406,0.24359104534669693,0.13299148706107206,-0.18422687138999116,0.44342181147252685,0.918096762553588,0.6810645648364102,1.143413756090611,0.380989270509347,-0.8476650367939659,0.024214783622112913,-0.006544065534761542,-0.4416750325308555,-0.44538282788842154,0.8641044088098224,0.6147211671130706,0.8548042717560073,0.812595091299314
2023-05-19,0.173357839626996,0.5827474412327154,1.4615507812823465,0.8053448451377688,0.1952636498810137,0.35004303863515673,0.341390999551862,-0.05423874207686756,0.606501269421643,0.8362536303744021,0.46787640299185546,0.3522867716874561,0.5667815673004414,0.17512068698326302,0.7665970764959104,0.5095171125289352,1.7133844939612577,1.472517915170592,0.7283688287324751,0.15208033785581665,0.16404086813798266,0.3380095759957055
2023-05-22,0.7118941124158791,-0.6310920513550289,-0.798827147122014,0.14588077250957077,0.1559624475965572,-0.85618335652064,-0.2859081874376578,-0.7002788457368556,-0.7092447752074339,-0.2279132416438681,-0.47200551736205404,-0.41950971953736893,-0.06409490306542998,0.3492819107997165,0.1385255619045358,-0.6560568767501057,-0.9061268287982014,-1.9003299871208845,-0.671702477949022,-0.23928628943590105,-0.28113139947264565,-0.2179412180503701
2023-05-23,-0.6253450196433785,-0.4194277172240261,-0.7644557602720601,-0.8551220162344932,-0.07795574243379037,0.8731994818390161,0.16262374675717264,-0.30022431551910994,0.9154309245953642,0.184492475283056,0.40677263389649976,0.26627371571091857,-0.23478397864548695,-0.5494519511038785,2.1783474393044315,2.2001563069447934,0.8292105627473552,-0.40067984766726594,0.7092094779344212,0.6001584714479891,0.49363521482373407,0.5764945463953752
2023-05-24,-0.4770132571142892,-0.7804687040445853,-1.6310291468347864,-0.805747573248633,-0.3906236851411461,-0.3098080567190911,0.19861175668912662,-0.46417846525083123,-0.4474400470871257,-0.7571687790604459,-0.17246931795188192,-0.4344262735017112,-2.2232550216082068,-0.6280687313806874,-2.342282437993958,1.1570955618832728,-0.8634878775054051,-2.1283165305965626,-0.053370266368674306,-0.4358815719216087,-0.18983744087364215,-0.5939487156160282
2023-05-25,-0.2829447338345932,1.3552516097780873,0.23037785508431635,0.2844732455214744,-0.11747141367436309,-0.13548056279199572,-0.09904170942847759,-0.8322284855183701,0.1634174198402573,0.4250419430252743,0.03443838273680809,0.2548495530265657,0.48028266673329917,-0.6827630016172526,-1.209693157334029,-1.927151931928085,-0.47344188948547883,1.4907535956492755,0.49301601519615157,0.37448557160703666,0.12137628910502954,-0.5492162881839099
2023-05-26,-0.04360110393779995,1.8123560227199547,1.620822165681655,2.2845631673847713,0.15660449437270152,0.711481773207815,-0.4499927765000875,-0.05187182902326639,0.9491714657691485,1.1354107904914952,0.030760477850032372,0.3961117043380688,1.667015644755269,0.6071318235995429,-0.3774997799213104,1.6273324927036925,0.9243569099809607,2.5359421141101275,0.5255962849809231,0.22069697716107947,0.07425779071966979,-0.2108608048106316
2023-05-30,-0.10829429156623753,0.340451473553884,-0.743573107214057,-0.8581960829015136,-0.07831312260741059,1.083373560314681,1.4593788278351008,1.2553037345005464,1.050952334518305,0.7337395529229884,1.330175672518601,0.7420619790780159,0.6799269897426252,0.44988185649554435,-0.38306871541848625,-3.632063760808648,0.9195071076302455,0.08096889704323515,-0.30571626869436264,-0.4498672430309011,-0.28618293387712834,-0.27774925180235155
2023-05-31,-1.3964757357406457,-1.019254550673114,-1.5367569544987103,-1.4014249165375572,0.2348247437717435,-0.08514512136532815,0.017602683239491306,0.7660530587279859,-0.13743811888519705,-0.7730403662420053,0.25719414628738935,-0.3575178180165247,0.03809227484510057,-0.14974054258737438,-0.7398896001749543,-3.1803349925263165,-0.3094755236067358,-0.197566924638613,-0.4631774078656705,-0.23903414324692382,0.04151267531128302,-0.6280493008189915
2023-06-01,0.9403917400278282,0.4687785572860543,0.6952584440661379,1.2880647909162433,-0.15651162116432332,-0.19917123760369512,-0.44815496568345636,0.25264402703588645,-0.1706131849450392,0.12195898894129821,-0.013631739266275445,0.2598806627412231,-0.4643475477109716,-0.8023992696753647,-0.6436967043991171,2.640790734971747,0.3098623712596067,0.49104040138312105,-0.47684796653472417,-0.8360808107346596,-0.19443740653873248,-0.6795340984503816
2023-06-02,1.5979702228759003,1.162981797088434,0.9019805088647519,1.4362306279598975,0.0782913717653017,-1.071107664753892,0.28663746420539615,0.33379099361551,-0.5426800383567522,0.23803489051448024,0.15190161947421602,0.777810803607548,2.1351923135102995,0.6274098782629952,4.679126467552642,2.2530059001228406,-1.7585106551043987,0.3383029901099673,-0.27278311308793435,0.35631198662847646,0.3585686532679673,0.8549933999734746
2023-06-05,1.6150032780314498,0.8542587689391655,0.3297843996678801,1.0207499799079687,-0.1957989192671194,1.0152491503351022,0.1304970766225103,-0.24264559423620483,0.8315037691440991,0.9656016936840489,0.06355293937181836,0.14707878043693223,0.34815150580015414,0.5737979711456254,1.1143218171996452,0.8588150843256986,1.646292694598663,1.7831072778400219,1.0460561224850442,0.45777516270872,0.2792828500779016,1.3386971620838084
2023-06-06,0.7141324975147271,-0.3719453190900528,-0.21440544554886654,0.29207257746024873,-0.1569215831684228,-0.5278001719952101,-0.698185309059237,-0.2745922807590628,-0.3935274503849411,-0.4285585422973629,-0.46095845527241547,-0.37495519023892004,0.3643312112146163,-0.04977382538925552,-0.1701267392518734,-0.964965096957193,-0.47969618253571905,-0.5030821426476996,-0.5894399109482887,-0.45777516270872076,-0.5731907620718365,-0.3530707737932706
2023-06-07,-1.242502759461464,-0.24309964768982642,-0.3371575976742259,-0.3272883437510585,0.35272050243554465,-0.6287472235561713,-0.635476541590757,-0.229367995091061,-0.7955270233124963,-0.44755098051694286,-0.26785987030777125,0.06923048622169828,1.9242582240649688,-0.5490405922431362,0.5649255900459943,1.5351853475276864,-1.1050681598548198,-0.0695330616723992,0.10325711603328264,-0.02546283260527389,0.06923048622169828,1.0951942083492163
2023-06-08,-0.7017624254331071,0.8692779834633176,1.420295462154699,0.9744154719523749,-0.07829137176529954,0.9366315220817083,0.5341959802363279,0.2788118421428445,0.9317834852295228,0.8974063596531658,0.559215066331833,0.6671860659386034,-0.35708411421616654,-0.42633199282711454,-0.34097040025731123,-1.6843293978354386,1.578740228754632,0.9985557081906907,0.26626692144534536,0.3557993189925369,0.4034851415615284,-0.05151942068905216
2023-06-09,1.4617229080756609,-0.5639989610176207,-1.3430205646234312,-0.2906901530031492,0.039158291066958895,-1.1036847354611952,-0.018122975684610812,0.30298802839368183,-1.0052298774250636,-0.7164618522171845,0.35586422049772565,0.19880384718312444,-1.3221625028397663,1.0748884657072002,1.0044871612019075,-1.581963480122757,-1.012099558115171,-0.8291540930463127,-0.7432865461309879,-0.04540323879707298,0.1658711974759858,0.062252363190392845
2023-06-12,0.628938606658701,1.2682543611915267,0.8031500006450143,0.5656637729423768,0.0,0.5300620297035202,1.0659271282512355,-0.18127301117207692,0.6831241514582554,0.258001460557313,0.6301386299329409,0.5274206290300318,0.3893360315600466,-0.49851636555743273,0.16677351210988117,-4.003481607237054,0.2772324497271898,-0.2812637437012912,0.36515749612875986,0.06677312170563654,0.543890632218289,0.8547458402440543
2023-06-13,1.20483445069421,0.720958673351936,0.8377707988995696,1.0603658210226934,0.23456910356542232,-0.6492823723216516,-1.1762884551515072,-1.2539185300636362,-0.38532593422989764,0.18436354254387188,-0.6932306798199969,-0.3779387183530944,0.7026759172648958,-0.5261034614520288,-1.6478627138443953,3.1691694706255276,-0.6756421202654009,1.9058308073574382,0.06384119181872804,0.18071771812110085,-0.4602012628716683,0.1881227801975221
2023-06-14,1.2516835750325968,0.631820728663041,0.8655630867000296,1.2537279697054573,-0.07812858083818595,0.647533842653965,0.9263069647352089,1.8079618484266753,0.8218140738558659,0.5529493005977403,1.2709951555744226,1.3483263114252328,0.8845589066516932,-0.025131160678852404,2.1198622777686635,0.012687282803399752,0.5681828126130993,1.063075838479394,0.5128053785916707,0.7573246461116014,1.2278022161485407,0.750057481703196
2023-06-15,-0.020393419504742306,1.0893593728719824,1.208491201405249,0.7879288764606075,-0.23473286751810934,0.6311122991349285,0.21817847479068878,0.5403132038166432,0.7230477303441868,0.33761774035719083,-0.03369335263837542,0.0792996674544509,0.3825544751730168,0.8007999399974536,-2.920964129046044,2.380509755376744,0.5578217816050517,1.0322214518987134,-0.14277645669857328,0.3518221771525053,0.3644065023882013,0.2641892349565478
2023-06-16,0.36644674689928297,-0.13350944016539282,0.1286758039457907,-0.1342108371425686,0.4689160299320216,-0.22496706312621395,0.942040962327523,1.1728638943102432,0.03140993241071556,-0.045608031111939666,1.2786458175943731,1.5719018210644575,0.13618742718852955,-0.04985904470269675,0.889845598647244,1.6792092575991062,0.05363557906931839,-0.21037867394090157,0.20767575516081388,1.1543132593217749,1.1226804305520468,1.4277418775374442
2023-06-20,-0.2862962726880543,0.6358836535198283,-0.2708902102822514,-0.8202835271070609,0.35066884544310106,1.454981806139943,0.7810137712125992,0.7696310161905237,1.5175462524760566,0.8888091516091292,0.10787720011526372,-0.29088034017922937,-0.030644528753836813,-0.15019736332000197,-0.7784668009580122,0.48559973260102685,0.11559538004933234,1.4906515047176916,0.02255215922285165,-0.11153846648002505,-0.24702971548540625,-0.2865928010003915
2023-06-21,0.5310532195147637,-0.9119408541479653,-0.5942010467558307,-0.873449181288361,0.11660379811650232,-0.305685496018199,-0.24927670860860307,-1.2781534983155616,-0.5093402382679972,-0.6528246184409062,-0.860221205053874,-1.0441852228516062,-1.0029820153654552,0.27516156933766983,-1.2620481946853874,1.3387661405041809,-0.5430015025721282,-0.3147881011082945,-0.3982545098905206,-0.43382672074913825,-0.6266474923979124,-1.3119168244836688
2023-06-22,0.06108221206562526,0.6097613459862915,-0.1436148963075938,-0.10213076060998641,-0.1166037981164901,-0.31768957985806623,-0.058541027943874294,0.6507736953569113,-0.27062871223107865,-0.04613759326233066,0.021910757867827466,0.12312525978677204,-1.1924261234412044,-0.40049859676181837,-0.5438936209972439,-3.7021490752061488,-0.7472005008323632,0.3745286236405694,0.24944756887156466,0.903664955869677,0.2994455341500382,0.3921664221085564
2023-06-23,-1.5179756095156518,0.18381144297282445,-0.279051406700762,-0.5271759868794614,-0.07782457998159939,1.3554897549605736,1.1411549786482418,1.0245479025967312,1.2216394049125678,0.7676231934182294,1.2518281478617317,0.6169100761404321,-0.44536386787228394,-0.6290097425746607,-0.7826276048285458,0.782610242619262,1.218035972707761,-0.9925781830270951,0.9426907793134157,0.6164445932819503,0.7493723395153364,0.38856730251416466
2023-06-26,-0.18619891087396861,-0.052764339643779745,0.4894455634613569,0.6879735183094295,0.11667488455124253,0.6034801701031856,0.7585272188693613,0.6230109979405283,0.46802678535913034,0.41052453889276735,0.3277456911378078,0.1799239307336154,2.639126287243182,0.27724929937560816,0.26035638788606513,0.85204085989639,0.5304414671798265,-0.32538992800872474,0.356632129588646,-0.09704311551652006,0.2241035191445314,-0.8443295794574498
2023-06-27,-0.2903336340181467,1.0339232666437128,0.9504160202159747,0.9562297365065047,-0.11667488455123856,-0.4063317276886799,-0.3920882575601897,-0.49406373057698305,-0.16783602879415785,0.27980273361873365,-0.4110691252521519,-0.1342801705184605,1.168061745108712,0.752259039960867,0.29058676296707214,-2.362437804535287,-0.5168532320715135,-0.0992149417323057,-0.0564413730236747,-0.023005649158083934,-0.19502967405179786,-0.14402958631307852
2023-06-28,1.9537944366423692,0.34414313077787767,0.21156534829873203,-0.3126588947874682,-0.15583109593922687,0.6950048997247485,1.346586240606958,0.8578232378359856,0.7291776885725664,0.8693900685462241,0.7451292515002355,0.8165459461565541,0.4381881243916646,0.4486554348950275,2.7936322500749693,2.2643930385122726,0.06271719826485271,-1.6069826276507204,0.2937248006142227,0.7168625968492782,0.5463424674284659,0.4023374255409776
2023-06-29,0.10176946442309348,0.7451229622860055,0.20372145843442205,-0.18184922833602737,0.03898054551920252,-0.6803516629802273,-1.0820040536221913,-0.8911374887314522,-0.4091969478761245,0.0844110129050736,-0.7228241564951188,-0.5319383997916168,1.4626197267545675,-0.49861251672337703,-1.294818029566896,1.0530629876800879,0.24452137523726553,-0.43634115976540994,0.3517553184217545,-0.01903198085198973,-0.45480754239793364,-0.8692455105184561
2023-06-30,-0.366894905550031,1.4435853485994337,1.8221141963367598,1.0571381924660876,0.07791553614430732,0.48804340200305807,-0.30489329595097686,0.03580839029045398,1.0036376374436748,0.7510836732203152,0.2683619987268639,0.2589932196038295,0.8224401490288681,0.09988921901755113,1.2077278567856982,1.2031637807723832,0.9345463434004677,2.2291407905962894,0.27042417453373335,-0.16509897162579623,0.06080131300843922,0.5556452250209967
2023-07-03,1.4193140942802331,-0.14921467759216328,-0.5563853471732563,0.8418861426172344,-0.15588197611920113,-0.6989041361013412,0.3584667496274694,0.07833320888845191,-0.5448005286522473,-0.42098033467659474,0.2066489379275291,0.2876286713405343,0.7123308059752311,0.5478312397947745,2.0052320006568114,-0.5162874109160441,-0.15207513688586224,0.3374322691839125,-0.26419991465990394,0.09147325442733671,0.3536355376633405,0.31672720038588653
2023-07-05,0.0,-0.14328703488986239,-1.303359543843936,-0.5962539727179407,0.07796643997489493,-0.4750467412903329,-0.29422982886065224,-0.5615674269878281,-0.7133248410895142,-0.30346505414117436,0.08266903220862228,-0.07230003231233975,0.23047833057077818,0.19885536190223815,-0.1874966161987178,1.9428022241003766,-0.3480801513188534,-0.725481552817325,-0.12318335827415731,-0.40265185998728786,0.06537462242772245,0.1553373977886146
2023-07-06,-1.2237669160115854,-0.7286842148309867,-1.7372155712762176,-2.0007954106903663,0.15576058242433474,-0.7627012149749814,-0.8304621184241308,-1.2585012816409404,-0.959705018205384,-0.6717583429322131,-0.8774192324105294,-0.7848755169155182,-0.714081749388547,-0.24864157579749807,-4.008279080423386,-0.23695088957990756,-0.24100980773121414,-0.2018339353359592,0.057455168671406126,-0.18918040611970993,-0.04358110391344836,-0.5083239966216866
2023-07-07,-3.338516175404961,-0.6258305743623234,0.27876692794087893,0.7502842497074339,-0.4289242903574462,-0.4998433636835605,-0.47787953541550676,-0.24325748117446805,-0.4677247745619689,-0.27823629705816316,0.1616683286945654,0.14591972472607,-0.5997228134011664,-0.47408600720414557,0.5653894745460024,1.7914431592093876,0.3742627585609889,0.48866022096904677,-0.3730377229878995,-0.05293815127955854,-0.06486236312175155,-0.773661010176964
2023-07-10,1.9816312060395496,-0.9647259430406036,-0.619607595926922,-1.1414013361321185,-0.8634375037732062,-0.7007885795567291,-0.08637891988179182,-0.38365773510482665,-0.6977963051074932,-0.7177403956786778,-0.5036601406689714,-0.4601326491401043,-0.7884959458140214,-0.07507048260271626,-0.7672519353815292,-1.6893935721744464,-1.13917992276519,-0.7894343095966211,-1.217518794415023,-0.5180514804566823,-0.4601326491401043,-0.31912981008601277
2023-07-11,-0.3624345214815599,-0.008541766624688321,0.4272138740362326,0.3662273250664741,0.19719635537842573,-0.43327975084232967,-1.0398716101667178,-0.5099366501752969,-0.17317200495429852,-0.10586441955763717,-0.3110600344905425,-0.0828948620518284,0.7735770791147033,0.524271631272659,1.6395472145883379,1.6045838296830113,-0.26931588663874856,-1.2861884676174982,-0.6433766622086158,-0.2947588625588897,-0.45895987293993773,-0.8097529159059572
2023-07-12,-0.6858105480304408,-0.03652952515384391,1.5097942550612022,1.3725474737931351,-0.0788318846095336,0.13341685416241447,0.6872438281825647,0.5679957032314717,0.0401293464873492,-0.06367445453427877,0.36314548434326743,0.40870119076555356,-0.30001395900659084,-0.2992571980817736,3.229376132463793,0.4074749457490737,0.5071415647825002,1.331000413159622,-0.8379139567882702,-0.7630712078072837,-0.2953714828579234,-0.5911135331132666
2023-07-13,0.9417803653657263,-0.5045726633341199,0.2609547777534992,-0.0016409688319516938,-0.07889407830153557,-0.46704158452035416,-0.4750257155623895,-0.1816692492659673,-0.59084668143725,-0.6985033395126831,-0.4124785494718027,-0.7022434077095904,-0.6557744584463928,0.27434508440087546,-0.5992517398254444,0.4864610881666631,-1.2236742791575799,1.156697983685478,-1.2951187430179112,-0.15500306493919017,-0.8118048917596784,0.17046696393420802
2023-07-14,-0.12790300800576707,-0.23597967884749702,-0.6474637420934798,-0.7329562337957531,-0.27661048910874225,-0.6696857771265352,1.0957498455057482,0.8929488181675084,-0.9523936737707281,-0.9033196898988982,0.6853363856094492,0.7934142375848129,-0.3708427187921945,0.34809416119121755,0.2867808689763186,-2.5463593389121577,-0.49284530542719657,-0.8326519833312177,-0.17367166251973243,0.5734072556328201,0.8427055701533603,1.2303994850850037
2023-07-18,0.5742906549865012,0.7741722028548391,0.6187258484392573,-0.6994533038370561,-0.039599713007794725,0.14760030910935862,0.6464862030553379,0.6906153089203498,0.2843877804332662,0.31265223053497704,0.3954099868760484,0.020864463037495774,-0.5168931763719609,-0.447762559573364,1.2866796770933624,2.085384996632627,1.1729978198562276,-0.21949363730088559,0.03388262826078277,0.11746082859972165,-0.1107884532202448,-0.3697861354920957
2023-07-19,1.1387698235445503,0.4367075454003137,0.19880257960426106,0.018110390313929157,0.03959971300778701,0.5548863661754042,0.7086580413608767,1.0001338633959456,0.7783214898584861,0.29405655654416446,-0.20613837154215053,-0.022906836593683574,1.3363481766516254,0.7699104779316203,3.8878879387707252,-0.1835099654019205,0.2309032203965446,-0.20916216521210135,0.21456890901762385,0.13846819400791546,-0.06675265351857025,0.24949275394733766
2023-07-20,-0.8211339430278989,-0.2557862230178317,0.030860699408947978,-0.330310559861439,0.35550456741026226,-0.3860408887684213,-0.8101792026400234,-0.791831837773759,-0.2651353655355506,-0.028161722858259276,-0.5211034394810352,-0.3904545100378636,0.08397386228701793,0.17300805509469352,-0.9020959693984393,0.9403087457444398,-0.09774434385798478,0.8336118844424827,0.409880810212766,0.19903220819343417,-0.3466086931129749,-0.21668674812744929
2023-07-21,0.08451520892246236,0.19035953790860188,0.5378593702901413,0.04165949337424858,0.03942371038711415,0.2733649442458355,-0.3725276936631497,-0.2406833960250094,0.366498267563848,0.44277960299900543,-0.16669310004606833,-0.28214681062286606,0.6555907613019443,-0.22250392160308927,-0.29229043190408016,1.5622357029462919,-0.1165643137921865,-0.19091673136522924,0.19035953790860188,-0.4453284225659098,-0.3150304610908707,0.30533885073682254
2023-07-24,0.8414099874313845,1.7851894356084992,0.8335900341281349,2.6943124891312173,0.432657909201359,1.1006556675899284,1.2515088926687474,1.2730891549082186,1.2189598993236879,1.1668084240434922,1.399160193901758,1.3740077872735952,2.1599166468724182,0.7398294281894917,0.9598522244618922,3.7737051184628863,0.9103766979484108,2.1847600070748725,1.3394432058636103,1.2596998244451287,1.198797323641033,0.5638473115560548
2023-07-25,0.10467067684278308,0.1116608213680392,0.029022777001371364,0.667474036752373,-0.19642164340886692,-0.34824219908536136,-1.0986027203696145,-0.6218462743943004,-0.31872565057043617,-0.22740511271518815,-0.5937593941709174,-0.4979850377137121,-0.8770588797222352,-0.27064655737632753,-1.183864300020935,0.5017021389330802,0.39426785890895966,1.9627796320614257,-0.1609738151674328,-0.7300131521501686,-0.4979850377137121,-0.053515314962374494
2023-07-26,-0.08371906410177625,-0.4158866390403938,-0.2416401391162166,0.14945144285475745,0.15716816777192,-0.08820604809837813,-0.5045480193280567,0.14659875743571774,0.03204764533636554,-0.03309141967088022,-0.023251691319265883,0.056712710389346374,0.019788513236356706,0.8585777700877,0.3470488878142777,-1.1363786142003203,0.0554685080034068,-0.8441406367386961,-0.43125656395275785,-0.5361051748311148,0.2209610075649977,0.3771263457674118
2023-07-27,0.6054894496334376,-1.0534310940445388,-0.974067248923457,-1.626253260616008,-0.1571681677719147,-1.4838424879909007,-0.1650731267198663,-0.3048337227962163,-1.6160454373319995,-1.1861959085647311,0.15666083205675033,0.4807330281186409,-2.5814791118281644,0.1464511626167041,-0.29161081493466556,0.6956073401640789,-1.9718901694416786,-2.099088002385514,-0.38821862794259937,-0.13817114235481853,-0.13108835027169594,-0.7915031501243756
2023-07-28,-0.25011221811415774,-0.10227762752136904,-0.22265453112206315,1.3128588469212172,-0.3545540544811284,-0.7518124561046396,-1.8835265341046667,-2.285556372346634,-0.4235378254171561,-0.5040117110463072,-2.0244595400899414,-2.0788289328688037,-1.1591515860755763,-0.024394783625182916,-2.306735206545297,-0.15680928850756898,-0.28157194888925013,1.2941222468942308,-1.0765427063173676,-1.989513382320412,-2.111497716418063,-1.7993034430991242
2023-07-31,1.3473194540695044,1.5449378416909798,1.3232125698318251,1.40239550023684,-1.3508211323452934,1.4801094613932702,1.7048428267690863,2.0200780826226192,1.6332661729582032,1.593401384775966,1.786386072829378,1.5922604215847482,2.001872987687161,-0.9313768485350695,1.9819998576031708,2.8417235329844788,1.6237834148117605,3.348666089719301,1.3547047075925307,1.779636316379617,1.8211863761444655,0.5959044761679352
2023-08-01,0.6566777909164,0.81913548970123,-0.0029498175414559994,-0.16576216067586555,-0.040007291648013206,0.5196712459813475,0.9037194537232628,0.3293347804904605,0.10424346930283054,0.6094274976708777,0.7867517919804753,0.5804895572637031,0.9413992971756123,-0.6670679440271635,-0.07457248863909698,0.8182893466709757,0.06382691646723007,-1.424006667158375,1.1057036120254102,0.8630680539973126,0.9522372159264412,1.9436508914559374
2023-08-02,-1.5875048137919896,-0.9472675675862028,-1.3786816596582794,-1.9655887845681876,-0.24040068909364892,0.2532386342156851,0.368911870613322,0.2611307132216096,-0.1591412875806773,0.024654613881972275,0.22336883927173468,0.026651979562749856,-0.12379611260583585,-0.09919872161328323,-1.077163869476035,-1.595787805423648,-0.024127600948991336,-1.381344265253575,0.45357179090102107,0.5358992305084527,0.1362394334344417,-1.0357809497675596
2023-08-03,-1.3810585870219823,-0.025751598140811675,-0.014897507228785002,0.6561909706296232,-0.3616475162022038,-0.4802798481319438,-0.5756598051455202,-0.9949975805694079,-0.6411005532558023,-0.061644963485705195,-0.5105031835336918,-0.3955205205054848,-0.8317650834840434,-0.27333653264756796,-0.42443976669370476,2.5570135521429767,0.2278265481330209,1.6820820597364339,0.26124683996537384,-0.3138054420877994,-0.3187196566091735,-0.9036057096913843
2023-08-04,0.2525224027584256,-0.9751048683477237,-0.34301110192264883,-0.6450142221824854,-0.24185413959298108,0.5359093394754344,-0.04700210349441992,-0.02417896362252374,0.5128302768610269,0.06942047167508553,-0.3675027289746667,-0.32035061803901543,-1.3374403485979158,-0.17432868322117046,0.5595930816637588,0.36300672653696847,-0.1603885481773265,-1.3969682371769998,-0.5217761835847311,-0.4510918734629815,-0.5505664370541447,-0.22637758315107603
2023-08-07,0.482229723865824,0.3614854501159081,0.44577344846633854,-0.6557376170656614,0.16130784245000815,-0.7499150559238346,-0.7236060954387136,-0.7050343061465908,-0.7533976475142512,-0.3202609192968685,-0.3150002773073529,-0.3964780154629864,0.737215265063109,1.189316677894025,-1.2232568376459383,-0.4669586580474283,-0.7354035503316649,-0.9270619561533177,-0.5076046570797903,-0.03779378740344546,-0.25402117434799554,-0.30085002897534235
2023-08-08,0.250676103790911,0.01987253482032279,-0.0764316815949946,-0.7621574390248188,0.36192827595752164,0.9606662936897921,1.4279919186458367,1.1634104589525096,0.8524788808969976,0.6693856641520288,1.0169656840606476,0.7452845835681638,-0.18874310172586756,-0.12322954627753027,0.135752865021376,0.7802783620586013,-0.18043356718573064,-1.2827508081836607,0.45569345681672013,0.45573827978731024,0.7123973271539227,0.4365246654466079
2023-08-09,-0.3134325564853972,-0.14313104338411733,0.7537349004151807,0.7773865749609675,0.3206662264812924,0.5905680635525631,0.3249376699797875,0.404367641521614,0.6218686012471589,0.5409996937932338,0.08285775294666242,0.4344893541159081,0.5156743408656803,-0.9913416345056834,1.529405139551636,1.9221372912234045,0.05068136306522269,0.8265984258777609,0.5276376980325007,0.12299963069567511,0.20457086662522317,-0.08330161691060353
2023-08-10,0.8751775489871262,0.3487785950168243,0.6992876790152018,0.46245307865185853,-0.08007273305262043,-0.45557271854666637,0.18119400972981256,0.1696018153576077,-0.3960818348383193,0.2861951353662878,0.061387277201306156,0.44105575838252103,-0.0709941970789014,1.4622107724141524,2.562149231062245,-0.8927525830113964,0.2059727736629218,-0.4576626863490098,0.3128903577491057,0.48733829898051295,0.15712094304190147,0.3615565720808199
2023-08-14,-0.9379842986081126,0.5249447460725756,-0.22024339215576502,-0.5069831824964135,-0.6831431653397019,-0.18504754852933034,-0.17363991665248474,0.07504573231722506,-0.0636145903823551,-0.03897604464614653,0.08022506723593563,0.3623511984341684,-0.6877860375164453,-0.44686988091536667,-0.42992960843905015,-0.6199066905030374,-0.33007004576680615,-0.025547992727826537,-0.025547992727826537,-0.3627685529683639,0.1764013641422133,-0.29195093269783906
2023-08-15,0.31364002101874827,-0.7445259512467045,-0.8639715560780208,-0.7224000006290795,0.28185548398340704,0.23553173186811036,-0.2336963649222717,0.30752763954588275,-0.09793276391401672,0.1059659127611437,0.1008165543172924,0.12504443697216333,-0.7026054998404492,-0.4738627971819936,-1.080562575023994,-1.1981693732073737,0.16140894582957188,-1.1889029365139112,0.42720931655047445,0.0920756679091567,0.33288815234339525,0.3110282605081148
2023-08-16,-1.2605168301136092,-0.619003036286797,-0.4929944690931797,-0.7858107501066522,-0.36254193047992844,-0.2670411333058682,0.1613540333370408,-0.3511775367105954,-0.33343683540692287,-0.19135745401299126,0.36013336395232,0.19363600154388022,-1.124136143010483,-0.10005949704303635,-0.061438948999275114,-1.6187640108823176,-0.4617662957220162,-0.14703684845375428,0.11751122319749133,0.08443720588217332,0.2593564753838756,-0.3450535057183456
2023-08-17,-0.44496885486684573,-0.268256538172401,-0.3677074297099066,0.7297264765194178,-0.1211365844056614,0.36819058396364285,0.08961104256469415,0.00809841442997358,0.2270583030655949,0.07885317638007601,0.3836186326865334,0.3261737145784194,-0.31065257552211634,-0.3007455590703777,-0.6906419338191843,1.3477402390464,0.3427648407271996,1.3758003516847,0.49667045692283185,0.22396769943831651,0.6994414325099122,-0.1852324419670776
2023-08-18,-0.660489866222784,-0.3757637728302185,-0.5909814453504872,-1.0986749995401914,0.16150320585906958,-0.124305963247434,0.3310393717217741,0.27895776047817666,-0.04857678742524895,-0.3564385937401496,0.04789597628798359,-0.18220509531045861,-0.11259150742916497,-0.32685037554835317,-1.8525844057367,0.6951278238796438,-0.40678545915548414,0.14341502846812276,-0.42389681811068014,-0.42572765437463406,-0.2591647528994447,-0.5384662504511073
2023-08-21,0.2775041385623002,0.36741161705404074,0.2858683239753763,-0.047003079174843775,-0.08072918059261669,-0.9026914767900232,-0.7510499435340273,-0.7638391576814121,-0.8784261035576097,-0.3080303620867371,-0.6574625221887915,-0.416388522777019,-1.2052927345697773,-0.20166881314382942,-2.047387030538311,-0.5700064987290124,-0.007696664991637241,0.23974852485857778,-0.2810896292483653,-0.2704817120291191,-0.32843700193149433,-0.15760447132939892
2023-08-22,1.102412103850147,0.36883836311702434,0.27356746451532366,0.4319869054502471,-0.28299499478247064,0.6830437873894221,0.8166863321307706,1.3247270261776418,0.9488324306866388,0.6940399787121072,1.05485462379675,1.0014353371818723,0.9282387275335224,0.5536135573181362,2.3711413973751996,0.2258567221189982,0.8048742992160164,1.5450341493689685,0.6400545398707552,0.8488111817250757,0.7871555080459077,0.6321217538683752
2023-08-23,0.4417752411071292,0.7822785259148904,0.505645824864705,1.2503067009472764,-0.20263073148568594,0.754132356320906,0.6038196238561007,0.8178336558032959,1.0713903925187385,0.4809578465139853,0.025457700492568142,-0.15154720581465722,1.238731615631941,0.6253909413429453,1.502302483043903,-1.6063410122003499,0.6859870033188448,0.6565252476574613,-0.3253458111395145,-0.7963046856275277,-0.5513599001649164,-0.16005971076243394
2023-08-24,0.4816238489915237,-2.1462044618461227,-2.15061269098806,-1.1357638939572225,0.0,-1.1233664327634396,-0.48951432774365583,-0.3118650458834141,-1.0931833308312533,-1.3008451480562533,-0.7521999322371842,-1.0362765765703863,-1.1331643381969685,0.3485069521769706,-0.46712658675694746,-0.6805496444991976,-0.7730812057306807,-1.9042110202489457,-0.7505966463987352,-0.5785109344215148,-0.839299218091685,0.10566603272489707
2023-08-25,-0.9444920751587536,1.661444283459923,1.6780380695142736,1.0617998038912577,0.04054877979591094,0.9269588528866949,-0.23499440081320017,-0.17587006507099895,1.016100432603684,1.3752775564894042,-0.2946356368434791,-0.05055147033071354,1.03311217473252,0.09936361421322237,0.05722273262437779,2.404803758308998,0.829525440988518,0.8299302931598788,0.958937778254275,0.33914590052540733,-0.05055147033071354,-0.08537268502397137
2023-08-29,0.10377985789259134,1.3893788385056005,1.3625108906977443,1.2188160285532517,0.08085971891748588,0.664876626535083,0.9008176115349965,0.716661626899604,0.7489226743474621,0.5798595546201586,0.7298644430918716,1.093003362458493,1.1587355814833662,1.00950943421366,2.746949670399556,1.2031601987781537,0.9263337531518667,1.0169737900499065,-0.04573548461140969,0.2127877256186627,0.1262338136588016,0.13180472704701243
2023-08-30,0.4760522490574397,0.08551877752068716,-0.3743154888646142,-0.6527767427326765,-0.28324443551148626,-0.33609754070677894,-0.37472425760744027,-0.2480820570286672,-0.46697505982588566,-0.365273212055175,-0.3407475041316876,-0.21006371925628817,0.03662647558781866,0.24467075549603665,-0.09962310710512653,0.13713183177846883,-0.07564732904421706,-0.3255223606264862,-0.3255223606264862,0.07818581983296694,-0.12298296838703618,0.4271674970938928
2023-08-31,0.6995901552048629,-0.07044367110918343,-0.8227840975343752,-1.1671884857311736,0.20238471659398444,0.27664687297387647,0.8071898980771766,1.086606762473702,0.24569406066028268,0.009567018181180652,0.9144424325915881,0.5311128314823782,-0.6617328556406694,-0.41631019492900195,2.641439062466322,1.9587796166923384,-0.0905115627743182,-0.3901962364182533,0.07599957194207502,0.6276343508291623,0.6618763054042301,0.10783340921910634
2023-09-01,0.7761420368182924,-0.24304835023279897,-0.7746998120767321,0.7381398362059758,0.20199630332314333,-1.042574779554956,-1.133865605987822,-1.2610966491039561,-1.1437657509603514,-0.24138573548632591,-0.8580151123398445,-0.8125227734097996,-0.25962700740001854,0.4651684981581771,-2.016665568666168,2.0184220203132117,-0.3794116356430513,0.29018052072481076,-0.4293915531971763,-1.2091537476379512,-0.7361675445322967,-0.28144979415270277
2023-09-05,0.12077153328091707,0.29970631260388414,-0.47688644153871607,-0.07790120589966303,-0.12121610008839073,0.1244723605107008,0.04592385842234365,0.24174529121486812,0.016208101010044385,0.07797411877544892,0.5170612966821108,0.7600898741539077,-0.43730856152883973,0.46111121679618605,0.17294249922576568,1.8189634568607709,-0.08668307622511294,0.35253286963222946,0.33218924703502667,0.4919254355251149,0.5693937999057563,0.43100197994907113
2023-09-06,0.7415692396853186,-0.04325369843617315,0.26378681165878065,0.07002317106548822,0.0,0.37402395632325164,0.4353468126110904,0.002059925252862247,0.5352935974225184,0.3896248115296052,-0.19890373967941608,0.022481122497075925,0.422576190348627,-0.024213227479763316,1.5180796358433823,1.6038742378963287,0.1768047284561134,-0.5612609556239434,0.6312603347579566,-0.0037921901055477714,0.2295546682684072,-0.6647419184113255
2023-09-07,-0.2999770646275749,-0.14623336642580026,-0.274748672785258,-1.0224831770613472,0.0,0.5041456650329998,-0.0032285751484339128,0.32730592408581016,0.6018617165499451,0.4967189773169812,-0.19372889737677013,-0.28389559456969293,0.7859600769577705,-0.29105087330560053,-0.8778439551138637,-0.5673149871958519,0.26804999085705483,-0.39728321249416626,0.16126204301196653,0.16870494305115932,-0.4038214842263197,0.259208764142203
2023-09-08,-1.0874025819543904,-0.10574844137012454,-0.10510620657304018,-0.04936734810144501,0.04044207482194503,-0.23485623905897032,-0.21092033264651697,-0.023402950035541284,-0.17984899041823393,-0.2964268242578562,-0.19626382786439703,-0.19919451936345473,-0.647754366051027,-0.1701722648216316,-0.5422789994746552,0.19176791861711098,-0.22254361534333128,-1.731954254264563,-0.2562406432192755,-0.5025367206726455,-0.4495283901306848,-0.31028516050597016
2023-09-11,0.06072188082169475,0.5074516387752168,0.8870118460916353,1.0842966867658281,-0.6078938584372948,-0.31931599491473855,-0.4740719948349064,-0.6374855571617027,-0.33921823236335946,0.025972931785185695,-0.07027470162887285,0.1383783926669918,-0.13580856971473704,-1.027139516656005,1.3355472354833284,-0.05870751914514966,0.037072577292595506,2.271055148358008,-0.148066933061661,0.03236098273396402,-0.03537596046086196,0.14782434049300544
2023-09-12,0.8262053325144005,-0.8462262641575693,-0.9459735275649759,-0.6028209616533519,-0.08135295784415715,-0.15699443341564837,0.07578465075242319,0.33316825692148105,-0.32486294293071327,-0.45680696585877173,-0.2572921912737919,-0.29039748006641825,-0.34516975855393545,0.04913961669972828,-1.3061353712546762,1.3866933171509237,-0.8131370886558399,-0.5525459306204832,-0.29613782229797136,-0.008246554962782723,-0.14380000043481322,0.23670112564680248
2023-09-13,-0.12049095486669316,0.44325652589496833,-0.09207953451967983,0.198674500737538,0.1219738876933336,0.4443273265144928,0.11150283239180604,0.7887545914627156,0.5465970502971522,0.5943816361411455,0.12834266638894026,0.28182844915060706,-0.7706248546200019,-1.2361058414913701,0.7435762634320696,0.3016275904380711,0.09545242584339819,0.2411022294085991,0.3267206303627141,0.3697772321089687,0.18951234718054147,0.27949829693662603
2023-09-14,1.1983329493566832,0.9862160775218259,1.3125058076089997,0.7917668453705987,0.0,-0.09696274648288619,0.3929468766345505,0.636700891918989,-0.05394157860360699,0.2478182319435817,0.5339556159562898,0.3983544630659204,1.9215522058272336,0.5952407598475938,2.203377167074945,1.918760009153129,0.1784738569881252,0.8955874965795113,0.12766434967593066,-0.058795802911492764,0.11527997614000489,0.024316056592591503
2023-09-15,0.909103568897561,-1.1198903950796935,-0.05717273937862978,-0.29032325557901895,0.16242122758639402,-0.21878860864865687,-0.9755725426047113,-1.3655383516951665,-0.06091165564160952,-0.28218768692164375,-0.8551129307307762,-0.6756267820684227,-0.2859581552880306,0.17295403786127672,-1.8106444261929373,0.30160279934455675,0.750468956859031,-0.29096617545228726,0.09225826736127157,-0.8165763329742476,-0.6198194661055534,0.26494777208464204
2023-09-19,0.0786686210457005,-0.38561112888542576,-0.1108391137088191,-0.7683083043742721,-0.08117763797786393,-0.5435438395683069,-0.37221584306755573,-0.019034020633471985,-0.5133019216282836,-0.4864560017704095,-0.42511492769095016,-0.3162911107972267,-0.6354170994085677,-0.12350905351217317,0.795665600178564,-0.11664776556250024,-0.27282953636103924,-1.0389843125368763,-0.17802003222561014,0.04690459276145773,-0.29392357244956313,-0.18709014843640603
2023-09-20,-1.0473484937186295,-0.830800137413959,0.27733700168523157,-0.3199123358856836,-0.16254298179856647,0.01734463576447411,0.6432525531956933,0.9202886084321734,0.13113934576123948,0.012196607029699892,0.35799961341265896,0.2525990831910807,0.17946870136543355,0.07410442175412052,1.9795459926317645,-1.5900141592179746,0.1652910805034552,-0.29707833331934586,0.09277810627052327,-0.006342922364366565,0.17438429412254977,0.47336614996254633
2023-09-21,-0.8578574233089284,-1.2755177620998082,-1.0608654658953787,-1.3557577357554913,0.040678462340844594,-0.3554285492062434,-0.09552795369487528,-0.5116220934602594,-0.6210727146916267,-0.3238100146845458,-0.4193110496768293,-0.4749984127642014,-3.0724587804843035,-0.27203813372419894,-1.3353556512680826,0.7274793675030398,-0.33635119819769616,-0.5245119200297718,0.39112991639461997,0.10577557305910149,-0.13937627380659953,-0.047129605767588026
2023-09-22,-0.3411939598147914,-0.6825992882086139,-0.678822882182706,0.7191529865133441,-0.12203373957881156,-0.06727537299376082,-0.37309910550352265,-0.509334960577288,0.1510548338607531,-0.2816339803483909,-0.6627939891876578,-0.6544466995785738,-1.216467489512544,-0.2727802003492806,-1.008244641120896,-0.18427239754871216,-0.1378696449633574,-0.4136952236715184,-0.45748865053797677,-0.3646506659676985,-0.7328530306727434,-0.8712115441492212
2023-09-25,0.48135343391426405,0.9532894235073237,-0.1504479024739853,0.0907665243126034,0.04068078173465414,-0.20470637989468832,-0.5363640366993618,-0.5408105315908679,-0.44376410977885083,0.3984019815877818,0.00994005058662179,-0.05060933852183517,0.44321895534983285,-0.32333380698770037,-0.6086520876699786,0.2355530063000988,0.017260301595121846,0.05087282051485432,0.533650194842206,0.4102219189156069,0.10628481656747585,1.0125337777563062
2023-09-26,-0.6423208505193292,-1.22636149596252,-1.0070491963413328,-1.1662934128857982,0.04067449550330851,0.22099985690101948,0.25507213728857847,-0.054021154657676936,-0.028717515948684817,-0.18028242341840156,-0.09307054084930347,-0.19241875496887442,-1.5855843504171174,-0.024926965928606767,-2.2616427782395494,0.8613379919609011,-0.5486463024353937,-0.5857446582132133,0.25366219136105905,-0.28070060209254577,0.020909237861413167,-0.03347948375158868
2023-09-27,0.2011818789488908,0.19701611839857466,-0.2783154371574729,0.3159028362488883,-0.1220628837929798,-0.2908991248448418,-1.0073048888479859,-0.6165895512404951,-0.31210891222962817,0.021122648233347294,-0.6637727407383532,-0.3914499582059188,-0.5165498262874083,0.621040973265593,-2.654607970278737,2.623972571073826,-1.0872565300603165,-0.020505410243373892,0.15711859167157655,-0.053313131453862045,-0.3914499582059188,-0.2944936038061771
2023-09-28,-0.4229241954131582,0.8815565351789438,1.2762043505364962,0.5675250678761453,-0.32627939623072294,0.5768815782287218,-0.5493061833528501,-0.8438639887694659,0.47969770101806897,0.7786857817981463,-0.13893052937067027,0.08983741353749602,1.258462707116253,-1.5473127658505523,0.22567644640732,-1.3138776298804198,-0.19749545268477117,2.109294127220156,0.3034760677490007,-0.3020045187597368,0.21355669042091943,-0.4186070483242859
2023-09-29,-0.9123222876796474,-0.3507454284660918,0.03045558584015882,-0.02866010479668726,0.16328305643934835,-0.08591601615106853,1.3723713971427993,0.8666649697789929,-0.3232014794851851,-0.2568919872782653,1.025906293751194,0.7659126307278666,0.18344256520747557,0.9013594962332598,3.585937077624147,-0.9819759356023922,-1.1405993063784505,0.37124458284419737,-0.10774875456852334,0.43777353155541027,0.4625290014501085,1.1016389604831216
2023-10-02,-0.4286213462075134,0.0960547977975437,-1.587900859960541,-0.3660882887754551,-0.4086569939949288,-0.6786403713210553,-0.6044655115894639,-0.72508230237772,-0.7844935003700353,-0.4728084179742383,-0.1680865818271076,-0.2806229361302946,-1.718428870771584,-0.4747055024662666,-0.6136250725598076,-1.6988527654860843,-0.9195869799090272,-2.0157302201109877,0.13583360570083217,0.14634650922428435,0.034011850397971236,0.3350978747567767
2023-10-03,-1.6706603173667252,-1.1398990423694526,-0.8693280106786253,-1.125253308953488,-0.1639418931233687,-0.6234023674751543,-0.7735339149131724,-0.8926880417556654,-0.9510109105359522,-0.8126647592808907,-0.8810181584397423,-0.8848192446063006,-1.763884129152976,-0.9309540334469589,-3.31959802996009,0.8856429964009773,-0.0814838443006624,-0.37092605329490325,0.2077582557050246,-0.5841200407796987,-0.625612263165165,-0.9488800819775558
2023-10-04,-2.5915193093764017,0.284822469377217,0.05511604830102508,-0.7363755383041072,-0.493413303844791,0.19159190470453702,-0.4991673946472223,-0.497563307481398,0.42960204109310673,0.07078161311493636,-0.672019087615787,-0.6501016517078858,0.7740385784075783,-1.2975419533656556,-0.9132355708260956,-6.023468180146108,-0.45256407101310936,-1.3826558021673605,-0.44073772025710084,-0.5632186795987775,-0.5484909680353042,-1.2920965852128412
2023-10-05,2.0911071821997447,-0.18927446626326155,0.4296363880600206,0.2245417183441153,0.041200498273182416,0.03622984099051696,0.6416323323247063,0.6793696845242192,-0.27122256890206226,-0.05511481326425385,0.5039218529881978,0.2741795717368155,0.4031014942161302,1.2469859188987003,0.7859682884324534,-2.290999188915261,-0.3350429508517925,-0.7391732493612776,-0.15159610976552065,0.22196154776163143,0.3363124389886939,0.16560852430700573
2023-10-06,-0.041817888436476984,0.8420559296898142,0.953009138681132,1.0994990201281742,0.0,-0.9249519807237168,0.029262332534553064,-0.23133600368804152,-0.6378126539436413,-0.2005689600977999,0.18806637337131016,0.10178668793107168,-0.06875762439411352,0.1011147488525477,0.8345698499507703,-0.10873126768279882,0.17574886722311217,1.4142295306124744,-0.3382363250042667,0.03577459044080424,0.07353694634703141,0.28386903847846906
2023-10-10,2.049122053718769,-0.040897120334703434,0.9930680633841991,0.8640434763458986,0.534212180229077,-0.7575499423653599,-0.35899439795495647,0.12944491107405562,-0.5204815591755287,-0.5873601844674117,-0.15823607192729627,0.16060546160251002,-0.08202327815865995,0.9554969564416298,1.2991594223360443,-1.1060520185978884,-0.7279817361546793,-1.579767531713527,-0.5600311886137521,-0.44947079267529266,-0.32476580268329,0.24286824450650166
2023-10-11,-0.1640369197620937,0.6115201720065757,0.8683154523228594,0.8291849458901185,-0.32907576882282263,0.7504577261390993,0.8209958055873462,1.5002457940286615,0.8131313978065977,0.18907939761595527,0.6019588318910278,0.6244611595981667,1.9232270442305528,0.15004125753365524,1.0429535786113326,-1.1622997422716896,0.930381993114762,-0.24389918775074992,0.20273121050375267,0.4386855881453091,0.5231706843446542,0.3825476747143005
2023-10-12,1.4869406165450016,-0.3373985005377133,-0.8720611219755471,-0.8510965351657518,0.4932136109951419,-0.6918330297114929,0.1730980004841448,-0.15986263898896405,-0.7717584980283406,-0.2600882358636,0.30655254890304956,0.3553940082397051,-1.1949837442239117,-0.12502223630797907,-0.0056326608691595875,-0.05680118424007308,-0.03130332732951726,-0.2194815973333446,0.2741277114028936,0.4621287388840798,0.49048081485272516,0.057518163509865404
2023-10-13,-1.425396567250417,0.0053162617872939,-0.4114478596546894,0.13554407889428002,0.12292939791301764,1.1423279476968355,-0.12274523510606308,-0.40590372600399527,1.0585450382303387,0.4222207710157422,-0.4762733989374089,-0.6715695298542853,0.2532567382661413,-0.45135202739695657,-1.880519893667211,5.129517874356799,3.668873054543735,0.09896034923838361,0.5046411163661646,-0.3270684702495847,-0.5814135173407144,-1.0869145273823504
2023-10-16,-1.529267633760609,0.8969918284304202,0.7664350024505251,0.5872042673964158,-0.16393602710129723,-0.7432539107291416,-0.7752025489736717,-0.9928630802577143,-0.8425038018188027,-0.17714460292978734,-0.5520064811137112,-0.42368590904342973,1.0355195532879422,-1.5959742373293222,-0.10235746928195022,-0.9121414453174168,-0.6373340210054917,0.0759321563620454,-0.14965397357032775,-0.29000565671153317,-0.3898677327615107,-0.2571539632128216
2023-10-17,0.705542340083626,0.00344618953773149,-0.09525869778510397,-0.2545167291818359,-0.5346531914176073,-0.9780521558443254,0.2470986047929235,0.16356395939121107,-0.78974261519573,-0.46055343840645246,0.1358733048007296,0.4466241302130516,-0.13605851386307988,1.470228869810715,0.03617516150971242,0.5296962043115558,0.19328435909343214,0.05308490988154799,0.00802868659331054,0.3223237888327148,0.4917529182346956,0.4493248359845473
2023-10-18,0.26846051469576354,-1.2205329751932004,-1.7391668641483706,-1.4155284802320542,-0.1650966211829599,-0.3478581032614961,-0.5155510237434751,-1.0000631292679059,-0.6832355771740293,-0.3637322909285474,-0.35603274448185185,-0.5805215421208533,-2.025698381921147,0.25133281461951157,-2.054534070758122,1.4320888343407376,1.5576451583521709,0.2109767864497108,0.1209337800026943,0.2827510626967441,-0.1621875800859335,0.5071636942410501
2023-10-19,-1.4541294836935859,-0.8938790394175746,-0.8394838324694348,-0.6003654321791504,-0.2895609456579115,-0.5047680715259638,-0.3147072554755718,-0.5700171225705314,-0.8220840124675414,-0.372942919703513,-0.42060634941532854,-0.30337080494239205,-2.4106411236834093,-0.07532792741853282,-1.3734442229196446,2.2671080713791647,1.2085790305903374,0.48247983823136353,-0.011351074375074668,-0.32964138901826046,-0.3147072554755718,-0.4839557979801483
2023-10-20,-0.3563456797755488,-1.1963582240825192,-0.9199571146049128,-1.1756716927910007,-0.207328867936786,0.6229300482738579,0.8121246549296548,0.015121838101147683,0.4360919004738284,0.24884160289976734,0.1130773256233147,-0.33952838752366926,-0.6344768851592085,-0.984497368078642,-0.6934698230353311,-1.1670047511209913,0.31277679236909234,-1.0858251860240893,0.04005926216161186,0.47987059912239816,-0.010450793957170643,-0.0928478116172809
2023-10-23,-0.7165565919822601,-0.12140119662406093,0.2661961290420165,-0.02953736360257562,-0.3742891335190249,0.5204119192571456,0.26566745668908676,0.6981339023593609,0.8294192688703511,0.45439370664037293,0.4574616887533208,0.653118091265689,-0.9334598179345541,-0.6362063207567604,-0.7294456383350991,-2.216349675281561,-0.2862207540072346,0.9986541854428787,0.05205713367485457,0.10338616554473445,0.29005901858896777,-0.03379081728238834
2023-10-24,0.10569950070397226,0.6770045207686141,0.2995385801958167,1.1963751435801988,0.04164528282153941,0.1037513972310667,0.8005080735803388,1.0490102740633955,0.48747745154228217,0.43694552826332234,0.9200486131527481,0.9465384232186418,1.201055981175058,-0.2044590032635223,1.960489939629965,-2.5899466105007796,-0.08502550362141695,1.262823059082134,-0.07409181725228496,0.6769136713984893,0.6299469558174121,0.2151879317923836
2023-10-25,0.5688459667219518,-1.3888681927716058,-0.835164536622196,-1.2681281157750883,-0.041645282821548085,-0.824415250075546,-0.8605617050785447,-1.1356065707807756,-0.8574322768263148,-0.48196846302581126,-0.8237330820261032,-0.6317383236603202,-2.1151303422741305,1.1699092163602163,-2.2280525430090843,2.0260432177287013,0.4767415819940447,-1.145678889185056,0.05674245023666146,-0.64415406032199,-0.6656109481464147,0.42583776794231953
2023-10-26,-1.3962625963621438,-1.0419938715330523,-0.2682677122492671,-0.3284421101963779,0.12490480227838635,0.9216176263724309,-0.3486110350393565,-0.26840803497949356,0.8867052596761977,0.5083500689268083,-0.19634062199575406,-0.4887881232513895,2.058757367123229,-0.6086693179279721,-0.16804300822714952,-1.858615875681046,0.3204157253568332,0.3864638427474529,0.16269492497756863,-0.103987267806066,-0.3193403393678511,-0.877841293883491
2023-10-27,1.5012518780937303,-0.27592001644733793,-0.5259033649483711,0.09627619489190269,-0.3334548164744287,0.3339361255498069,0.8508649764294319,0.9465786122956334,-0.0222239165038574,0.05406640911963923,0.6006808189224183,0.5983618295493688,-1.4365839144678203,1.33925072108522,1.7259136298517113,2.0721621945658724,1.3346535611169057,1.466427803435621,0.17838421863541953,0.15309696458536093,0.4515012196432128,0.7991221046157164
2023-10-30,-1.139731184126838,0.7666381572740424,1.124659873529668,0.6130208256489758,-0.16715583410654883,-0.7554239780732611,-0.34418882394055184,-0.7457066664020207,-0.7234703695687041,-0.3941771804365556,-0.39610228499189337,-0.4427576572974993,0.20774143209512685,-1.7215616844302242,0.10023264618897834,-3.414112687403671,-0.9875099819198799,0.01847856061534902,-0.42185848422352606,-0.4391335211413391,-0.6063089067760118,-0.3439592758962209
2023-10-31,1.07675302695159,0.20976782684816708,-0.2380060537957032,-0.9868636663295769,-0.29318881424738813,-0.6281534065448827,-0.16696105174421602,0.46320055613864586,-0.5573463287360495,-0.1541614644308807,0.14761211535135577,0.36208197758387645,1.270925132293885,0.33141200797020237,2.4841921105542513,-1.7799134072321345,-0.9634279133442003,-0.6802436362696609,-0.41627751452707457,0.07332135944634595,0.0077145320326977886,0.041085962343909904
2023-11-01,2.509202695302877,2.514243812563598,2.1280205101046112,2.375575026471292,-0.2520027827731356,2.598565705616109,1.43015401774104,1.4184805716139217,2.8743838284772716,2.4020589151976046,1.6045693821091371,1.6958721479833732,2.0686430001844722,0.4570898644422023,1.7516421147497236,1.0928573733921925,1.137844479296674,1.892960577079809,1.453406136968434,1.128439527518066,1.3427859172851604,0.9903817698081876
2023-11-02,0.5106752008930866,1.421928985644547,1.693802992977548,1.2632676586595983,0.5033510459679074,0.14140072234484358,0.38122709771756963,0.7209678745961663,0.7039781711740225,0.6426343066875128,0.14961349702959825,0.43051712717638513,2.7555614637135952,0.5306348034183543,4.707044942253559,1.418602579628512,-0.14451665487635734,0.17937402626050217,-0.4763726989359859,-0.4056718538831796,-0.23309383015682358,0.849434806262467
2023-11-06,1.5366247579882424,-0.4690175816410469,-1.0255578810403565,0.10402115833233802,0.6672315686607916,-1.2788635747457664,0.10295680563500327,0.1303106522443595,-1.2300493079664492,-1.102801136652393,0.39980669293146665,0.5012595672759405,-2.1527769068052445,0.42751937722541844,-1.926911308481245,-0.6186527511862114,-1.4810959929333927,0.5623682475698716,-0.6987878878628184,0.39233749650148364,0.7900510834827356,0.6615085012818355
2023-11-07,-1.1705518084469801,0.6448864084144545,-0.08822631199304033,0.1799532659786608,-0.20803988648402907,0.9298487057140084,0.8934251515847242,0.9177534980874792,1.1565302335374585,0.3741688609536944,0.22089837905451187,0.36734660767623184,-0.4666026170885025,-0.22610444070284355,0.671975914169036,-3.8796207607305435,-0.05470300325263332,-0.463800995744962,0.36067156815057877,0.23230039285603407,0.13404162772928074,-0.0431426660183375
2023-11-08,-1.1844161735671077,0.34418411657686676,0.7543409763994435,-0.40313676474336935,0.7055581006601949,0.6740128810074255,0.4367267377845284,0.39230708265885655,0.7785956133128111,0.32496731925271344,0.10496890072030911,0.013614422953590416,0.6000809051205644,-0.8334535179009179,-0.7820707967914811,-1.9968791082028747,-0.7307811520038651,-1.0448292712401954,0.27098419505884963,0.0603221459914756,-0.1637888647530714,-0.6452493985955843
2023-11-09,1.3669513364233075,-0.4722285533556905,0.2934653134790779,-0.6302371720165092,-0.04137325102430327,-0.6834712903522676,0.0803078885548315,-0.08040095586709584,-0.707115805948487,-0.311569502290272,0.25720852861093035,0.2085655777613161,-1.2789388959115744,-1.8170601036771812,2.1977865164716706,0.3961391448899309,0.7082026173986039,0.22235562335351064,0.3106968760195282,0.4441345699298648,0.252874570775289,-0.07034322423261016
2023-11-10,0.0,1.8694093126921107,0.7849289270835456,1.0275089683583127,0.12404763562346409,0.43070197965145485,-0.304934455977915,-0.634163994324451,0.8213833395773036,0.8082750551283692,-0.5195036692353474,-0.4596465082156584,1.2513220870537674,1.3833336165551822,-1.3591063780995873,2.489455871456864,-0.7760036366066454,-0.47761108010703557,0.3209663587178949,-0.08420206573344648,-0.2377274661525186,-0.3690758786776984
2023-11-13,0.0,-0.016118414195571504,0.33606392652610967,0.053171306716841,-0.4555886345618669,0.02438559636872089,-0.11974368270954673,0.3320397914920031,0.08903659029803901,-0.015313147426566372,0.1832013437420636,0.3275126273723465,-0.7576819182501243,-0.12870691706231976,-0.5485110775041564,1.6410244433191854,0.6347784461349878,1.757733210210694,0.07925230744340761,0.296272994557515,0.1832013437420636,0.12041453669158683
2023-11-14,0.3034972973727855,2.0382861861904806,3.032160599832083,2.7424420587439156,0.33154099893839417,1.6089880818494957,1.0348635674056688,2.0361029290762835,1.6705219645924574,1.125327110519617,1.3394664925849853,1.0883074873714984,5.517894003825301,0.744261202830517,6.655105948509957,-0.19911809801802524,1.0047522823334751,0.5974564418707007,0.11678866367299229,0.22148672260048977,0.5352663631280113,0.3541536880694773
2023-11-15,1.3045829229857264,-0.5570708350409366,-0.7851467913533963,0.06634796373738733,0.8240855034118181,-1.5499774206518395,1.0567959144128087,0.2994778185613881,-1.2902387793128134,-1.0901516352125118,0.7972171868957026,0.8285355830529818,-0.478274300240989,1.0681718912343716,-0.015144570254219187,-2.6432144484780795,-1.032449678534274,0.0562888978917358,-0.7685415999248053,0.8706616809819011,0.9609981866053574,1.081604920255762
2023-11-16,-0.2595627447556091,0.6061710401595877,0.26774119879161573,-0.478079509648503,-0.12319209482843296,1.2329025953904889,0.40880269345123915,0.71600227376995,1.3038465807481978,0.618083685404734,0.06257044656704813,-0.1699466683072264,0.2694686956599904,-0.07593575644555689,-0.8914164338451303,-4.237512920173021,1.6062090031892433,-0.07969985783295523,0.483922545253891,0.2690568802911239,-0.09259488865959513,0.6848334798560247
2023-11-17,0.9550401487232832,-0.2135225417758518,1.034431216972855,-0.21072203114008672,0.4509094189515951,-0.27298847905224954,-0.1331884741088183,-0.30067508679596106,-0.05000424862334313,-0.11024041373433435,-0.3909635134513267,-0.21183135087621277,-0.4136479724701909,-0.35504698116694466,1.3861652679401717,3.55314173562536,-0.3487253501500413,0.9151562053186427,-0.33783452238029066,-0.3503388645997836,-0.3995791779343269,-0.9900376310369855
2023-11-20,-0.7154158788565407,0.25922064557643953,-0.04885752934294792,0.7296502597441519,0.040909833189654486,-0.36717504823799724,-0.41394972912018463,-0.33403091970597043,-0.10606887477123934,-0.4006283619517039,-0.2890672993732822,-0.11950379216650955,0.22282577918005794,0.05079623486616497,0.37398396449261995,1.6595900728752166,-0.6710450360574667,1.1953183385872919,-0.5075734122270568,-0.013453895935470623,-0.18565941285843235,0.16603220556404372
2023-11-21,-0.2396242698667511,-1.2775134404813742,-1.4852230566188345,-1.6886787248455901,0.6519847227519112,-0.9299030728768525,-0.5993442887348296,-0.37601811837580673,-1.030697564199367,-0.9258470887056861,-0.4681068420100079,-0.5680481761488522,-1.7644619873318688,-0.381644487413597,-3.133477164398759,-0.7417250477467241,0.014668794544381938,-0.8906321205213292,-1.0593331648098214,-0.7087803398420187,-0.6231640668701663,-0.32822531008233
2023-11-22,0.41894829171521725,0.24368952220629736,0.02237962802656012,-0.3438593122234807,-0.4477991785430161,-0.17399915742137362,0.10990293485322444,-0.6498036287030599,0.25815063312096953,0.03163708195725361,0.12603589065812526,0.2643887449413601,0.3499459046743046,0.2037305952317835,1.7154713617852737,-1.41820198183592,-0.5687866704651602,-0.9030767906800706,-0.14165048154796833,-0.39677659722369835,0.1432445276922484,-0.19951284949856254
2023-11-24,0.5756909402308368,1.0575443516764194,2.0555988051055984,1.0466320402427949,-0.6549204544992899,0.4771449204392841,-0.05620845437415045,0.18690534733025477,0.481713329337856,0.8894240954353986,0.44509469745088287,0.5447408335297466,1.2847963875562343,0.17791389218181006,0.01706485546039927,-0.1133061628521163,1.514834887869905,1.7574496630338585,0.11701152625100462,0.263897747663813,0.4623345014927189,0.3919519624750104
2023-11-27,-0.4364237522209099,-0.22303604611143332,-0.3513374412776893,-0.4482612117925384,0.12312087682261877,0.7130187912388105,1.046767276467448,0.9402550125345176,0.7656387649552356,0.103779920105044,0.7999569477291057,0.5558289679876403,0.3201645679589428,0.050770445390927135,1.4108790254210282,-1.264557322745215,0.628745230727745,-0.8891587153023097,-0.04277679168308524,0.28642583294473667,0.48992735140402827,0.27263820910883735
2023-11-28,-0.21892820680237288,-0.6519892317572656,-0.7509545057752738,0.08353349411073152,0.0,-0.3109007134334342,-0.20997346429576033,-0.08383956941246642,-0.3539289001927001,-0.3125627338822331,-0.07915305956579755,-0.4056227914141715,-0.09106191345139938,-0.07617236131794851,-1.0773805109976817,1.0902008033950048,0.5734220796865381,0.38997716424210266,-0.7509545057752738,-0.6056429656386911,-0.482458042692405,-0.2970921939593064
2023-11-29,-0.5594423381688757,-1.0104304895225729,-0.48565731674548324,-1.52094131031762,0.45018154950292044,-0.41669992338175427,0.07810403471854803,0.29278595669108104,-0.13192312033274728,-0.3980785403767102,0.11320075685075814,0.12186411254908239,-0.2474841227419186,-0.33074296621169375,1.020195379831103,0.8126594198708629,-0.7922208678020822,-1.3611023531039705,-0.9400555242513816,-0.5079313772252612,-0.3268683988230985,-0.2591471984505349
2023-11-30,0.43982651247929105,0.3766611640994133,-0.24325312070943286,0.18611194475634474,0.04081220452517025,-0.5075564956697234,-0.5834712917198187,-0.8891459490534964,-0.5418094861824578,-0.20102555525648877,-0.1578750484941274,0.029519468988725966,0.7081815607328691,0.5083859658902703,-0.6817460733031897,-3.3532326379124298,-0.4339883283378265,0.40472454961603727,-0.016322279236548488,-0.29273038109534544,-0.1450771564866983,-0.599426010806363
2023-12-01,0.3981676963167569,1.240603473707729,1.6036785965230445,1.079557687863655,0.040805823648575205,1.5898407064831421,0.18166814400243897,0.3672797618775815,1.8476021529193223,1.475322577419105,0.7894703015878588,0.5243061944462285,3.0803227511599744,-1.1988486326615053,1.6919094153897047,-0.6406935084847022,2.363163873677254,2.4826204607466167,0.6507601469821409,-0.09301855804642153,0.1434772277977672,0.4890309262283468
2023-12-04,-0.958281495155199,-1.6173818501093753,-1.6390984316692485,-2.2301768875186014,0.20380021960178732,-1.5066232095326473,-0.3474939713859166,-0.8957990369751336,-1.5493270602779736,-1.3414256263656021,-0.48160191236517186,-0.5455127541942536,-0.3652774928725522,0.23068433759725462,-0.05639697960554482,-2.209363477405994,-3.2761063860609174,-3.3861757324374624,-1.0910646279863538,-1.1267196564947655,-0.44770272553160423,0.04396675697265486
2023-12-05,-0.7247781460014737,0.6162540952823718,0.5389447509235599,0.023119530588648195,0.0,1.3382491684401343,0.8224813486741516,1.2794812922880583,1.4295971730752965,0.7282966721297259,0.5138449426728886,0.17798618623022844,-0.030121291434952804,0.10236052045135333,1.6170744741204142,-0.6723847557450485,0.2573148945182027,-0.595727962970701,0.6359755023045027,0.1730142961735037,0.015045124127086107,-0.3471500440001822
2023-12-06,1.941025709889375,-0.5002278191724506,-0.08025685244923413,-0.22457412416549738,0.28460592996726436,0.316226883788175,-0.17453556456420868,0.27665139840190034,0.2748561859618621,-0.0832342471139202,-0.4023721981581915,-0.3890860839112654,-0.39523819464558263,0.3828897774873418,0.5711943746281996,-4.358824213232162,0.27158198584874516,-1.4733863275131815,-0.09642955478698503,-0.5073499240181772,-0.41079344471907514,-1.0746690113747472
2023-12-07,-1.2563685449344366,0.7594792968258144,0.3545866106617948,0.48543154513473247,-0.8972362515389352,-0.14859527778728449,-0.05660276044543571,-0.3167605490917278,0.008617827563089799,0.17047061285282314,-0.2585613560319096,-0.21638163314874886,0.28619143379855577,-0.7929407212458766,-0.5807142651817151,0.5383256200754505,0.16422288301252563,1.63236272401636,-0.0006738625860519498,-0.2546386880945478,-0.29229617915114564,-0.016590799597107585
2023-12-08,-1.5165622553485816,-1.5651586869958143,-1.447625606694001,-2.429006034090363,-0.20502288297836702,-2.6413508302351665,-2.270500024678279,-2.2712520862612173,-2.5329617912620903,-2.1916682145035775,-2.1021834092834957,-1.7559750336465156,-2.1613999044429137,-0.025681878514879204,-2.7512091508997765,0.16332482254698538,-3.3371724071903177,-0.8498303600360093,-1.994155055723488,-1.7713423720870363,-1.7559750336465156,-1.3500316184021703
2023-12-11,1.456329705376106,0.8756499031455013,0.6316234314594469,1.0753152025247499,-0.4938432016019066,0.4981142103398455,0.06812185678603858,-0.1452735758587555,0.4595033992974543,0.4214991356315196,0.24133593345422644,0.21359107494951118,0.7620740291615122,0.46131012464673654,0.6299173244052486,0.8924683619340703,-0.6229807762873479,-0.8275176932575669,0.4874512797379789,0.2611094954876722,0.22442145005015546,0.2687457254555148
2023-12-12,-0.14065598479845465,1.2128998481482052,0.9331381115622706,0.7827012981189554,0.32950308084000385,0.9698345628297876,1.337927773463813,1.6321395910143268,1.3239730244260017,0.9812193672101535,0.9035106062138378,0.7796840698963515,0.6975850220923498,-0.230381966952982,0.19569838681292698,-3.1349218367798173,0.7027393593562862,0.7999088201962385,0.7572184084468728,0.7538339843474142,0.7471675124907083,0.5363686097719507
2023-12-13,-0.0201173414670791,0.8170197203740385,0.8438334587401423,0.4361609145934318,0.9412705962545991,0.9233339788949524,0.23453951238949416,0.7449244010287462,1.110342435174262,0.9625818836892733,-0.12366643082612645,-0.22805314017946976,3.2055447662519074,-0.17955679545159225,0.41864209769363475,1.1143869515766687,1.678598089957449,0.5932031198577694,-0.5525783589339934,-0.2476770503587813,-0.42297891509227453,-0.5552385182872867
2023-12-14,-1.3567096364682207,-1.4202892705803551,-0.596925324021687,-0.2881438608791851,0.20346847577787644,-0.9129206486531569,-1.0534122246285704,-0.9060517000106396,-0.6828263947638589,-1.3000265896451366,-0.6953556892800292,-0.3152800612133238,1.102534428076061,0.0,3.541832320306018,1.0219524749822784,-1.1561550018024562,-0.6079045639579894,-1.7406985107212307,-0.9530902305948583,-1.3164179855035496,-0.23200109559368032
2023-12-15,0.48810828989572125,-0.5113705764200431,-1.4588599984407673,-0.945095284438566,-0.44816399449609357,-0.4298883196458324,1.4128473324169286,1.927839372978995,-0.4914635668541807,-0.5673215990128466,1.2610736367658153,1.0052673918593775,-1.7637698501267278,-0.10276202136436587,-0.17860882481956264,-0.3614894823331571,-1.2674736536053208,-0.43006178663677463,-0.346595377854557,0.6594247188911092,0.8019413199303804,0.22151271842202908
2023-12-18,-0.7739396114514293,0.5848240547187044,0.32016751025513923,-0.026139624712347716,0.3261244001764872,-0.19511287977809136,-0.7173410504478334,-0.8789562516338105,-0.3937891832131881,0.08886629829597065,-1.0779918989434887,-0.8429149112731624,-0.20290604666853793,-0.8258125793237918,-0.3881808790113355,1.4140274541640923,0.4774102179641259,-0.43645925919676115,0.023891452281785373,-0.871394614432849,-0.735935677852306,-0.03566551165661316
2023-12-19,0.7536532187882672,0.893213409542443,1.3257050903523655,1.13422445862148,0.48720613118391615,0.4747174049126193,0.23120649640896795,0.524421526172582,0.41429322489527065,0.5723527345424942,0.4034324114202807,0.42955652865538624,1.0447735784904801,-0.28545480015439934,0.5749366925914035,2.134983651464282,0.9660631560283165,1.7030810164100483,0.28698009541015573,0.5415846940264694,0.11971128316387107,0.36022299109593076
2023-12-20,0.6875647684254635,-0.5810566954814622,-0.36685243139903273,-1.002222369230538,0.8871060251081124,1.3029327113668043,2.309323476625595,2.126828806921807,1.0775371449981466,0.8273160038220592,1.6732553214054975,1.578792785551055,-0.4100261471157357,0.5442702019539201,2.8325005374166716,-0.010840387034919581,0.2682672192401003,-0.09965842162962396,0.8143538554759636,1.3406098714868622,1.4401890338917527,1.6699102029168178
2023-12-21,-1.09423340830034,0.6890319674948835,1.2235427893263726,1.607384568630999,0.16046091474496008,-0.41033539920765516,-0.48979248807093434,-0.7741888152406753,-0.2909552568570669,0.19757877195970622,-0.7717299795154517,-0.9095346371037584,0.6282290658022164,-1.065372518830762,-1.3725605693991987,0.09358208187059276,0.4498800354363967,0.9483926980824977,-0.2546955366076372,-0.6221938789835334,-0.9627802655788152,-0.5876605407367511
2023-12-22,0.5080805538936454,-0.8167674027889532,-0.9551048161918426,-1.4988449410112075,-0.8048409604010324,-1.1110621988038818,-0.9687022173533998,-0.4341886441489091,-1.1899435738212771,-1.1336326668682166,-0.6583484006323399,-0.5249525758111107,-0.6291365096050419,0.49511338991080395,-0.7555428388540606,-1.5112832056385976,-0.5750706761472263,-1.6795115215471341,-1.0175320792835014,-0.45320030299154823,-0.716415677950723,-0.1956160438531535
2023-12-27,1.1272267299163201,0.3429366637189173,0.7188731530059161,0.7400974506809596,-0.04043656896580947,0.938494905350897,1.3042140866018013,0.9641521548687774,1.0915235342033258,0.5736615851669241,0.8264587341418215,0.9118238849210122,0.6477466578996594,0.576513899892556,2.2079927783415307,-1.6921520683050857,0.615040947688443,1.5580371777276825,0.16228322143631344,0.3713249810063641,0.33100573713207254,0.4392147648544292
2023-12-28,-0.04004303717120514,-0.7104930873700972,-1.4289656079927204,0.0253041130765732,0.12126068644869381,-1.1304193717592912,-0.3234939549740982,-0.5715685861216773,-1.009026241804813,-1.0694953361603947,-0.1893691395544064,-0.13043955603223437,-0.041215989036567716,1.1431658357433185,0.00033422231238905566,-3.3053368144650688,-1.3314984940079455,-2.0613724908139184,-0.7482571779554829,-0.1475990238916331,-0.1728284849882476,-0.29259801865927965
2023-12-29,0.10007234409459345,-0.26801035719364863,0.11502125503514019,-0.027802280716595806,-0.20215235421772942,-0.22678252336245552,-0.984522151939399,-0.9039390706277692,-0.34789695163742407,-0.3650051672387616,-0.7522967404571689,-0.6095999891552576,-1.1705898986144065,0.7720112382186091,-0.773114099560823,-0.7701371940501957,-0.13489225300846866,-0.267639548064702,0.02191472676783911,-0.3418548234657731,-0.5036128379941405,-0.3938749407306481
2024-01-04,0.6182087730892352,0.2693243515833526,1.1605862828569187,0.2624655573779467,-0.3242737028082374,-0.01241547241627296,0.4789474377516716,0.5298127705888366,0.034133872129980515,0.20119271601657,0.5923454526375168,0.9956713576637322,0.4078525331679285,-0.7203479897423135,1.5951190910033113,-0.3214284573972424,0.6923693321372737,0.34122926537371817,0.5919584713939542,0.44392713481332496,0.9849515073159077,0.13195995235245464
2024-01-05,0.6144104219352426,1.3642877595009482,1.0382201384141376,1.3542711657417779,0.405165370577286,0.8609547693148325,0.7427833624627604,0.8837628149174015,0.8691585105482892,1.3056923447671287,1.1409629328751,1.3382512696213082,0.9737093732401503,1.562740451753814,0.2542055018126357,3.3651228078053785,1.2432588950794254,0.17588019257302953,1.2274146093975136,1.4236236437861614,1.316872172999166,0.7953388980213704
2024-01-09,0.8068568423253175,-0.48822204523175955,-1.3400097628641294,-1.7624436295837183,1.2856971605364336,-0.3782433765534365,-0.6600779975572172,-0.4241983826139552,-0.16302160844247632,-0.18095797254426546,-0.377738009696638,-0.34840502347774394,-1.0102709168897746,-0.05086195799092689,-0.7818135214733667,1.1435543667854542,-0.30447009642152895,-2.077790385540129,-0.3364006770774134,-0.256733604987856,-0.13484625668785746,-0.3369791721597879
2024-01-10,1.2852995360820714,0.7011385213472254,0.5618127777526879,-0.09391231135738987,-1.003004248878003,-0.019808150119607838,-0.09714606616164517,-0.09181947781996669,0.009446105809927531,0.3183283658640864,-0.17467405179743412,0.27875643743242434,0.2517290955455186,-0.127247063700413,0.6719918444152931,-1.1021017667335513,-0.09188162843074954,1.0329007070437621,0.13718524006141533,-0.030399689473142723,-0.11595895477257524,-0.33812646463352014
2024-01-11,1.6313749026310216,0.8561091288085286,0.45979728572754136,1.310654037421532,0.2018144309158642,1.433001092822966,1.2417164864226733,0.8521708446490597,1.500918976323738,1.2228150079270876,1.2398194807086136,1.2197592457340019,-0.03134122758943004,0.12724706370040775,-0.27261797206159977,2.524554476078504,1.0973290300031964,0.7727281848989692,0.9001927421669186,1.2919199866272246,1.1665230061580243,1.1595222980336606
2024-01-12,0.43688739546100314,-0.4039485908281907,-0.18987075767859765,-0.11542733143326236,-0.24225466564275064,-0.20264733989639605,0.010730680555469744,0.35101886898026896,-0.2556563353438239,-0.37018220744266345,0.23521302958590543,0.14320303429085748,0.12580343365283553,0.4567309897127565,1.2307235396255107,0.07223249376172787,0.501438934879584,-1.6278038576790794,-0.47320281169889306,-0.4204111920992133,-0.22854594150217028,-0.5296926162857846
2024-01-16,-0.15098320506629778,0.14657438304856685,-1.4058657967818726,-1.9389488167792945,0.1208873783787501,-0.2994718494866795,0.12015255120819417,0.13051326857806028,-0.5049191567368544,-0.1182618029944076,0.2584865511639998,0.20100927172559674,-0.2233627474356491,-0.2525201494451126,-0.7933534723808304,-0.6240971420170057,-0.43897411401426145,1.1574614352939707,0.44338946837594007,0.4390370448880368,0.2755143316403323,-0.126779785691883
2024-01-17,-0.3215735856153483,0.43357603005888656,0.2027755596907552,-0.5104195707724378,-0.4035681690283814,0.6656745587396515,-0.25575179067487624,-0.9567502898428387,0.7803793498263748,0.5626346485464782,-0.0700295375944284,-0.04442037949674899,-0.8539988149070705,-0.7869022312166187,-2.1781290164880716,2.0117942581529333,-0.11671131369530609,0.390911326543604,0.9909962396300509,0.38592864196256405,0.3822876768963395,0.05567959534717674
2024-01-18,-0.15168905190025167,1.475812417002028,1.4747799347403228,1.4098262370008374,-0.16186812565728298,0.36948352094993947,0.6296943204988678,1.3310220143731744,0.3977677318045973,0.7983709611967162,0.9421220340731588,1.093751123543732,0.04686039035339786,-0.7417792687538842,0.7226915222402504,2.22552133838275,1.4103732235361541,1.2332673495206674,0.5904555441117817,0.649040729682022,0.8908159052503689,-0.002060489361582933
2024-01-19,0.7373142495421924,1.245666354425713,0.03876073839304269,1.0541619229497563,-0.4872130860384844,0.017323850736430644,0.5643953283283608,0.49961004341132303,0.10773650564141704,0.17537997119524362,0.31143909367106215,0.40512666833464006,1.196447923878029,0.6652962001308034,0.5079777097048995,-0.34136832862032085,0.3051845933456096,0.8574679352821811,0.006757738875514261,-0.05956773805012209,0.2558765072380881,0.4679213630607144
2024-01-22,1.4213908156032633,0.20647415390010299,0.1711483961606554,-0.8943297641987209,-0.16294353683065863,0.3002129236024451,-0.11117724556488871,0.17933997301969629,0.2701232895913039,0.07294547238370887,0.21352835875293424,0.3190025704211964,0.5906872769392681,1.3929556083195087,0.3549882569994913,1.251519145839371,-0.3832394721114695,-1.2835229901730407,-0.004728308947970391,0.13210497238133506,-0.06378000922613314,0.23263845002857095
2024-01-23,-0.20449051042702374,0.305397359398071,-0.22573227062984308,0.8777233060302571,0.28498229266198294,-0.2381398097635793,-0.43582105397192983,-0.71207746131804,-0.3524787684790503,-0.10238830994447187,-0.15376294789635686,-0.04879071642595836,-0.6749267351849317,-0.5042979674124206,-1.2147221016715757,-0.028881341295523444,0.4033290870161444,1.6734389756851646,0.014173956079924478,-0.12590228943962328,0.06802786169010296,-0.3661058789509525
2024-01-24,-0.48497289149009315,0.1828170220428062,1.0614563936041654,1.1877031904342905,-0.857322870104342,-0.2110802437053925,0.006126564187022537,-0.12922485553779553,-0.11949306610258086,0.021685941496536146,0.08926765412791458,0.18828260652095866,-1.3666989198314894,-0.37988368493133173,1.758337875663736,1.328918955229007,-0.7545514991213972,1.7472345267197968,0.07355692745924645,-0.11673174459710124,-0.05579581488029223,0.26574069207815304
2024-01-25,0.13078996583070662,0.09621673039325271,0.012569762769637971,-0.31744650925797024,-0.16413672246070302,-0.014262433168947116,-0.09507709966623483,0.03592273077855463,0.21413128876543083,0.31615153716470584,0.1583979901946433,-0.04251410043680065,0.8298143646995564,-0.9432746284945696,-0.05658698450684954,1.9213707632513617,-0.04997460401204741,-0.6123041094713624,-0.4461873119109181,-0.22330662010678573,-0.23309601344351163,-0.5764936987811987
2024-01-26,-1.315799455897778,-0.0377088057904573,0.984993657058858,0.16657014094432296,0.16413672246071298,-0.08947612982463474,0.014870976020410025,-0.11208282364163719,-0.19435949867672042,0.012139235000076456,0.0356059010416848,-0.011013640475538227,-0.1927367544696418,0.1279750122605584,0.5068113562800809,1.2866816712275995,0.019905476946173298,-0.07698632714137923,0.08939893687681354,-0.23129174909008662,0.010121174859993318,0.21001951807381652
2024-01-29,1.1101815936469668,1.0707000401207816,0.609821851566318,0.33329652773464574,-0.36968462430083326,0.8803159221631418,0.36483257564411403,0.7837561132191242,0.6935194925426543,0.5006316831037559,0.46988315523695107,0.17734039297061496,0.9389942530286651,0.0,0.6927426811809497,-1.1649159839869017,0.9852512182617721,0.7802175916482434,0.2818821240365824,0.24810835435877063,0.19851736147628038,0.2095793603497929
2024-01-30,0.037411221740530964,-0.5320341057371637,-0.40788763960787633,-1.2545433166392717,0.1233629159932387,-0.31863179808660314,-0.17256709299884826,-0.4507616969636912,-0.13563212283542958,-0.5832644231458561,-0.5835139074729813,-0.4561937558402956,-1.3947208908240585,-0.05117318455716326,-0.062422313395021585,0.5946360426923881,-0.31669754701926883,0.4936162041847843,-0.45465496468596106,-0.5375045715039737,-0.32912258092022095,0.0912924415237534
2024-01-31,0.9679944047158094,-1.7123405128492837,-0.8179850402077511,-0.6126873054078676,-0.041086851562059226,0.7656679959917476,0.2778065596114033,0.7644721855778761,0.18732461413991205,-0.3507117613620548,0.16836377251384385,-0.4698002435801113,-1.0280748503886552,-0.025596415735503603,0.4692959258021081,-2.6972370380692454,-0.14141744794371827,-0.8085106267391536,-0.06715508926803367,0.0156533704227572,-0.20452286793341273,-0.35950783496710326
2024-02-01,-0.8371458117085312,1.0468991887541221,0.7308855323817018,0.7057389061164138,0.24639190243231587,0.3640442324754666,-0.16169331871610765,-0.031596882485817,0.516939610476237,0.3208531765372743,-0.33338505894885895,-0.4882442597066172,1.5422621545650856,-1.3142823786378615,-2.448602525679664,-2.89662541584383,0.7812680246541616,-1.250526844067392,-0.2534277453552071,-0.6265644142746759,-0.3925836108324876,-0.7592037606114893
2024-02-02,0.27983123645881297,0.6757872007887468,-1.3400533918326243,-0.6556398334816087,0.572605441055024,-1.6813974014055983,-0.4624306442006884,-1.173942264868061,-1.2885728215142995,-0.8239052098413141,-0.2081343597500251,0.19856771030624296,-1.6202898263350012,0.8781023349930982,-0.584097715472005,-2.6559173431798104,-1.3212728366336732,-1.0417454360083824,-0.37144614462211983,0.29304503701029366,0.15603951698991514,-0.16499329717012365
2024-02-05,0.8532755420772609,1.0253097310713317,0.8075378932043388,1.519364891832806,-0.4906095313129924,0.41212369301464846,0.08083822092103737,-0.40870682670622815,0.4276113531956142,0.9226286421049574,0.09945549963273162,0.16695193398425626,-0.7306346535220931,-0.2316867763516236,-0.18635115622730333,2.377631536689452,0.837156469909716,0.16358692295988872,1.39008108780562,0.5210926941213331,0.4223928147594423,0.32143779038535497
2024-02-06,-0.816021868487012,0.38344510710733265,0.8956376829666398,2.3419892089787657,-0.20511597476539511,0.6310365336330013,-0.7500036052341037,0.10670847743902341,0.6538028688231744,0.4573569000350406,-0.517501941092444,-0.47479036539067965,1.4287410147197654,-0.28389331847215865,-1.1197600563725432,1.0133307603702606,0.6146622825099698,0.43340017790768237,0.09355310555014819,-0.26834961052768924,-0.6025828928022177,-0.2882113980887342
2024-02-07,0.4644699700856076,0.276031354649399,-0.8840493318773943,-0.42830501914823793,0.3280044776985004,-0.7333785815252305,-0.21611565515346123,-0.15759457790082143,-0.8480567463519653,-0.3861122578318974,-0.08785434436256043,0.04193915410627573,-0.6980379011190755,-0.44036762629342513,-0.8401012800848588,0.3280406414582013,-0.5810762910300817,-1.7920298576146325,-0.5545529908596848,-0.41488214210685725,-0.011270619881280695,0.1576866372947718
2024-02-08,0.499209349832094,0.22530250124603726,0.18114351404217915,-0.3755436928289128,0.20446549460114968,-0.145823303356049,0.10981251279723764,-0.014085955381046403,-0.33461557793637375,0.12933163421548927,0.16420197935901773,0.44101168172453037,0.9915225225113588,-0.41623078700897836,0.3131721103165204,3.1613535011520493,0.0909181181598432,-0.6380054024128626,0.18114351404217915,0.36503675355132165,0.377210553511613,0.09842901709100337
2024-02-09,-0.258531779174888,1.3652718868608904,1.1341418599474236,1.2194286115198627,-0.16356360270135725,0.6092116973985926,0.6008316963038723,0.6074239563395127,0.6596507190111704,0.9960070643932207,0.6318877495813217,0.7937873681061023,0.943171857599526,-0.03038228420424556,-0.5162379118127272,0.9985034292751056,0.40062099412152213,0.1375229472116119,0.788989376360218,0.7949394738749989,0.7300174613851403,0.43296463945149655
2024-02-13,2.1403845776354697,-1.227445587681098,-1.8001834200487985,-1.738639133643138,-0.1228073487043918,-0.9462698772430405,-0.3615322790776879,-0.5637173996930143,-0.9467872446177867,-0.6470239623147781,-0.19827544453802098,-0.1961714505270743,-1.923727795973284,-0.5550492873840681,-2.9572424682609193,0.905486919669635,-1.229043962485335,-0.2731085209569263,0.15941975700956207,-0.09813683928109203,0.07477161021214922,0.22477060339422777
2024-02-14,-1.0370300679209663,1.7836107916145876,2.2735888174482253,2.2995674544560614,-0.4105159272729193,1.2524221361374441,1.3070423646790108,1.1443767871827082,1.3452471704220523,1.2700138190505734,0.843871644506665,0.7281829923926045,1.6622227544728432,-0.6648009222074448,1.1147177762456544,-0.6467250260416869,0.819332201355516,0.7054296794912485,0.8789612104465782,0.2978567036086868,0.5793453717544919,-0.28643685340495073
2024-02-15,0.2921871551107642,0.5681198217279928,0.9761462840168514,0.35796256207517674,0.08223192053212076,0.15708974276983956,-0.27231348194370525,-0.35536068264438375,0.24271849442644478,0.2311360911557086,-0.19668098786177363,-0.14383810369197791,2.1824804821564725,-1.2619439072327057,1.5215724641545407,1.6673755083089752,0.5506407668647739,1.388827565502981,-0.11949008456804747,0.10525944246953718,-0.2818490883161803,0.5761423190171765
2024-02-16,1.286363471570583,-0.8972696757224637,-0.24246670907684112,0.07716197970006444,0.1232418526585185,-0.8344766713387615,-0.3947912377622163,-0.4800361167590972,-0.760230463711125,-0.6966253753418092,-0.34829168955563394,-0.13960070223222307,-1.4356567284590365,-0.5418529584081856,-0.32146908536856594,0.3814792577894531,-0.03243401743255277,1.5503709601914775,-0.3980218847166212,-0.016076102907696697,-0.1608104552473947,0.017382335029428115
2024-02-20,-0.2509413008586903,-0.33621745415641807,0.7274406080911342,0.3654182128797105,-0.040926261631572716,0.38640692210637106,0.18944792628218365,0.4564936829591571,0.5502397773890484,0.4236224701574645,0.1385479578795258,-0.0617845354822136,0.03790683797941331,0.19134741582946987,-0.6418155788616329,-1.141925606722517,0.8204377638612225,1.051278004035521,0.11919048817943978,0.016061882773736342,-0.08298304211453546,0.010185380939323417
2024-02-21,-0.23358546585011503,-0.12996547214012202,-0.0968993041050481,-0.04625953623241894,0.0,-0.54054465697043,-0.18373944694584904,-0.41182432544246816,-0.4712278638732519,-0.4022864744439429,-0.20381000833044138,0.07125426815847051,0.3359818438373849,0.190944693587083,-0.25322472354267156,0.8507709534600304,-0.21518795432580012,0.1945851946737245,-0.22051906883154412,0.1345582739198638,0.10306315384709443,0.13747884189323473
2024-02-22,1.3223984494799927,2.3254868728751714,1.2759372929226784,1.2915360619649128,0.28600973686261383,0.28776124979953005,0.3160104175007761,0.4819181605655477,0.4349682837963097,0.7568487889077298,0.5211652332620733,0.7189901720184583,0.46581592925434356,-0.46440822048434566,0.9414296222500731,0.8220248147351169,0.3197253360257117,0.9788198394989244,0.2770622421155536,0.3528465052718026,0.3590837136066089,0.26829823830027366
2024-02-26,0.38979648674203304,-0.35696328312920367,-0.09699102610027087,-0.4343630570998796,0.2445047302728076,-0.1389867755231328,-0.1796960820262286,-0.3770253115584484,-0.305157349594032,-0.31376751166125555,-0.1842202112237455,-0.05980316515613891,-1.0926655507943595,1.2517166059111209,-0.7797346766057242,1.2123901013267733,-0.2129502283718861,-1.2830623732653588,0.009967000920953678,-0.041139318914542575,0.08813169317653194,0.10026041736944896
2024-02-27,0.17667333829103413,0.23078347633339394,0.21319415507638234,0.24289679763865143,-0.16294353683065863,-0.1787327739604905,-0.0938932818129197,-0.06028465105220832,-0.09419521143440229,0.17479278327792286,-0.051441158514265915,0.06218477971276126,0.16432531504699022,0.0810876781885802,0.5819486915532712,1.4909078403852312,-0.061156230967581555,0.7146265190715927,0.04516857961504224,0.31884330001260913,0.1362390677881316,-0.3609811158545952
2024-02-28,-0.07062086238320843,-0.17942365579192635,-0.5521047587634637,-1.3644494630907764,0.2036430789042668,0.31507485870567425,0.05026111006025071,-0.1188535361641018,-0.05645528633701795,-0.06014615794015689,-0.12091936739947978,-0.16494330091009574,0.9598951096680445,-0.027007132656913353,-2.074643907443297,-0.3590882616642341,0.13351982482794023,-0.506931456028379,-0.04716595595482135,-0.12495928111942249,-0.06966750356014585,0.03148354917589796
2024-02-29,-0.07069834314156524,0.4657762211356299,0.152957192786333,0.15696582553916294,-0.5302877475774472,0.3087668215039032,0.258098668112139,0.5999477608393433,0.19988026204444323,0.28815501305158897,0.11833235360725507,-0.0018002865649587162,0.9521093032120765,-0.6779840904146335,-0.1529277482946191,-0.2468626500771147,0.6206351977197223,0.19067627695637523,0.10693024894960736,0.06066246815605482,-0.08649645944213964,-0.665327484480487
2024-03-01,1.369405511800648,0.5613777507727588,0.4666781479510352,0.8447829170179157,0.04089924996310651,0.08243716836225426,-0.5523274872783213,-0.550705147322174,0.23382695386694502,0.0007463089497640539,-0.6324912614509531,-0.45477854231465814,0.8121481542249037,-0.6551900982934671,1.1541561499172799,1.784509344983748,1.5003508947799995,0.12797879780028887,-0.37306959986242955,-0.6631564647399857,-0.6239653935557694,-0.2958763677777086
2024-03-04,-0.03488227629933985,-0.10063887848369621,-0.13027306002754035,-0.21592323245681064,0.20418422526792343,-0.21606289486526914,0.19272394346078853,0.312688523072393,-0.17882774798908155,-0.019186070721231702,0.4245966261129692,0.4044088549969287,0.9379783613273889,0.8183283629568116,-0.9927610415646828,-1.268779198733047,1.6112160896201537,0.04830015993470446,0.006658565583775765,0.35700966143241764,0.28826282545443255,0.4582904967615864
2024-03-05,0.46985557821430196,-0.7642136482740663,-0.171715137306641,-0.6550900429838845,-0.204184225267928,0.8541152370712525,0.9027434756200032,1.4934574906549754,0.7864218012755019,0.16236549932746416,0.6776854019837795,0.3785288916679029,-0.9802914349316387,-0.21757191663705922,0.17558549076264393,-0.5193239988497564,0.8404240026161948,-0.1351774022457802,0.2402147013849368,0.3508533992655604,0.47354315071871067,-0.07555938645388523
2024-03-06,0.3466286997115459,0.22791087422167428,0.7869569652622012,1.1609927388005492,0.04087226457979571,-0.03512972726951984,-0.09697284318509251,-0.0910920115003351,-0.010127325449025943,-0.03137400140981758,-0.12955848417354834,-0.10019902566596076,0.2193695128229765,0.24473329458816,0.16746535389530798,0.9268967347426238,0.5406551974623889,0.30580372542224116,-0.27752871889447556,-0.27407654611346544,-0.16354876226609918,-0.3376291971696756
2024-03-07,-0.5377933021899411,0.46656559625655447,1.0248074632938813,0.0925457455537114,-0.20454915372366975,-0.3528903678000329,-0.08785395583138941,-0.10903157590275211,-0.2728783150434568,-0.4048123815346815,-0.048804665506672326,-0.11967446111458399,-0.5442387001929333,-1.3397205447424312,1.360934928633228,-0.6692541283081882,0.045589923311455276,1.0452155980178526,-0.5211852028467162,-0.1154875365742823,-0.27789690431310615,0.44074186668121235
2024-03-08,0.3299584945747887,-1.5450426146477423,-1.3908397304839646,-1.0409610583568707,-0.08193901728370165,-0.8695066323147843,-0.5484222400035095,-0.23351580799284266,-0.8053386272485535,-0.9171330499822409,-0.016760462411198905,-0.26665355765385657,0.2034077244994132,0.05503280387530606,1.1758860997351606,-2.121966032012729,-0.10130451184729924,-1.7643699976880214,-0.9430070235424323,-0.4781402066981741,-0.329863128555975,-0.1092378179859638
2024-03-11,-2.137802921659614,-0.8286065073681065,-0.7276234357255567,-0.5223558511810734,-0.32838781217433877,-0.8686620563737075,-0.4009500162972425,-0.4681340521175322,-0.7242237869800401,-0.7555031306884312,-0.5340892326128067,-0.39889957141250415,-1.2225013033161298,0.2198288536465399,0.8949968899387224,-0.3888026401752205,-0.5592616857495021,0.24222888426342265,-0.7425955392019473,-0.8055502574246771,-0.41996680253761093,-0.694828498004417
2024-03-12,-0.46157343193118144,1.0413654224064974,0.9389865669192782,1.0653465269521663,0.0,-0.43952595121678595,-0.3522553098774254,-0.11213288664402728,-0.3501472321663227,0.061739233303315946,-0.32584153152927015,-0.11530601491399955,-0.24647385382180748,-0.3024044860597575,-1.2892947257730474,-0.39605273890809384,-1.1287162010901206,0.05300993432469272,-0.028624591693263687,-0.13706377958793228,-0.304683567452993,-0.16173978128967806
2024-03-13,-0.3565054930742866,0.4458075287587059,0.7803490722612927,0.28787801358768117,0.24639190243231587,0.3807479735993058,0.26356917406210423,-0.16756487910260953,0.5014268222691848,0.6414179973319181,0.47882779828077054,0.4216884453278966,0.09636797368346318,-0.8571792295701408,0.591873222256273,2.9471757052648453,1.300986152547495,3.6167814601795643,0.6026895496737306,0.560802747806759,0.4111717411148126,0.4738136804966926
2024-03-14,0.6408013032229342,-0.1965298684975017,-0.7408298379283915,-0.509280711781201,-0.534659954200027,-0.7420975404525273,-0.5086954800864836,-0.3759771405994257,-0.7381332554375997,-0.4772641759405778,-0.2179524152472215,-0.2897435575245708,-1.5097825761532182,1.461091447814743,-0.5496627578101171,1.5999173802179967,-0.417033893242173,-0.19678802424615138,0.0013540857133299584,0.24521564692997316,0.03600119859788728,0.3112278051448942
2024-03-15,0.26578951863113337,-0.23280278663933793,0.3662683093750486,-0.15510806300507315,-0.12378051027644547,0.2854929825650815,0.05516315612598576,-0.017359801895831597,0.4840297548000338,0.39134245862956807,-0.15542129380845765,0.031216931684058192,0.23342279473881283,1.601774363495801,-2.5112566550693534,0.49552099808650274,0.1362598821444009,2.4201399253291833,0.4562118469059258,-0.19191098865103212,0.031216931684058192,-0.2732937718948102
2024-03-18,1.9104971327146225,1.0359450617807204,-0.1431034244829529,0.6149441085508538,0.49423634949429296,0.325896572005351,0.16552394254588487,0.33331443220488133,0.2763155657817773,0.6766797978576784,0.2908409795883638,0.4528742917312162,0.4903493429016752,0.026912586821162727,1.0321665539079676,2.5820304181757634,0.6034948675458959,0.6376871830997188,0.4433947377701341,0.4451686453496459,0.33331443220488133,0.1167777328759997
2024-03-19,0.9847163732634405,0.6809770361130953,0.2925718673822233,-0.36412352799122544,0.3281390420078894,0.415017446926907,0.04372706428659261,0.2616340959421788,0.4143925233520495,0.527318696908536,0.1681470321349867,0.10257883908522106,0.0915963956436324,3.3102481390414282,0.9152892377425382,0.7022088680748584,0.011753646016760556,-1.596032072988501,0.12680041682128065,0.04687700293626264,0.09171343698505947,0.129934794083209
2024-03-21,1.6875946139222715,0.1476973406687747,-0.43550143449396755,-0.06066724550822713,-0.20494780131495796,-0.17161817632339832,1.105429523280307,0.46047356579185333,-0.03442739742280039,-0.23364472501744454,0.8049098379813078,0.4581064472618002,0.5381025752819169,1.3197238570601932,2.83684082197009,-0.7404387152700204,-0.28616662553992517,-0.6927589463023113,-0.18224903199956535,0.5010165409895321,0.436334088839234,0.9009493771972218
2024-03-22,0.7242196720199016,0.3876354131490616,0.3384396444277105,-0.1298344081826088,0.04101287428924126,1.0653492155262028,0.11798098079231166,-0.041665777723300275,0.9184781611235198,0.47444632345735976,-0.34721908874292784,-0.8812464145346391,-0.6892314034376992,0.9466598050370991,0.5655100799914321,0.3949869888433382,-0.22793433415823872,-1.0899705957494863,0.5773966676278202,-0.10679884786431017,-0.49933647264206893,0.18784651930104207
2024-03-25,-1.41968052349899,-0.49320766594293275,-0.11193094295410749,-0.14316258551410344,-0.041012874289239214,-0.4814598445478926,-1.1050175070041537,-1.0874402676581114,-0.5576294805764042,-0.3710870379147278,-0.8470776672292938,-0.40510760372455634,-0.8333189762400189,-0.050939692061342565,-0.32560121968653966,1.1820785596170522,0.10238354909684541,0.38213519167904536,-0.21654798708071024,-0.7202471173498405,-0.6780518585531885,-1.0705294983690914
2024-03-26,0.2719729459768919,-0.13992409570207895,0.19420902918626273,-0.02844759611337818,0.2049478013149484,0.1933823594728211,0.4647284786395864,0.48621795267096934,0.01723000227290986,-0.07114622979299645,0.4273611190352829,0.23019483561701595,-0.3604078681885825,-0.35732024933654183,0.833490564262932,-0.5613216605618027,0.3678121333831215,-0.39374167706145496,0.044937805453223505,0.3217694659436765,0.3174548390912474,0.39180703677665846
2024-03-27,0.5755003205785203,0.9405068283261594,0.7132530147660299,0.2748240311636207,0.08185137754921087,0.4843678123597494,0.3682081255933003,0.27818211031413226,0.7939859917422107,0.6314001015867897,0.2607840728109554,-0.06724994364820693,2.6512707470699515,-0.025577795255147296,0.4686597182733551,0.38790151597592964,0.8251192720385452,0.22348940092978678,0.10366202697645337,-0.00488336319645672,-0.03450662403840424,0.11209580591115426
2024-03-28,-0.8474732665554155,-0.17959623110679113,-0.33852604723390434,0.20533243302643173,0.4083368301842971,-0.25556216832621165,-0.4739916593450917,-0.11757836998645976,-0.25224314862960917,-0.37897389828607153,-0.07048299285424046,-0.191781970898127,0.5473929377739746,-0.43573512008965865,0.0012734661342433352,1.401242692659452,1.1212623148200165,0.11856728805519877,-0.16049050542097468,-0.31198724068656564,-0.21359948275962393,-0.45015242692093116
2024-04-02,-0.29311949990126324,-0.5170499043146817,-0.7457881665559039,0.43622215893960464,-0.08214091677044176,-0.09323281557233445,-0.9197126315012268,-1.541798659525866,-0.028196498036367024,-0.048106825350886964,-0.6551135867113234,-0.4659576526800842,-1.1455537165553322,-0.6225791065456304,-2.108543434266279,1.5168122258037606,1.5872307805433798,0.6706882315011531,0.12079958435199532,-0.3942975896805338,-0.5913981989593254,-0.5617944058112437
2024-04-03,1.2697551557672668,0.08274712742245896,0.6757694908643651,0.045596605818741635,0.12319124069294549,0.09073399315647969,0.3810742431375635,0.28714142710677254,0.03819412857855749,0.050910215688880545,0.3155410222735237,0.3016992225090747,0.08008602448154772,-0.8361667909953087,-0.11914012172120732,0.5407092922814353,0.8463599551808223,3.13435098521469,-0.02705214632288229,0.26262940508648475,0.21431531184963826,0.37960781031147006
2024-04-04,-0.444299863392052,-1.2010735444295622,-0.7508271655349432,-0.3367205516058272,-0.32881335338600737,0.3689143731727844,0.9694136714883252,0.9327468490622578,0.13871352693081843,-0.05091021568887662,0.769418178296229,0.8358965564065374,-0.6175054604731427,0.07869146114361847,0.992838071516434,1.2746180630359696,-0.5480690319138837,-0.3150890410534136,0.027052146322876804,0.6706220558951737,0.6177749712065429,0.8534048307289273
2024-04-05,-0.6701641958315764,0.8484426231542627,0.06412544418770137,0.027592363815898042,0.16452117680499978,-0.8542496155817539,-0.4909962234821116,-0.5680096103653881,-0.6289903642133319,-0.2819507702521598,-0.3362506484791945,-0.2881928993775772,0.32277306669616657,-0.7104407127509051,-1.4067715020001264,-0.03293250740503155,1.5061099174243766,0.8697885679108777,-0.1908300130446238,-0.2022933177687896,-0.277294350702727,0.10541606905573439
2024-04-08,0.41293447037490505,0.31864053683392984,0.7707123882891586,0.9151378533718798,-0.28809769710213534,0.03698294742922805,-0.12071132628556484,0.11683727058890522,0.25337222181697366,0.49677357214060497,-0.027511447602463126,0.15199243745680724,1.329192996742007,1.8056185805727258,1.1665143082348757,0.019699666928994695,0.8836355686099063,1.5356608199812398,0.26271871665374896,0.2059529007587962,0.14109388878195142,-0.005022033022611069
2024-04-09,0.9399494394397057,0.2164009148007674,-0.10804403517104887,0.77290057880372,0.041198794389715014,0.49816721969164385,0.6996489727711329,0.7203999940260195,0.6134268007765947,0.3084367451173493,0.5509474100290711,0.4060775243258513,1.4239559310075687,1.057664467436457,-0.3533230175565187,-1.184782528999965,0.6490128210590436,0.10081268823359041,0.10081268823359041,0.3882037687734923,0.35706284620311324,0.6301897185948289
2024-04-10,-0.37491668683582613,-1.0498269259008668,-1.2303063727706343,-1.4164955432303485,-0.3715262765086531,-1.3814679635245002,-0.3404650776001832,-0.6892845739683593,-1.4760113346658916,-0.9286839495876248,-0.20871318530135988,0.00831586342263615,-4.272654881916208,-0.7210914511242024,-1.5372832548097695,1.1082032283111596,-0.994373973776901,-0.5656738021565269,-0.04348167023644495,-0.07278519176060408,0.11180694258194399,0.30863671093645
2024-04-11,0.18762518613143314,1.5308926582942823,0.8394742370712247,1.3835636009624075,-0.6666654531713222,0.6377253986279595,-0.7164567582546921,-1.0283633917758999,0.5713174599266517,0.6874588996515286,-0.5635082976157694,-0.6602385557750677,1.1182289588427061,0.438439153065164,-0.6532101053572349,0.11905429774215925,2.703717111223849,0.5169116178064281,0.7790338237742985,-0.30993874122825404,-0.34361902106762154,-1.0663449877894051
2024-04-12,0.35723899468271825,-1.2409820335018449,-1.5878514931149494,-2.167946512584016,-0.04180668314091662,0.5614719098734894,1.0162811454103768,1.0339702781114661,0.375498775840319,0.09659845738373113,0.6976224849861536,0.3114121643689357,-1.043294037206949,-1.1908192445537515,0.652692833028419,0.1244085484592968,-1.1838329822200087,0.29880680618645605,0.14894162711598466,0.01521193629150822,0.3004742907721922,0.6599404093909739
2024-04-15,-0.2550429488159217,-1.201349625854561,-0.0944297105206128,-0.5841858743589736,0.37569496223084853,-0.5818170892115252,-1.3211404823348047,-1.562788381047561,-1.0499035528883625,-0.518458101553633,-1.0875383675333434,-0.9501730105222206,-1.6563976346096816,-0.23464459266117704,-0.8738816983005218,0.20646741295643534,1.9139979731779062,2.427242169782512,0.059387172742322934,-0.6759740827061899,-0.6819305267069387,-0.9346118399293283
2024-04-16,-1.9945523819569304,0.4177897485532773,-0.20324438859090918,-0.7245158456442193,-0.4175400628288915,0.20707532877103138,0.26010700958390803,0.1605027903472729,0.26611094181901035,0.27053798770532583,0.16669996808382692,0.13456406715395888,-0.8165078495793026,0.5726176498051496,-0.906093970401034,0.20765491880544584,0.7224681827393458,-1.0215171147184772,0.6003412600000132,0.3791559709749977,0.4804930118372886,0.08258128594157443
2024-04-17,-1.240738875715445,-0.27502085509675483,0.6593291260247792,0.24302872826993038,-0.1674928219881129,0.9513942567334933,0.26410009299160553,0.45822138867832135,0.8623027731790273,0.4505819816384926,0.28927185417344675,0.286357450020737,-0.4165786415345917,0.6209683261862899,0.2090124658673401,-2.702147884371033,-0.4210045504054902,1.3536806124796765,0.31854869072353076,0.28403949776437093,0.18739301902730426,-0.1450619742068047
2024-04-18,0.4736470603664164,-0.4363879386769596,-0.4626138926094572,0.17172287670998299,0.5016600550867165,-0.579043233603012,-0.0793312503603393,0.02796566037474446,-0.43037218145561584,-0.15124251657769677,0.013603965300418018,0.19571241489945465,-0.21767121348762403,-0.28413368047194626,1.3191941822225028,-0.3952795012167035,0.11057085925751473,1.9163155639177272,-0.23039281182095317,0.22251926189972,-0.04577335317579559,0.1913630881419117
2024-04-19,-1.7833970588147816,-0.703152837508354,0.4211799846423065,-0.22862243267335294,0.2082914777817297,0.30436940077306657,0.390030406882858,0.30580202491861763,0.27830811504241204,0.35798031680805176,-0.08290354439999437,0.024935024021606213,0.6556659181393467,0.10341412865634556,1.3613773869984132,0.26230845682859827,0.48615746554797146,1.3188160430252636,0.17349325585757175,-0.06257002252909577,0.035893415832739084,-0.06039534367709958
2024-04-22,1.5556231072357265,0.9360872034116421,1.126436253805903,1.096421624227662,-0.5424587108803255,0.030320113215271262,0.061288476814020464,-0.3743667644128446,0.26667776508132013,0.5706100526970107,-0.22639619623663065,-0.11112630137177185,0.9015754603696792,0.7722122768948742,0.7734461702061826,-0.06941421187419099,-2.481870673618931,0.05498266072425369,0.019400989096823792,0.15240770525541442,-0.4723186985119132,0.04026505565617569
2024-04-23,-0.3162389766919947,1.2914910007858913,1.5087175756305438,0.9305827707421968,-0.12560902752164665,0.2425037084792469,-0.5380266353043389,-0.3647778755911653,0.28265197637690526,0.5167653755804107,-0.052811061660095394,0.28650498539641583,1.0235835619405518,0.5115104603732127,0.6614605952247256,1.6235632214282063,-0.13435617769775438,-1.465848120417649,0.11181288711182391,0.06975631802180847,-0.09515503816305228,0.4839146640394614
2024-04-24,1.7270449491454227,-0.09205029946323957,-0.5131009353640122,0.30076178223958905,0.12560902752164546,-0.3498187474957502,0.19415711107124894,0.24627987584388586,-0.43414671182449344,-0.2664769071366327,0.44853917719587255,0.44978606566360896,0.14173304013549304,-0.6654948699568631,-1.1514294608880042,-0.4705973784160396,-0.23076227649803505,0.8906794401982147,-0.044579992543955844,0.4162937475029066,0.7877588518100853,0.5573034721124928
2024-04-25,-1.6215238452851697,-0.04836469737190328,0.1502923694783291,0.5536419424192999,-0.0837008688462263,-0.05063608081354477,-0.05355130448440401,0.11248707196414251,0.036698823521109314,0.12300455753839892,0.17172742773837224,0.16566374016203878,-0.24024202059263344,-0.1541867042798304,-0.7059320030631171,1.3317671269184101,0.9268304501937762,1.8953435065140194,0.3322547546197121,0.3032542239025827,0.3843193735529893,0.46206375276587913
2024-04-26,0.7704498828705988,1.1603920870530187,0.9734519606308994,1.3656188937420914,0.04186966217744668,0.4911093556624267,0.8730426188117394,0.9046813060891887,0.5986574223715376,0.5312197156304529,0.9226411324883766,0.9414291275264423,0.26738053703632053,0.41068413600244147,2.4221928606497767,0.15528121846540005,0.5411308329441462,0.8499255668882831,0.21746246922667192,0.47564676092425306,0.6081687440621716,0.6186885303716827
2024-04-30,2.122784145611705,-2.8113008729610303,-2.69689077981015,-2.6195633640385734,0.25081916255499803,-1.6837113085106787,-1.1986297763079266,-1.2272315958234479,-1.7654106042307434,-1.9458692393082158,-1.1644819638455925,-1.037503215201255,-2.920744735085809,0.5874000010237364,-0.5288174137478859,-2.6333233208299727,-3.2283473395562314,-3.932436677092773,-1.2144969277624917,-1.1900506615855873,-0.8081653229616794,-0.9124454761059484
2024-05-01,-0.462135209514563,0.5714656465764124,0.7747226049511234,0.9942597208688404,-0.3764807778743418,1.2919462590417905,0.5258419234092717,0.18928999221918236,1.3118269038513355,1.4224412251488505,0.4650630771800497,0.25016764942791486,0.934412688516807,0.07637484043580048,-0.06607975378123962,-2.278967516032095,1.7988552743330988,1.1436777226394792,0.8967215324975489,0.4880661768436639,0.3376568097233702,-0.40354547810397734
2024-05-02,0.2227778033891823,-0.35672769881613436,-0.30085694272565133,1.2629486767036715,0.08379195314187891,-0.8189975223433164,-0.560724583254733,-0.3152030722490803,-0.6706339633582511,-0.6735595107910997,-0.8223841724279481,-0.6776979284051563,0.10880117517627125,0.8109500959275527,1.2477990882005467,-1.2877255174238649,-1.5969117499359908,-2.635738715963432,-1.2877255174238649,-0.79678808284509,-0.9072269016376316,-0.4287786449017564
2024-05-07,0.35882604052293215,0.5462909055385955,1.0873426137810847,-0.1301717515333106,0.20915231800189266,0.6950054629338527,1.6263431095837142,1.7883428359337181,0.4828425729344209,0.4489330589539056,1.2985092726120049,1.1312995881894725,1.3778632480705033,0.7042247009243574,2.336471905888253,0.2242961263793642,-0.025096788353733357,0.12191516625741289,0.43599726158824753,0.5294636434555036,0.5907404644854,0.6599747782782174
2024-05-08,0.5951851454515269,0.34042761174469444,0.6989753670451085,0.3544070915128881,-0.29294427114378,0.0501557115501432,-0.25822719587759163,-0.06670419974794388,0.07752320458445473,0.09724052830100538,-0.30808266130900275,-0.15034371944136923,-0.5128153355597231,-1.1088846342424945,-0.8921088319254783,1.135463125343499,0.03622219191555093,-0.6174471539021448,0.33076172097791684,0.1678474088272196,-0.13947012450300036,-0.19106290811253845
2024-05-09,-1.7790408398606739,1.007219141088598,1.3109423626284127,0.7396890403131866,0.04188379446647108,0.7348264798316503,0.2246992437501968,0.294612883665006,0.5921921859290082,0.4587034744987198,0.2660676431095714,0.33479781447716356,2.462272488836281,-0.9420870788633443,0.8730693896003237,0.9699172318053777,1.9982161775816225,1.2409707828925907,0.4326741914653046,0.3851732734435921,0.36737880842005244,0.2439090763751199
2024-05-10,0.5336185988304921,0.10942420336212179,0.4314307236921219,0.19268763652426682,-0.1257460174070107,-0.3430765247488862,0.0004414576916635655,0.0444263283625304,-0.3385945915437897,-0.1752398257272469,0.07807413820240144,0.09734569289297251,-0.29637545740190285,0.17577425822111845,-0.20736234457193664,-1.6264962729183567,0.7886746533332418,0.8172287637223689,-0.01930373609872797,0.31985133604801363,0.23869661644790635,0.6057246960781532
2024-05-13,-0.13744373295286896,0.2891034503498948,0.33369475134133386,1.025819874019076,-0.5046239934489496,0.39449708894727636,0.22588013213157326,0.18158902261928483,0.3133007450079016,0.24967865101280348,0.3475438983838701,0.2762936986314712,0.6008802110090137,0.5152040792047511,0.4331813418716536,1.371911046972105,-0.8508403392421919,2.7102401242930476,0.275691656296556,0.16878126481011704,0.25452861608518973,0.010697926185318233
2024-05-14,0.12026020276633112,0.7237726643414534,1.10340418645176,0.8016505293928399,-0.16877546726454826,0.5571208077058423,0.3770386830964188,0.5728782207288662,0.5570670205995766,0.42190761286061235,0.41639729884825893,0.5293433174168042,1.0326454272055972,0.12838560756605827,0.9885071965640471,-0.9498302565412597,1.1086320730567243,0.8065291352029132,0.26598780098176145,0.4595602118201285,0.5728782207288662,0.41820538342824665
2024-05-15,0.1887051491265389,1.4001647987802472,1.2562766988091525,1.2323325796139448,0.12661621023360417,0.9202980240001204,0.9603017205141078,1.25562828702661,1.0562216391808918,0.7522524011466188,0.9630907592882053,0.7506473004196013,1.5442104847992295,-0.6952542884336025,3.547480334472348,1.0563663934947825,1.4451776178077154,1.6078677912874846,0.16947437298890602,0.3854008629116191,0.35962606766005695,0.3749924482825452
2024-05-16,0.188340829715619,-1.6320677889125415,-2.010954002026722,-1.2194688679161818,0.08431128858061657,-1.618624804667083,-0.7722124089902616,-0.5793990662138611,-1.5842329701168407,-1.6588103251862225,-0.7272464241152403,-0.6660255591414391,-1.4967500219936292,0.07749737338063638,-0.7924666925720735,-0.9396849082845222,-1.816209784137529,-1.7587851385183266,-1.4261155699942825,-0.7347841179941866,-0.6009520782371826,-0.2820792764201236
2024-05-17,0.35856321915033973,0.8521590415971969,0.9799743897761051,1.1433664157577124,0.04213427109816015,0.397540112864439,-0.16695670967970008,0.12723264882329505,0.4755572124327162,0.7214614873407803,0.30742798671786475,0.4821419149516231,0.6967294348719739,-0.31032947778467507,-0.26834974114035204,1.6483533777680768,2.3448360688951273,4.565207852281257,0.7085197859509536,0.5058581795355664,0.5689568624461664,0.42378019107649456
2024-05-20,0.865528653642178,0.3562054992477914,0.19824477210489316,-0.12499844939383395,-0.5914802696439092,0.09058211168562284,0.30823504594143364,0.1697911771613845,0.1943937142321468,0.2927933361095699,0.5147085306111638,0.6340701912803133,-0.34964988688305765,-0.5974665365655609,0.030300045732231915,-0.07123955781934377,0.6426409096051156,0.6889100674473978,0.24105458879768188,0.29036020329592704,0.5147085306111638,0.5274607432376405
2024-05-21,-0.37245016974845785,0.6396601218832315,0.38045932843939617,-0.2260462606599856,0.0,0.6525255282508092,0.431389677800796,0.5745595627312635,0.5625737055269437,0.31708989640689067,0.4688077896788363,0.4916152894572294,0.35914444060945916,-0.47011084437928513,-0.37293425975569516,-0.35092341560781753,0.24765077657611234,0.5541755247660943,0.3947137215915688,0.28128049539635885,0.4265816834291802,-0.033547210518240146
2024-05-22,-0.8003383340794278,-0.364477851901872,-0.8643991987384623,-0.3995174181263999,0.0,-0.20495464795703133,-0.4851447564843434,-0.6641610983133662,-0.22530640588577935,-0.29640563272298026,-0.13009480113411606,-0.1468545920709275,-0.981105166733574,-0.4197215906072845,0.8935169236859757,-1.7844354361414385,-1.9306096285725758,-6.050987126873429,-0.07612287211600868,-0.12669019140788088,-0.07097325859603826,-0.15156330108082103
2024-05-23,0.6306016067180819,-0.4436179097472243,-0.17199630829191978,-0.4536691283593684,-0.21208002051433553,-0.06562332546638432,-0.037321034344495914,0.12069707249012583,-0.15009234806581978,-0.06136577732826895,0.064279894289492,0.23867385300604624,-1.8871407365953927,-0.42150496347623234,-1.5892603855436636,-0.27306866727156065,-1.7251239923942854,-0.73057664835315,0.28949081152436346,0.014744269046741323,0.3689009614550832,-0.427153965791022
2024-05-24,-0.45978317742168195,0.830994120417925,0.9490491273159251,0.45084523080340927,-0.29768886984961795,0.3007938294990856,0.05319093482320605,0.06597630267840476,0.44297850878598516,0.5223785783190422,-0.024316831228291917,0.006926838485871361,0.24483231111084824,-0.39676444159671126,-0.7527179763563185,1.3731406577304344,0.26419039964023333,0.06893799427462532,0.17152198946640362,0.04832868636265444,-0.0582079146118532,-0.10128665372834825
2024-05-28,0.13531934483680919,-0.011705344962665575,-0.2682115478834718,-0.2211578931620861,0.1279011416443542,-0.6429927275878147,0.4806852887230441,0.3199981175600914,-0.6816241206722693,-0.4844891455245122,0.6621650630051186,0.7062881554188412,-0.7434180018056424,0.45075345161302355,1.613160067590513,2.938066904048301,0.9642496197661677,2.1847106579296582,-0.015934142026378256,0.10925127137888713,0.2639406979179936,0.45898645423857354
2024-05-29,-1.0535438157986967,-0.43722835379793334,-1.2256517401140476,-1.2354433859852243,-0.4269891228888304,-0.2228825954342217,-0.5295019241964184,-0.8645057704366483,-0.27193049775910416,-0.03450646751081165,-0.21239504200684994,-0.06716820175543291,-0.7107029205165127,-1.1173378596484207,-1.8090131477946803,-1.1479922282460646,-0.6692264833091739,-1.5910810329808487,0.26550980372769906,0.18006217724425785,0.16061806457791006,0.15125865618626505
2024-05-30,-0.5309592211687791,-0.44580126686070265,1.1633990551279707,-0.06419043888566534,0.12829469530421408,0.7189846859938109,-0.02170063316138478,0.22085351601609038,0.8324097085074698,0.623896155951116,-0.0942752669504754,-0.22836998786358742,1.6744324981856602,-0.6441187412153856,1.4280375985319995,-1.1477652934559421,0.4092749526173083,-2.4037761558674235,0.21977860413685135,-0.2569916788051305,-0.25551774760687035,-0.3008212408344286
2024-05-31,1.7365154520438173,0.4902452315324701,0.5040155829763717,-1.3927584432941205,-0.2139053127366771,0.04798040838243648,0.07156838432708192,0.20793095992862437,0.024234856435597724,-0.06577888554012253,-0.14110198585672198,-0.1936912590682536,1.4387064422987648,0.6708774440859284,0.9240091053696726,-1.3609219583428744,-1.0045968354696684,-1.0128418578960994,-0.41645322611041197,-0.1293318564529296,-0.16654349932496598,-0.1613190826687977
2024-06-03,0.9407009100210855,0.2259972233096051,0.27330206345280916,1.1918985235332882,0.29933307834260586,0.7973531183515445,0.5435834303975723,1.0072301395855225,0.8323757495948159,0.4540776959458843,0.49952511778982933,0.46854952818451157,-0.08400299026570432,-0.10704158614014536,1.44749163909505,-3.933780056154628,1.0323434628232284,1.124920669680168,0.14451827014408491,0.34294853381782836,0.26244108626058255,0.5290782780230369
2024-06-04,-0.402073201842357,-0.5931120596096682,-1.019930214043317,-2.1118176567702722,0.12803163569519788,-0.1587008708144535,0.0994326886635725,0.12563602878473726,-0.3138839862239591,-0.7568053005461274,0.03693171678314092,-0.11413685350953812,0.06280876094682238,0.05353873489448765,0.30548817013737467,-1.7404118077595268,-1.6066101345276456,-3.3886281332636035,-0.7048504927066218,-0.2065709322793786,-0.19539045770092445,-0.19137551870174419
2024-06-05,-1.4882796198598207,0.5696764738790557,0.3445829045816672,0.9843849010011806,0.2555406361871538,-0.2493934436543142,-0.6153044651505295,-0.9290923888405497,-0.2779402254611692,-0.2875840473192561,-0.7990242331275819,-0.7367559593404243,-0.7313972832465326,0.08023992956895151,-0.750842165061884,0.5072193613108874,0.5657650754383737,1.2673161763560827,-0.6118342464911137,-0.8447780006988321,-0.9044394293455635,-1.2713488308273782
2024-06-06,0.3402020188668244,0.5157506289688307,0.9145880229342016,1.0127073871596388,0.4667895108842933,0.4750054665101405,0.4408915635360663,0.9329252745591374,0.4527557193412823,0.34913626271243414,0.5432154193627793,0.7298410919795392,0.7088312682250043,0.2403414194159759,-0.08379659794500169,2.4053651478278546,1.254020387049604,1.3918872573759513,0.5176029473739594,0.449233800137635,0.6866165518568297,0.628539074622339
2024-06-07,-0.0679425759926948,-0.2705528855169589,-1.459264869935891,-1.2841767243376243,0.169203820244621,-1.2083406059899366,-0.8333247243018976,-0.7774428648893152,-1.0516646181180656,-0.40868984286698723,-0.541116255503474,-0.24702264580540437,-1.0966263815475572,-1.0187578208482602,-3.4627207020305057,-0.4770386360834097,-3.7824442945942685,-4.744533430190521,-0.14889301052845044,0.011203453879070213,-0.16054554012429864,0.09249689742239098
2024-06-10,1.0143844564042679,1.0354771362207198,0.42543367792631254,1.319852626378824,-0.5934861379868163,0.5115562870907382,-0.7871953538840429,-0.34776957440066736,0.5210480879089986,0.8179652599154035,0.08753799642610419,0.0391805846594925,1.0638947597400172,0.16154579916651843,-0.41835091070922936,4.013901880945505,1.6396055141227834,2.712228346241564,0.7269646660601897,-0.31599552454589996,0.22318726888820886,-0.5862932048050171
2024-06-11,-0.21891381690769093,0.37244530106389767,-1.08340416296666,-0.2019791359052539,-0.04250719314209339,0.6588255977122633,0.3327816347230184,0.4898843543015867,0.5619254747981847,0.2617260482632706,0.3205792337232706,0.01959754106604811,-0.22916273621998393,-0.3503645875312692,-2.222993644199493,0.1981433440638696,0.4171547989049582,-0.5854581095332891,0.13190097381551327,-0.011825719599791229,0.11715669895035397,0.5044595351561962
2024-06-12,-0.7614979971282374,0.8593054244324912,1.601243521773275,1.0397266027957761,0.16998419806661136,0.5975300906841461,0.9442681893574574,1.2839184310424994,0.6551737489287476,0.4429087448026628,0.5888436861327472,0.6255517614957069,0.9296345551247315,-0.10802436074094623,2.780849349475108,0.6618903041685736,0.3072021114585419,0.4007030953667591,0.041383720643167754,-0.17706545013393862,0.14951050235786054,0.05197614595756556
2024-06-13,-0.6475776519868598,0.00684997535343122,-1.7396290176561628,-0.43110641621578955,0.21208002051432195,0.4647498858695732,0.3796992894842157,0.21901502830781078,0.2773883861464614,-0.20725589097697938,0.3109411488906889,-0.048330571453864206,0.21115913169194242,-0.4605292124527928,-3.7551323831372754,-0.5107014715416527,-1.012676006019259,-1.1674724785448958,-0.19432170429950105,0.47245172704896654,0.24352456578878573,0.6366684547217873
2024-06-14,0.4094910173607813,0.26979865850938745,-1.4344880640047155,0.3274294892107864,0.507193966996073,0.44179405916149855,0.9335341118759218,0.5304636168718919,0.2920115607210062,-0.17962378796274944,0.046305515422810875,-0.49567398821452535,0.18517761939407731,0.7304263171308786,-1.0280589908101985,0.6568718530955254,1.4965960021825366,0.4982978916843835,0.20896704951927295,-0.46948540466539734,-0.10522280573864701,-0.24247888619369642
2024-06-17,-1.8213583735910082,1.0583807321350218,1.0614227995218106,0.9029924925192978,-0.0421592570309362,-0.20050825681533746,-0.5220389927646262,-0.8704647736431396,-0.20567741848990564,0.3305547255984146,-0.5525753962500333,-0.29747918595085215,-0.12797224719993333,-0.4322003606402205,-0.9424598351618885,2.488417224194638,-0.2548461141778327,-0.5684274911793061,0.2656714558672447,-0.0723291869747306,-0.3083305535972623,-0.08159455883561655
2024-06-18,0.5705835380485126,0.351446045219313,0.5955122956624064,1.0111517175906983,-0.4226577935279747,0.5321586956780506,0.6195031267549992,0.929271940072468,0.5598152765943574,0.40846792636634754,0.5280926270164354,0.6411393500590017,0.4913399215084078,-0.05416211907604587,1.2294138320337233,1.2225927262531324,0.4976226288464691,0.8956736959591689,0.0976962184412307,0.45269928652053454,0.3427524525370188,0.2340515384429609
2024-06-20,-0.1885434304095085,-0.10853729462911757,0.41143508540710694,0.0001333517902255593,0.2961774453212169,-0.09064418713007742,0.16238204985309035,0.13302102552947823,-0.16906436421929674,0.09882850141700547,0.20707995813635532,0.17097704617682796,-0.12265910744509789,0.05374728980203632,1.9147445739908193,1.0997139104324296,1.404171408898115,1.598208781273186,0.055086999668116594,0.1585802183916519,0.18182595048323527,0.29065347153283244
2024-06-21,-0.20607698461939358,0.47992799469886194,-0.19974025853332963,0.2631755954507414,-0.42338421162305695,0.6353101947838171,0.3088103948518638,0.11432901912402892,0.6418651347522202,0.7304606088318382,0.1892727814497562,0.07365653753136686,0.8645114584398342,-0.026859128901491433,-0.43907078323036164,-0.3475685651441416,-0.94734961101231,-1.6914737653173515,0.6141016466990514,0.2282934242919601,0.1387559573723089,0.40134806984899335
2024-06-24,0.6169701643896477,0.257857615598491,1.4741898486353757,0.5834496077405718,0.0,0.6682036372431215,0.15535222356687384,0.25667818595371644,0.6851545731201641,0.48001233909313296,0.4326958489913264,0.6850399255391921,1.3545593029354783,0.3487448796983496,1.2426276005776902,1.9096394677849342,0.9784251897816627,0.6927148867966382,0.5834496077405718,0.40997304494743103,0.40325111795925583,0.18215617415832297
2024-06-25,1.727682475265312,0.27482494572365435,-0.3018461785233225,-0.3441497797245027,-0.212350259137003,-0.024840167351289175,0.27343336727810724,0.46403938940221096,-0.14650188332628014,0.019749013848355593,0.3157330644899149,0.20093052585520543,-1.3461862508836842,0.8533403429204037,-1.028058897800463,-1.1183524566611944,-0.6069814664509863,-1.281266703372915,-0.10952242522370785,0.30681235967672044,0.24423459419463325,0.19500138134971917
2024-06-26,0.4523791115567049,0.12472635714515351,-0.8924626689279812,-0.2116466703282472,-0.1702118649250972,-0.6049317175271746,-0.04020568640368986,-0.57389862757564,-0.5468315868384865,-0.21985985292609153,-0.18023719902705784,-0.0299854471948734,-0.31155790646484616,-0.07969293134468494,-0.7088468407491149,-0.1902969485489011,-0.9271011435783051,0.11043876214573292,0.0,-0.21321356794045984,0.013328032779105504,-0.14410134983087042
2024-06-27,-0.20080090436131662,0.7413485117634351,0.4791677735584663,0.6544074345456485,-0.598028128673723,0.807128237565136,0.1355276551111737,0.28299276775680005,0.7787872183100336,0.7002530787287359,0.17948571384662373,0.13017716334178267,1.5512709658185826,-1.0418074805973767,0.8619226755478269,2.0585983962713823,1.711129448917713,-0.3773762101072119,0.5838150239253078,0.3065346562800527,0.08686368336779683,0.5779518291891323
2024-06-28,0.7010634704712517,-0.3532042866895,-0.0936282034288996,0.22910042254801333,0.29945042557578494,-0.4914438758004524,0.17464667672688844,-0.18418470207307408,-0.6009883340363802,-0.20491570038909912,0.19096467275507245,0.2222243119412316,0.8357919160772063,0.053696832785014824,0.7499604293391556,-0.3726915558211217,0.05037572220950365,1.1125796603219547,0.04107850654146907,0.30849778243266157,0.23305559619586874,0.13484021472488483
2024-07-01,0.3652596611331606,0.34241014623636723,0.7341001271940636,0.37134592082793,0.0,-0.610316012085656,-0.5555209034750354,-0.6222424091849477,-0.4589009057245727,0.11726351006914484,-0.03383906114764752,0.2297035703947597,-0.8108268501657551,-0.9437949688737856,0.5002439076284512,2.5573490373237777,0.39693961956284035,1.051404041074902,0.13681925597541034,0.38573303800822645,0.14311414061832006,0.47332084849650274
2024-07-02,1.1861698850787668,1.0459863973806998,0.10696085058657695,0.6793449420199186,-0.2994504255757808,0.7522329095018765,0.14164001419904057,0.5407520887205651,1.014088611101046,0.6486513359284135,0.46015549728135796,0.5511808066721497,0.8442275524940281,0.13537966375011937,0.24151287200060934,-0.15345844376024992,0.37064235522383965,0.5935521273790876,0.37528585742197146,0.3865652314588183,0.3674233445998022,0.09402109526397805
2024-07-03,0.6529633541954637,0.44033143613117265,1.2411663446326098,1.4556039233893796,-0.08574214464100696,0.6593762960666852,0.5832139179374399,0.9446233839778738,0.7321178025044806,0.3453654984345362,0.6140789129231574,0.4575196432907041,-0.1009730122785657,0.0,1.786993146506215,0.1921131909889838,1.1160427695015962,2.0807054274092027,-0.004950594204581382,0.10721223559429671,0.3280093053471639,0.20821050163956825
2024-07-05,-0.3877264203324441,0.48455347815030936,0.7317560397548031,0.3229689530056082,-0.04286724357076209,0.4633478143136976,0.07383648482539999,0.5894892106752435,0.4287302608079073,0.2070780170622383,0.12070866940730751,-0.09224574517331247,0.18536651977960214,-0.3513917357695057,0.6316787021809986,-0.04123103032735404,1.2492273696753853,2.3006748364571736,-0.16285922194964336,0.020069583956829576,-0.09761813797235971,0.05347236603792562
2024-07-08,-0.6821534134580711,-0.3318913860062182,-0.9455892605323089,-0.42429598422625664,-0.12867989036379573,-0.4153744528767195,-0.1068670781541337,-0.07256816155993326,-0.45648333201378,-0.47303820251941264,0.1362613889168604,0.13479314056905686,-0.12442114262552395,0.1623398723629909,-1.004477939213581,-1.5478221741956064,-1.6951742335850186,-1.3196656273342615,-0.44721202485938705,-0.30201151502888557,-0.04811418520181278,-0.13095709061040323
2024-07-09,-0.916837310399232,0.23343861108113476,-0.6604603830343471,0.5478646048822233,0.042933159741432886,-0.001880484202324572,0.0730347501050177,-0.20645932311592397,-0.04888884381666536,0.01990086501501589,-0.0664109008420295,-0.06960822339623321,0.1123656121033561,0.16207675710467165,0.5094753009170989,-0.6753077972421664,0.3056660075768796,-0.5319600758498412,0.13623488876781015,0.17810019816791522,0.21026964554861083,0.08762859662374775
2024-07-10,2.37395649997247,1.278913288006263,1.530815495178249,0.8631261235976814,-0.2147428214736238,0.389883183316998,0.09224966765383982,0.303282929743077,0.5348676140188314,0.5267370972422798,0.3256193336866141,0.22247404707509288,1.031704918584375,-0.13502865574170347,1.909664861789233,1.1803673856948387,0.6596031018913726,0.4352780148375417,0.29423776344983377,0.13021831852278717,0.08243255283502186,0.268859278843141
2024-07-11,0.7832999250253124,-0.6950641076306604,0.6525876011061057,0.7591699334943166,0.12923396803005283,0.8061906600166922,0.980443891026246,1.3072031697711186,0.7055935406903544,0.5316075712072564,0.9730097091493544,0.9943624845090302,2.9985703665056347,0.4583889482722048,2.128035043638326,0.7408734504583927,1.9287314116718128,-1.2842846539554749,0.17093129565335075,0.36107440783645817,0.6719619848636479,0.3231511428949204
2024-07-12,-1.2430632687705807,-1.5013322626321195,-0.9432426327087373,-1.7248850305882923,0.5152294375678548,-1.9192402885380326,-2.022475470663138,-1.9035293034268386,-1.763025704929409,-1.8733105862587554,-1.7284497287282694,-1.4255677778215547,-1.3726278766348672,0.8838922234061186,-1.726062045483854,-2.986243445636309,-2.192832049324512,-0.851219837073883,-2.1301026855608267,-1.7656405388716399,-1.5863975722771846,-1.9117484351532832
2024-07-16,0.2958035065007671,0.48255735513628095,0.2687456827321757,0.4573518034831899,0.12840431316917963,0.3340585707020543,0.11915546630679782,0.42051705546636653,0.46990024958989535,0.2752096636029458,0.03406164400908046,-0.05899870402445495,1.1104034629640123,0.07997629764832065,-0.43379163171625373,-1.440554547385124,1.864285043655266,-1.0769744436946636,-0.10870273834961272,0.005224051143056572,-0.09113976758949943,-0.21202648147086808
2024-07-17,0.39305957902842825,-1.2799620691248625,-0.40552227141814007,-1.506929537913076,0.04275060231486884,0.21616474182647305,0.3510563933322058,0.12191430450633664,0.17782836226622334,0.01708059453246629,0.19485099889811863,0.11981442881233363,0.814126712822343,0.23950988117084224,0.03321100619634561,2.086049525353312,-0.33332890864147036,-1.0277793632927585,0.13207304843832593,0.163498755065545,0.19485099889811863,-0.33622630542878373
2024-07-18,-1.6480283802077955,-2.468105753937338,-2.51585014749646,-2.642141362617272,0.042753658267172936,-1.9808244593094702,-1.3615096530348,-1.371550248858848,-2.1277781879921585,-1.901475949797526,-1.3588175872895403,-1.4205278983416763,-2.580871072326156,0.23895912262416014,-1.5294698951031778,-2.5937543330621677,-2.3368256597489587,-5.03277454865767,-1.6966623442942974,-1.3542908405824303,-1.468770174314155,-1.7202819613251894
2024-07-19,-0.2995447402094842,0.2696521266877695,0.33190616309233506,-0.04192458088070967,-0.12828382267991345,0.6192592405866807,0.3898904159652261,-0.004601357738653084,0.5675581628653075,0.8590388629783547,0.3031630699260149,0.49083090520973566,0.7559206408007757,-0.5851255031676835,-0.14272088913009853,-1.4707508861375354,-0.8741125912026488,0.4447337989780335,0.9359536318619808,0.5977519088121656,0.5068998263920252,0.5681807475868603
2024-07-22,-1.1229497659598988,1.1986538667441926,1.567069644617215,1.0116982211395567,0.0,0.07773385539479957,-0.12183523920430042,-0.23458679693363926,0.11757325118970012,0.544113823162649,-0.00809936158892027,0.1629462301478679,1.203744947053801,-0.884114565197055,0.49160090520132904,-0.3154310879486517,0.20450369635356086,-0.43496858650350556,0.1729354484367096,-0.009922619608223767,0.03439318293256447,0.033206690450556756
2024-07-23,0.16840535528942893,-0.4948479446769562,-1.2014236857415785,-1.2234396430737793,-0.0856247510713045,-0.26382642151240226,-0.25065918653402747,-0.17219909259767646,-0.41176655758137537,-0.325079917355008,-0.1226607578836545,-0.36487017123283516,-0.4159291631397248,0.1075813204480052,-1.4545060617076304,-1.6345727141422117,0.013176616147255888,-1.3721697053539923,-0.3378740934989083,-0.26714034601079956,-0.3434499751958694,-1.1804975737787113
2024-07-24,-0.5568225184207137,-3.0106974674122133,-1.6487309800806953,-2.180312064217391,-0.25729360493273423,-0.9406923272679805,-1.0032443116146386,-0.9837455781605257,-1.3299677151160934,-1.0382273677405989,-0.8490983963946902,-1.0289370302972762,-2.2018674517111907,-0.4040390694631959,-1.3804566308748674,-0.47069495531980404,-1.0694089755939373,-2.466310548014742,-0.7183582659477905,-1.091727419288965,-0.9593035609665675,-1.1402101439946617
2024-07-25,-3.951861652144939,-1.7346968260076343,-1.5541688232180666,-1.616938120608903,0.2144590649761928,-0.9899813037843366,-0.6521037684490387,-1.1533924216178333,-0.8134290137405649,-1.1995040452979278,-1.1589263812403772,-1.3285292311578423,-1.5411997057466122,-0.568406965965242,-1.195808078997432,-0.3696299609380474,-2.789155426470108,-0.43167573926122005,-1.2123153651045402,-1.306818938085233,-1.2267005581312467,-1.77904567420663
2024-07-26,-0.2820371191562577,0.9875988063097564,1.2782668332889349,0.8941595560288302,0.04283453995653952,0.34861916101140317,-0.25901626536712485,-0.3210909881640413,0.4278247263811479,0.19366312674721864,-0.37450240345532054,-0.2854240737611447,1.6081253600979142,0.24399033649758645,-0.2825533486665259,-1.8843421295233562,0.9217995063224581,-0.08726934964844514,-0.12614293266186735,-0.019789695891107736,-0.4675876468582036,-0.6475273345348695
2024-07-29,2.130714602357879,0.3459184096171524,-0.4643323897063899,-0.04388035394436,0.5552070140210583,0.45544675545920843,0.4155264659893215,0.7030962790700875,0.49871613118487323,0.19773980508410458,0.5048225780579404,0.36502620875379177,0.7994161907397178,0.48623112283165193,0.7964609805665608,-0.9289724934890448,0.14656252763699146,-0.14126097730705117,0.28716695039829965,0.3161205285481421,0.3864487011403103,0.4862911943694196
2024-07-30,-0.12102758573864934,-0.7066611293986772,0.17036289167095722,-0.6497705142637893,0.08514025873485478,0.011203581818005948,-0.12085621744814715,-0.09598891915662014,-0.11607845715699422,-0.1476070923496712,-0.19849978391322065,-0.13762591059580115,0.5758095298192563,-0.08087451677274017,0.20336388847326564,-1.1743511511562807,0.7948644382731919,-0.19872918008128163,-0.19872918008128163,-0.5268219696277497,-0.26606438768722407,-0.23689893899075204
2024-07-31,1.783311232114921,0.8535092423492608,0.1214082278230164,1.4064212637152838,-0.7260347085100489,-0.02761308175769663,-0.5493354152563128,-0.4269882026698725,-0.18221003557305468,-0.4017475359539027,-0.6993992532988638,-0.8072921412569453,-1.1122092188482084,0.6987321334708643,-0.9762734212009235,3.551900905100903,1.0359847431391107,1.5560290177260796,-0.7588832744888729,-0.7830616191997425,-0.9355474273200446,-0.91014738018267
2024-08-01,-3.6342483269362895,-3.361350412305501,-4.031162599216743,-3.6967951475879017,0.2568423512381834,-1.5090306280405412,-1.206319075564805,-1.0847825944648941,-1.604072147350892,-2.1542332189760103,-1.5796085252112635,-1.764085055926024,-0.933663214828304,-0.6987321334708607,-0.7732378382899603,-3.8179543692334907,-2.28004095600675,-4.601971984885941,-1.9351525850184004,-1.8577189581842162,-1.806806433149794,-1.8486034275183683
2024-08-02,-6.592600495021202,-2.2426764438873836,-1.1269233895822477,-1.7952941778216744,0.8514395887194395,1.1738552721468474,0.31869034091409987,-1.1426682873865497,0.6088747393674836,-0.6973816182813852,-1.6204939831461203,-1.9340342447142247,-0.41804557492137506,-1.439650138734669,0.43420667189429835,-4.238697612810468,-0.5539218655066748,0.8823583296694159,-0.36327742657681816,-0.6977939279800356,-1.3343233178947846,-1.1563302063621304
2024-08-05,-12.240583934971015,-5.409744628775268,-4.688438905715583,-5.3316605428118615,1.9312091830315192,-2.3518056899466875,-1.3442242079210054,-2.0640646407452676,-2.7076220674850253,-3.073773364522531,-2.1356211693349385,-2.412008758054845,-5.35543930510742,-3.508171666854438,-3.861632072153813,-2.6860233937093962,-3.7314345823103556,-5.557886761520237,-2.4541180060479064,-0.6832985999540315,-1.9922281484789917,-2.422265798323433
2024-08-06,6.984355830428386,1.059125379477917,0.40236703471811414,0.7088132450179094,-1.465985517623453,-0.7523046504779951,0.2816509164765255,-0.16585918230243313,-0.5133540048150536,0.5162725246285246,0.2725233803598726,0.32920578366445097,2.0959947738365403,2.7391356249683514,-0.13692940897663028,-0.9158050753152076,-0.6618944320624627,0.5396444576999772,0.14139469662255813,-1.2337329520497309,0.14600280069306124,0.4251799967163166
2024-08-07,4.0822014747686035,-1.3990008063836556,-0.5751563671217377,-0.11522056662041134,-0.46522366540807647,-1.0901743983639456,-2.312183383743856,-1.759144585368758,-1.1856274189392444,-0.5350466191702224,-1.643872248549135,-1.027195517769008,-1.416485139487444,1.5864680884853894,0.17295023632810747,2.3166155625125584,-0.7963323833688888,-2.5330907604514374,-0.7283464786610142,0.15378391291655166,-1.5426603377525454,-0.7609032439082115
2024-08-08,-2.663736978446083,3.2426131943857754,2.3404789852970747,3.205556289504593,0.6759660484709442,0.6563922315889014,0.662206453270874,0.8928177027567794,1.0030062358853054,1.3683947639127125,1.0307595751589154,1.0293034414033526,1.9324725783779029,-1.228693545323416,0.007582586159265436,1.8502199892933477,2.5138037387624395,2.0038902425074774,0.957180858184626,0.9835579296201009,0.916894784689892,0.9880449734120172
2024-08-09,2.587510392599485,1.4917796136825443,1.6838457214030762,1.6001146326775146,0.12622208771027374,1.4560668124251246,1.6735192981611222,1.7428488357974299,1.5635073319416544,1.038970099454126,1.67127823959717,1.6385576630526164,1.5139194070889568,0.5533912595054402,3.088659563366586,2.1865070825941837,1.2970049719868937,1.3317303733585995,1.051779773195781,0.9317959061700067,1.5743900596183045,2.203464592234697
2024-08-13,2.131156337131173,1.5903864037434716,1.2886350446440562,1.066757430402292,-0.21046575360932507,0.4018085274878851,0.23515507335509306,0.3812315275766281,0.6571110905531509,0.41954052375583994,0.26038399587368655,0.22937100938913504,0.8290833502570905,1.4526776260449226,0.5448228931037712,-1.3078737770784423,-0.1941751306813458,-0.511591249174668,-0.04082171373264006,0.151311394832588,0.11728583503859186,0.19133956273957314
2024-08-14,1.3161829563810497,0.30748464634707334,0.540060518341784,-0.5479695028913547,0.33656015761700514,0.12591508043067098,1.2851407601856784,1.3896766462294399,0.43413229988592944,0.17092918320304212,0.8624313661754781,0.8939559653558347,0.2552994452130033,1.0287048749081356,1.9381159103625594,-1.3691131029191934,-0.8264044030229092,-0.5200078553612231,-0.007485269672788923,0.55720419521025,0.7447409950171376,0.7914588639304067
2024-08-15,0.6241911835951542,1.891203802258581,1.2048481131962436,1.2930591048081015,0.04198917708952578,-0.43593976229760995,-1.2170109154512359,-0.7879542851494198,-0.11450938875474008,0.28085881705836446,-0.24515517168537415,-0.0019568848534872135,0.11513018500644197,0.48360577494691537,-0.7879623347536071,1.256654181392307,0.5050924437993639,2.7669486387659528,0.19169953963822828,0.32678547790366647,-0.11905696192021757,-0.37693509847873924
2024-08-16,3.1702944829377007,1.5522603908396402,1.8673847598531443,2.4867886349618282,-0.1680835810972135,1.5242150362984748,1.436772537459854,1.5358293116498207,1.6255144553018697,1.6458713030353238,1.5669452297685929,1.711343391034645,1.2735572577923893,0.3478276085314659,1.1287274019945046,-0.08981010412911632,3.542370607718357,1.8661366717199783,1.32828943418956,0.9721802250819417,1.5837698874174164,1.5124831006530204
2024-08-19,-1.7167846268207068,0.09954314779943839,0.26060159028261365,0.11084288216530287,-0.2526142152465933,-0.7182000141766207,-0.15523856832159058,-0.15025561590593253,-0.6184788759751773,-0.6872535499917549,-0.11534125317956262,-0.13172413154490448,-0.023317840900957707,-0.16038053968444582,0.8516449396495894,-3.4268213008612514,-1.015960711041683,0.17714618083702557,-0.8520241437787685,-0.37265245436417743,-0.17421860251692,0.06383049583467784
2024-08-20,1.2725319212641706,-1.0159258299819018,-1.126586107784473,-1.6319383029628973,-0.1265415478045312,-0.4527465957570688,-0.15197389752531676,-0.5166128045948644,-0.593336107642416,-0.9418958843588507,-0.3401953070800771,-0.47415470841569507,-0.972712575692642,0.5069953749115346,-0.12484190314421528,-1.5953859619518345,-0.48687151184756466,-1.844061202428364,-0.853198592097793,-0.3051600915947641,-0.5166128045948644,0.07189095689518686
2024-08-21,-0.3746977214943068,-0.5828235780552524,-0.07934013999957464,-0.5357636665671626,0.0,-0.7211915820571465,-0.5910340760807148,-0.27512032798705144,-0.7023917404781159,-0.6980291715496039,-0.5024130020960743,-0.5809964306645824,-0.39460341460733517,-0.3733306450312621,-0.7624112162564716,-2.605919270395581,-1.0593423567765425,0.1028793743666119,-0.9258915645058914,-0.5469322793194668,-0.5863104420095997,-0.7498043502773282
2024-08-22,0.1607631829432408,-0.9456284416030001,-0.7451898481725011,-1.4022240481035677,0.04219129227798464,-0.618891111583702,-0.34609875212251123,-0.33397899745406007,-0.5692644277313159,-0.2841876439259167,0.10469842888860945,0.3371219438789063,0.13389604505054103,0.02671580980417113,0.768042021512187,1.1831564449245227,-1.362409855594914,-1.7626068206352583,-0.15768092994711713,0.09085122102330341,0.2893726472005136,-0.11326364783695678
2024-08-23,0.516238457761539,1.801135344205904,2.4399904546747884,2.400177547372479,-0.16891426056491896,1.2054122043596638,0.576804227470512,1.2328193971224655,1.3163984442486625,1.2745536156016837,0.9376400409050984,1.0390203173087411,2.9200441768688266,0.0,1.8771080578664847,3.386347477801024,1.8929214570489734,2.7274877439848706,0.7442020227230961,0.39703457697707367,0.7529658225932027,0.12244430028747347
2024-08-27,0.7847374349858494,0.494910229096861,0.7820079675912596,0.49562029098860927,0.25283761721848846,0.3167541048346745,-1.133512636312256,-0.9247856967733041,0.27733023575655014,0.4207685850416747,-0.6055480080171235,-0.4102911573472642,0.5053697627070332,1.5231459267145837,-0.10336011155236693,-1.3790025833511026,0.6279988488202959,1.1437731806924505,0.35769732585787395,0.13770952437611114,0.19902339390664203,0.13700788224106686
2024-08-28,0.39007143581109066,-0.9572658451999992,-0.799366346629289,-0.9972495460055315,-0.1263389000546806,-0.42626043286532894,0.1952579582231127,0.14254377289695197,-0.5807238540883107,-0.42551170436208907,0.15207985500170926,-0.1251073682903738,-0.7657923442938387,0.10418396701181462,0.36793194620870356,-1.7042777479674913,-1.0802224020967146,-2.409020377935412,-0.37505570489590573,-0.24267361679369787,0.11848544035815092,-0.1482651786126058
2024-08-29,0.10612039569771832,0.32654202354176565,0.6289415975053319,0.36381940485093317,-0.04214846163727952,0.14322852560400057,-0.45879778323309683,-0.3294900598736527,0.14735353875563914,0.41851985668138064,-0.18618034172007408,0.08260208261182198,0.01029003602793854,-0.4435736951607733,-2.252458282877102,2.0122137260600144,0.8340627839130951,0.08902395260016399,0.31760071227741726,-0.16667523006954152,-0.16099072603670844,0.24528886866680408
2024-08-30,0.9325275225275022,1.2660126160768894,0.5417456080595296,0.523640051275172,0.08428967526877619,-0.0337485314912803,0.05574611803146953,0.127950590592893,0.037541003197950264,0.3285116172589929,0.07865467327294098,0.029782942741578083,1.2770965720072613,-0.7876117808857774,1.5608853851460773,-2.9005672793455086,-0.39924130711124556,0.6585729317565405,0.315910671171981,-0.07720653729788772,0.10385748703775931,0.500977940298878
2024-09-03,1.0646761727716285,-0.8229025455052824,-0.6364192953805233,-0.746384093990414,-0.2114554074280437,1.9135108030159256,0.9359726747764077,0.7726710605062534,1.5583695505015542,0.9012325933591487,0.6094344029373459,0.23591542763660023,1.2039156770274748,0.05270652569111308,-0.8203859932124693,-3.2137676145914638,0.8231860760346436,-1.9883001687293216,0.23268514857738956,0.43326994899851834,0.315344268099646,0.5195433020238993
2024-09-04,-4.255976447555226,-1.1423210926335623,-1.1963842024222209,-0.9609554570616512,0.33812488706472754,-0.35405518778793255,-0.7753447558593933,-0.7174057587335386,-0.3185135900780668,-0.5695374136326513,-0.9894714163752425,-1.2229306554315396,-0.6538725403541188,-0.9794965223936439,-0.03215965395434357,-3.041278034148732,-0.8766654074799642,-1.0159884920405464,-0.9374395862537445,-1.1153617120918409,-1.148746207546899,-2.0279289970499237
2024-09-05,-0.5085288649437479,-1.6492663942543513,-1.6364819025059425,-1.264672095451613,0.21074238306286996,-1.1713002091899347,-1.1398003077379075,-0.9200750390204074,-0.9151488559424276,-1.0644359128939824,-1.0835502087028528,-1.1907255434826527,-1.7313938889125036,-0.07984881584669981,0.5493893692293879,-1.004308259214266,-0.5759622493494521,-0.0011187335285770905,-1.4057407399414619,-1.1210135495399622,-1.1589127386886573,-1.3776026345484946
2024-09-06,-0.7126580761457817,-1.6492013106485899,-1.274478553143305,-1.8015734688722327,0.2943056688074804,0.1905757490199335,0.8214550657280458,0.45944147059067103,0.0036664532213117854,-0.07814336213572862,0.47655793941636815,0.4303550426739685,-0.046609950008106665,0.3189921114004367,1.0332272684755264,-1.3349754896832149,-0.6948853317121066,-1.5137889177310337,0.048131253428474394,0.3376284116755838,0.2925786826805661,0.41786173054164083
2024-09-09,-0.8656425673907314,0.47883556601216565,0.02167434530155407,0.19969480566632086,-0.33640812107503554,-0.4922951344406905,-0.9785340514592024,-0.8667032066087262,-0.412270484715204,-0.3947392376195626,-0.8735935284442621,-1.1009607658242806,0.4756435606977108,-0.10621056975356757,-1.2450319179291292,-0.14250915265417308,-0.21483976702602312,1.0435439717879957,-0.634545377458565,-0.8490626345853408,-0.9737928495121199,-1.6757087437492477
2024-09-10,-0.055514445650316296,0.9184400903447468,0.0029921009161727255,0.10328841771702116,-0.16863993079531756,0.9092768014679694,0.11945970048049614,0.2881770835370878,0.7587871524545582,0.2945649623269836,-0.043468126246905624,-0.016865673614541343,1.9211782758788776,0.7147453586482486,1.8983838712373815,-2.907850647336006,0.9232372458951396,-0.29321319805958224,0.48379445911035224,0.005061246394829666,0.01496303419855757,0.27634682063355787
2024-09-11,-1.8493103098948507,0.35984859918738504,-0.12187151368905065,0.07509341358555251,0.2949151387426552,-0.7315951038659608,-0.0631026784306581,-0.006763349636091351,-0.6165285024529731,-0.5094061777419869,-0.5814327333952863,-0.714870767293272,-0.8560642574425341,-0.8210759747356923,-1.2620974970946002,0.659585370273959,-0.8199919807099177,0.8103784848650539,-0.660809758066485,-0.7931058818464867,-0.5981337524788144,-0.7171355333814294
2024-09-12,2.623656465792926,1.0887880062785122,0.9448124015369319,1.074396149207651,0.08410196473431161,0.08799518437117251,-0.6896274027971048,-0.29097153524297686,0.17912014116395691,0.38859537686317597,-0.17181343027688706,0.1779666455276031,0.6708510942507765,0.4511139503521597,-0.32819430523148274,3.2123015413188445,1.9914573895175733,1.3963414634227047,0.24998104490564274,0.17848759931317362,-0.05484086441407575,0.5806288147041179
2024-09-13,-0.9225166264112732,-0.2471562489323492,-0.14967313521681624,-0.3000186993396702,0.293811569431514,-0.5757348983007485,-0.07082385934351508,0.12761546544840657,-0.4584427818710091,-0.4914110277066186,0.114067118929726,0.36376790472672005,0.2713702000703634,0.34359159899454594,1.1192811282992914,-0.8396463387329013,0.22138171004936866,-0.4645852886599172,-0.7680753726966889,-0.16764280649211402,-0.06133365630474499,0.008408879316585753
2024-09-17,-0.594915652540226,0.04085391054879098,-0.3707438873694118,0.11628578967224895,0.04189075502409226,-0.18170441330192882,0.6454612915264516,0.36193684384840696,0.008774854459618965,0.02502996626395005,0.4658293390959689,0.5742739363489772,-0.6996207848289868,0.02637042538898328,-0.1113548048062411,1.1781398210254277,-0.5546263478781611,0.5612722751128203,0.0,0.365721191530948,0.5742739363489772,0.5602258254304665
2024-09-18,0.20490852207419213,0.5693078643633432,0.623187048926883,0.5170486153552115,0.0,0.4308551008317856,-0.06589324298120425,0.08861653257225763,0.45220826942926273,0.9539188472114102,0.4047561134397892,0.4512812447346382,0.7441515670963441,-0.23769071870893083,-0.42384174774578204,-0.6226661259051153,0.09229660083162568,0.30505879889634985,0.8663310740091773,0.8104371064233914,0.5383754526692872,1.026793653508007
2024-09-19,2.1173477887462857,2.1802384247497324,2.206128202991429,2.5886744029472695,-0.2516605531517474,0.4069649174834575,0.4171479598478706,0.3428469632205624,0.5764138215789236,0.78808445222583,1.0640526296050248,1.3334282660019454,0.5085896473933949,-0.3177810579468387,0.5872692417393722,3.403117692381429,2.030320104988964,2.457424828356081,0.48819646304020275,0.3929885759079944,0.7469841534251483,0.5110311529063221
2024-09-20,1.0330892001975895,-0.0693493318739417,-1.4019485854186968,-0.10213241887903676,-0.3787086192542829,0.07314561184418994,0.4925446524301522,0.49361038295764537,0.19184805651845793,0.22830768131855533,0.5831996001113386,0.49144924117724664,-0.29437397005873017,0.1855097522722327,0.18978559861622232,0.3370514362217462,1.3667053396348197,-0.15422382126704726,0.10364957138167093,0.5220181969715969,0.70823617148214,0.7719586661125525
2024-09-24,0.23413222580777127,0.031226077031891897,0.6976953259082176,3.095523774893066,0.5046232947797316,-0.14269440393691912,0.2660199006719737,0.08764756376757425,-0.08689819884867717,-0.2420092477958769,0.1406764552114789,0.026797854202908783,-0.112823874743356,-0.34478333426469876,-0.4934253291719688,1.174704668964462,1.1327592424233088,3.673244579435156,-0.2544812747417805,-0.7005923178851046,0.015972524426985497,0.09958504207540905
2024-09-25,-0.07198796328761294,-0.6918311982417273,-1.0526466825306395,-1.5308873840689357,-0.08392549843592734,-0.8780751049144103,0.021932126449968906,-0.5143429889955549,-1.0632261400258691,-0.5834418705041413,-0.13281680650173855,0.04338843382961955,-1.1406196852796895,0.529921287478915,-0.005131224177440536,-2.9716860546498833,-0.6093134627753688,-1.3227133419965298,-0.47104113713777196,0.24907702447096108,0.10842155377166528,0.5688928055013527
2024-09-26,2.418762386257122,1.5916038409775135,3.2099608578311476,4.793063225093387,-0.29430566880748454,1.1245220640483236,0.23635998700194025,0.36140602936307303,1.1959295413393705,1.3582563311343843,0.511209144821953,0.594294950800119,0.2858557668282602,0.07926527610682264,1.3318826889705855,-2.320698925320382,1.7033284995446614,4.422016086846922,1.1959295413393705,0.656018075999362,0.36140602936307303,-0.02735480838102316
2024-09-27,2.1898677870587067,0.12614038571188568,0.2154617712409249,0.0783525428033648,0.21030967631206512,0.6684241671168861,1.1939804857003387,1.0064846417553814,0.6693946631867237,0.5204568159802173,1.1361671884693527,1.1067838624559365,0.398605940247199,0.6317580552431477,1.739062378976938,2.0806102646339952,-0.5254849285594553,-0.9088962513350292,0.2712637802051225,0.672111472713517,0.9824450160175172,1.3066388023443931
2024-09-30,-3.980540392456771,-1.1932660911010256,-2.4056284805419894,-3.215357467716997,-0.16821444215641854,-1.8679446000307978,-1.928914701878699,-1.8472286237590623,-1.8407162163406507,-1.6678915229423223,-1.761795558607605,-1.9613828918878435,-0.8099985057395774,-2.148361333234373,-2.8092677261600634,-2.0924954536808995,-2.396328316908352,-2.6109019415864942,-1.5931742264061386,-1.6455358644783993,-1.799163989054325,-1.2144785625022827
2024-10-01,1.790672605398088,-0.2527248228263721,-0.47017858162132886,1.3641458867183491,0.04207752152416395,1.0103437070079575,1.4467119620856808,1.0451992023699996,1.1265718947815684,0.5970764125779522,0.8962564742556659,0.5138327946389379,-0.0016275896876446732,-0.10727165099737926,1.9156437702291473,3.7312432495526826,1.6907996405426724,1.5251085796537562,0.6471398262111534,0.34552850203363916,0.5896269129509438,0.6055670380644642
2024-10-02,-1.3622502016338367,0.060278879879280454,-0.2953311519937386,1.9690450445936865,0.08410196473431161,-0.267502913455715,-1.2927899428632463,-1.2754938531136792,-0.20318649324385427,0.03060396291515359,-0.8802712149137693,-0.7153129010776152,-0.33383459772928437,-0.34951803811285054,-1.3152596473447187,0.9154447788403975,0.03843706480327848,1.888585282902755,0.01808041713676382,-0.6318633468319297,-0.7477914733940032,-0.5084298521268679
2024-10-03,1.239170814241407,1.7776702511728364,0.812749428998442,0.7646034018030515,-0.04205263270382277,1.448701559959325,2.585108833618866,2.0413680354752173,1.3117622603199532,1.7225469888326548,1.8391515345286789,1.9080029478989826,1.0441033716302772,0.2958138704589108,1.5513795428186201,5.961481729536752,1.8914527417406461,-0.4708383256275328,1.9606772851856569,1.8034882445525753,1.8971700361245292,2.0500849531399727
2024-10-04,0.36877570141212546,1.0804804620448885,0.7227716728501062,1.0955444843471198,0.16808358109720667,-0.7938221056472614,-1.7630096170525542,-1.7468406200848485,-0.36964312809921185,0.06287989939773488,-1.0867156501098436,-0.8109935871015421,-0.3066080819489914,0.0,-1.191878010060469,0.9912114087573723,-0.023949517735993204,0.7018917819528295,0.17585298616380454,0.07593621704126723,-0.8543044420323874,-0.34938497564210585
2024-10-07,2.3045306473282405,0.4312548890452571,0.7491743734654568,2.166286654715738,-0.5472393441483483,0.9759589673670811,1.3053636155010155,0.7708662505901309,0.8269828759457722,0.9113353617129786,1.2222333782408077,1.2728844989519572,0.4522700871125486,-0.8359173656070062,0.19076311732637685,5.004228610397858,1.0000523458454589,1.0942637420606958,1.3394037495219528,0.762328692569525,1.3053636155010155,0.6135842265472823
2024-10-08,-1.9371099058625143,0.48737862014044725,-0.5550480252921746,-2.9553975033911004,-0.1690067018353976,-0.3707444372127593,-0.8507659154584816,-0.6668549400200585,-0.2558509133023441,-0.21453321511727408,-0.8474435074330482,-0.9050824769619499,-0.252580490352414,-0.24400590924456025,-1.2593876283029883,-4.854921394375219,-1.193855605374131,-2.2940424980907586,-0.45393235593967846,-0.4339364551666641,-0.7642508926132893,-1.1359500809496763
2024-10-09,0.052383732409347405,0.6990356532969725,0.3694389463415455,-0.5339492105134505,-0.1269268929513176,-0.36617244889012374,-0.07905207009370543,0.15755611974221398,-0.18930637059268604,-0.05417594644919711,0.06792154024389631,0.20374345075981748,0.11459120724714542,0.2981462693202638,0.627190754570475,-0.7062715554296934,-0.5373319781270892,-1.2852782637472413,0.008775072044637629,0.0202899321246218,0.08457651656739296,-0.21012235907333973
2024-10-10,0.2614812201741599,0.49820115291903433,0.3849335304507579,0.8690801212670433,-0.25435930328102646,0.6629447521288037,0.5688993704310832,0.18034842558162156,0.5651474413834098,0.6229946008289683,0.580785111224921,0.7213790729364701,-0.218949910191989,-0.13542403597113079,-0.5196550917859535,3.9673387429696763,1.4049646283811688,1.4302584770027116,0.6733581516722074,0.36463810589620943,0.47261799583162045,0.3469536439121676
2024-10-11,-0.26148122017415293,0.29084064091790907,0.31291956652633673,0.40818122323447076,0.0850734838153966,-0.274889300517484,-0.5414554660684787,-0.13431973361607918,-0.32424900143376834,-0.04195284438360262,-0.2787989876810997,-0.33202599459653526,0.8185049982784999,-0.1627222333491286,1.0082477423598528,-0.666870359199462,0.7792424610788794,0.8362742267959223,-0.30618622580720584,-0.38001002615803325,-0.35360970069125724,0.025949079341613036
2024-10-15,0.7477629669663615,-0.5552383603398997,-1.259734241097026,-1.92069276681044,0.1699195873137348,0.735498440401416,0.3247980524010516,1.063581896004816,0.7108289533481592,0.19962236779812498,0.5538143270311809,0.38555660103623496,1.423605344784502,-0.4625211132901979,0.8799098253678375,-4.039803149765779,0.5709811173213133,-1.1952654339435038,0.22474527367793504,0.09375194552037204,0.3585998756283464,0.10938151984698048
2024-10-16,-1.2903446124181868,0.051443121021515874,-0.2516476865357785,0.38929630482303623,-0.2124419897357013,-0.22641687523385046,0.3927324315799025,0.46262433452417373,-0.06843106335863244,-0.20645353481706905,-0.22414456372071329,-0.32779525057891945,0.7102153440679981,-0.1637582907195372,0.4373964188619798,-0.8782412559314741,0.11667926960406425,0.12983410871988008,-0.3822350016782611,-0.6069544413975041,-0.38169593587913986,-0.9947868122487318
2024-10-17,-0.2108149688386905,0.3280144214548627,0.4353620152920125,0.16558531933464668,0.04252240242197449,-0.20096352868893846,-0.865917534742726,-0.44793211300147234,-0.4263596480616464,0.1687557894427146,-0.1554338311752879,-0.2580687769512052,-0.47295565051492916,0.13648872630833928,-1.5915274939140454,0.6228226844373315,0.9164595666002643,-0.44967598923881635,0.3194143504241001,0.08376906563763457,-0.2796353552273608,0.05619475319520769
2024-10-18,0.10545856048662286,0.7336083313531414,1.100078310869316,1.3345058551525064,0.2123517693278039,0.4644060197165814,0.6918219110453667,0.7252567367597715,0.23241952649514283,0.5881035264613735,0.7388553018418073,0.6000701682218458,1.0908281554518764,0.054538992660864816,-0.09115961632728323,-1.372559671593563,1.4059335487436442,1.7370995755524945,0.3497127507842794,0.07631132157513737,0.5569599789856489,0.8709880994666396
2024-10-21,-0.03513751158942879,-0.49800897260050037,-1.3886679662058914,-1.0329735000938474,0.08483148615759797,-1.10795511571244,-0.6192437447641603,-0.6520086056691051,-1.3592513302030822,-0.735443046824483,-0.47182788321655805,-0.15745488377695824,-2.3118863696183567,-0.16370629422931401,-1.8929006635032406,0.8916402735772239,-0.3535694043657614,-0.9519637814186543,-0.33366729631336733,0.02461079846398776,-0.0496671153323577,-0.11841891275964239
2024-10-22,-0.6877735971736586,0.616405984172432,0.2764856270068191,0.45000310707085683,-0.6378910708502338,0.574940538364867,-0.17737032682831044,-0.17208104661912338,0.6604301629423633,0.5310415517282121,-0.03108736640954852,0.19380855861724752,0.8158810330078213,-0.19134832316472614,-1.0277673006104007,3.021945713587839,1.7424936161583717,1.2515689856701055,0.6695380637945917,0.1689956556364568,0.11834943420988368,-0.2554519743395044
2024-10-23,-1.121103005192476,-0.5646524566421427,-0.2905413461942196,-0.24189026553188292,0.1278935502576002,0.12170886897143204,0.43903922201878004,0.00690286104944458,0.015151506615301534,0.050424010730861425,0.48734017092872384,0.23092421634025648,1.0817699823746318,0.4912611741192481,0.5679478125734119,-0.22965002466336315,-0.8590909437444706,-0.9243398974861702,0.3532842994170481,0.19629013296689496,0.3711027789233927,0.8213841497189369
2024-10-24,-0.10743145821262028,1.2894095092892552,1.5419974244602377,0.9184874881652684,0.12774078129186908,1.294436285058116,1.009824700794145,0.44293936184551885,1.3750025624038698,1.3636190910974533,0.8013478566521861,0.7128054469751038,1.290883596256533,-0.8750303524576197,0.932848807758198,0.4049127629787964,1.8397445353141182,1.6959617212543183,1.0733628218841762,0.9186817585212621,0.5402982403547144,0.3469140529603998
2024-10-25,-0.7733231421497639,-0.6820629626791427,-1.1161403620119614,-0.7361314644425563,0.339849991698028,-0.8685792226098493,-0.41824907287165825,0.07161525144833454,-0.885085237570913,-0.7483843803530575,-0.33251634777679434,-0.23357518323719886,-1.5935122167658646,0.137223259318719,-0.637573919518562,0.9412380807823615,-0.4420191377747377,-0.501570251047564,-0.6475057594359046,-0.24135776833268327,-0.19586042300931245,-0.6473544391060828
2024-10-28,1.6295513837449631,1.0758880497711385,1.7023522910988464,1.2094965584478006,-0.3398499916980222,0.535108947654601,0.702963628220328,0.4601242930362525,0.6848435430666625,1.0192010473541255,0.7374222512582265,0.799942958525408,1.0800764522537456,0.5197772369456218,1.2528777736582457,-4.487689431353022,0.7711672246743103,0.8401098623170449,0.7672218948976828,0.5069582910394216,0.6545745050120148,0.28558899034779883
2024-10-29,0.9193792649064,0.3100022620903235,-0.6987970477566428,-0.1610773980802447,-0.08513532166790343,0.19054984659405533,-0.34128052610428694,-0.24216900555283236,0.26725640563088626,0.1734634836090478,-0.0035379650193030207,0.25934407188770725,-0.5727284512179988,0.054553871218398844,-1.207624475491951,-0.9509937355030853,1.231899526322961,0.1847229476376736,0.14830582262771905,0.33857304213685085,0.27010152449726954,-0.1694665311164624
2024-10-30,2.862551524122366,-0.24096821369953703,-0.7331765704003378,-0.9166509027295421,-0.042605459623963754,-0.08594039221729005,0.6214499203754493,0.3931563623527758,-0.06609132361278397,-0.11425767509171687,0.10261971599275846,0.23946272850981945,0.5015012477955562,0.054516830082226395,-0.0888685982096397,2.473118449012781,0.6110794382220329,-0.3028246762616491,0.06200051742889628,0.09893553070006536,0.36868761322298466,-0.2741370168593907
2024-10-31,-2.8625515241223574,-2.0254625873668055,-0.7280700897928162,-0.6959821449908123,0.12774078129186908,-0.09855804495838183,0.5014309150009156,-1.3489488610494564,-0.24734794292176174,-0.3233330276245641,-0.5814872079632992,-0.6158309339707224,-1.751702362296468,-0.49179805897522233,-0.5845806903457389,2.336040915953554,-1.6073322368136675,-0.04568505808661926,-0.04568505808661926,0.3160512552629653,-0.4648557013592333,0.15503703327718724
2024-11-01,-1.5072495085555455,-0.38098296727071407,-0.5048749777182578,-0.7121907362662468,0.29742525314318147,-1.3960789123281452,-1.9906075362745534,-1.3751898261033177,-1.3515087107312527,-0.7957475042224882,-1.2347906879513708,-1.2009452770074485,-1.9129030969335148,0.0,-1.6765406661326663,-2.2632372190599637,-1.2132240940851406,-0.8386999481734742,-0.8021427234909126,-0.5799003695411857,-1.2764613852115578,-0.7435813600270356
2024-11-05,0.5878702436491345,1.1947046553618021,0.6874861038381437,1.3469979154531802,-0.21235176932779642,0.0458635492057093,-0.4277886442436361,-0.3198846416307239,0.4695275113602039,0.2709739042216337,-0.006294309467125561,0.0560036707654225,1.3119943976929769,-0.41168495891664697,-0.2606583295285505,0.5833052311108263,0.2179665375861118,0.6734176853298854,-0.007224506450861573,-0.011472808695756266,0.0020267385607759224,-0.11863258303325365
2024-11-06,2.3175195264962505,1.9023279026120055,-2.712758997805991,-1.7963452689627897,-0.2128142651072478,-1.5886444684461491,-0.3595052683976594,-0.07296520248574319,-1.602000204531951,-0.377197100258195,0.4912686277228133,0.21194248337957663,-2.705129679029934,0.575891411204441,-2.259689584487999,-0.8083952851726309,-3.639617301625986,-5.418556127982889,-0.5538196322174356,0.0018154638167191715,0.12564716835861878,0.30178093274775564
2024-11-07,0.8640117295466697,2.6574159597820968,3.4699995314652323,4.073430906409982,-0.2987050257941555,2.688271031917564,0.057441437209087065,0.9255141845471788,3.063343995994926,2.31485559208502,0.4782085119307062,0.9055774405437882,3.0798410193513464,-1.7934123471737808,1.2928326637012655,2.048055840407979,3.4820587592492576,6.143155066194158,1.887194220063138,0.01871486562434719,0.6525395315204641,0.7687478169217016
2024-11-08,-0.275671332059792,-0.30924061551248955,-2.294194566988667,-3.2407718079986907,0.25609201396951875,-0.5289445086310357,0.4644985838718604,0.5935591851142943,-0.3949556692894449,-0.5784208511451068,0.31553420322547987,0.03051722040044534,0.7400295707962565,1.5288819978834558,1.5879217695788699,-2.812064420331872,-1.4207205979923219,-3.3985918314367654,-0.741476339172595,-0.15529840565964112,0.025142109458716425,0.9204307293580963
2024-11-11,0.0517424489660923,-0.08507975264640932,-0.1502370521457716,-0.9447166090369845,0.0,-0.4567199018839194,-0.7027466087587853,-0.4617263880049358,-0.3716648757448818,-0.29318387607221397,-0.41848307273735585,-0.4576861079203736,-0.6822097536216077,-0.30578057001659564,-1.069116073640015,-3.2207491643733377,-2.5554734830156174,-1.7791787217632797,-0.18033336789642504,-0.9259450313579507,-0.6832521351008173,-1.5718959773063077
2024-11-12,0.18950820754198078,0.06486434815539377,-1.6756061693161821,-1.5379480433464088,-0.2560920139695071,-0.2540356458110335,0.5324309594159937,-0.41167527513307334,-0.5310593433424293,-0.02629132782272127,-0.11695352702429285,-0.21518820315282405,-1.017316079793165,0.2502642858823108,-1.165608056316642,0.022958951257712152,-0.4908902515501322,-1.9752762729002888,0.3759918553478983,-0.1294912380135352,0.03188900675154445,0.26485969776578583
2024-11-13,-1.33416176874326,0.8112339299074529,0.1929444625323848,0.11644444753488063,-0.08550995256435603,0.6983501834707201,-0.591238105487475,-0.48315199901958455,0.38456622653825345,0.7878686429423338,-0.33504829263486235,-0.25849883787065886,1.3138588515554863,-0.8085947844099346,-1.0502526904052847,0.8192288033502813,-0.250580075367305,-0.8621358711483605,0.7626584244024294,0.35203210543012914,-0.28538484263366903,0.03169436562079506
2024-11-14,-0.20953549582204348,-0.1458644891697479,0.792181980159198,-0.05800704898721935,-0.5145581428073881,0.48851304758380854,0.6004396273842731,0.6038694635290421,0.471499516941515,0.28489834983563744,0.4494675670719292,0.3906595945805533,-0.40337309560796997,-0.7023610406682268,1.560069005179042,1.287843888451946,0.23796678904461407,0.8496219676622766,0.49922194218242344,-0.0012174170749806221,0.25096158329487317,-0.0653872551410686
2024-11-15,0.3141299472960091,-0.6228887523899189,0.3732889465285554,0.6662489845053109,-0.043008518735916,0.7091215562520315,0.6257302618446413,2.3481987372440267,0.7124589682234751,0.6536765786045589,0.22385467021213476,0.3160937508148496,0.7195847959784722,0.5062002546191353,0.824194684762856,-1.517616742530569,0.48888484296519014,0.15972477291267775,0.6662489845053109,0.3459486860058697,0.36441898652028787,0.07727194166093553
2024-11-18,-0.5591382785042516,-0.7507567289066993,-0.7589706288003846,-0.025258256289190262,-0.0430056076111645,-0.9348984681172038,-1.5497805775722464,-1.5846324763475819,-0.9750691227887486,-0.9705556205183272,-1.650518285568877,-1.4950284804749625,-0.43732807599951756,0.8101613570879953,-3.0278850668291866,2.112394444937145,0.7245123274857399,0.3522973909118716,-1.1596499551067534,-1.1267373024906513,-1.5594539435915435,-1.0221897409122398
2024-11-19,0.6810477287573683,0.3344897800326788,-0.3384591205157213,-0.09947176263767514,0.08601412634708473,0.18325123733908974,0.5790631247753489,0.6799501446398767,0.18141143886007965,0.12068708439263434,0.5031897185804972,0.39982331801225734,0.45529645658494444,0.27785708613164883,0.7839831586234955,0.30206219408031615,0.8615516713616753,0.5833424295223757,-0.030391178109142686,0.547253887535862,0.45350982007792157,0.6262968813040435
2024-11-20,-0.45351309715850113,0.09918761492482468,-0.13545708690534045,-0.04994042926392651,0.21473354241415993,-0.0842165940460822,-0.16487675987190673,0.21318473679464048,-0.17416111881972174,0.04015041302800304,0.08039553372002059,0.06982607724663309,-0.061165237686293006,0.05548475840951263,-0.47398941952974993,-0.33655864993319573,0.626924534717448,-0.35623231094327834,0.06530003148785717,0.1829756005341693,0.18806314673408853,0.6105485472509281
2024-11-21,-0.5961808462301684,0.9076186142930727,0.1865713985316968,0.16445366104191586,-0.21473354241416526,0.3188209525398735,0.2487817104758843,0.05039490353826627,0.25224449877157656,0.40996226222465276,0.17461699958361296,0.15789301197480146,1.107768127003808,-0.667776426931595,-0.23022771934415623,1.997396972723332,1.2027320946468913,-0.16684964616902684,0.3722402060246723,-0.21228502742326744,0.05039490353826627,-0.08204801773652473
2024-11-22,0.3861597147401178,-0.3864615392174159,-0.32493234654591663,-0.6728254461118198,0.257620705112308,-0.6317956988738216,-0.996433670094306,-0.8712800380241819,-0.6036331918414952,-0.7210785785301093,-1.0324981721211075,-1.2474709033793219,0.0550085242651954,0.5567834489190591,1.4429032557157462,0.7283077184332641,0.585049211048023,-1.5879277343668428,-0.6959321221891784,-1.4255954459637588,-1.2474709033793219,-0.7265346565031389
2024-11-25,0.69832935220098,0.29192396406332877,0.507220173181968,0.0226043542362583,0.0,1.0265608479429902,0.8175147602781985,0.5790553680048397,1.1909947797947784,0.3299920504507256,0.27733285801799207,0.25523962970796565,1.3360277714481756,-0.027754653157626964,0.8572585623949016,-2.9850775525720583,-3.0368504157751506,0.9996180650886326,-0.046702097044572025,0.056353227746614734,0.029882506782107604,0.21195153594915336
2024-11-26,-1.0317458848134837,0.6712003720137558,-0.43439429386569184,-0.2660870566469876,0.17137560942590235,-0.06121858339670877,-0.2825517737077024,-0.5690095059689265,-0.10505579944928153,-0.037775109158700554,-0.31175889673254925,-0.5700707942468245,0.549286823215109,0.0,-1.1619533621323648,-0.5315286351195297,0.34404323951722443,-0.8180368331935771,0.1503999234217621,-0.19395861997549899,-0.3447136713209751,-0.8184492298911031
2024-11-27,-0.7941468653246471,-1.1942002470544308,-0.0760367912256246,-0.7517231040620738,-0.17137560942591137,-0.4890358536218219,-0.4372720635451998,-0.10863411541034212,-0.5259743630602077,-0.5898506572118314,-0.40036527639656044,-0.49229836104188035,-0.24974685333622346,-0.19459421337102195,0.8016650710874959,-0.7372490178666884,-0.6687170206875951,-0.5022394911643027,-0.8907418393878174,-0.4438594912633734,-0.5567238241584719,-0.7332855930022074
2024-11-29,-0.37007545692529026,-0.5872669002158276,-0.17089362984972067,-1.0445865094339293,0.0,-0.7854222758661081,0.13147422955443294,0.2742107711638862,-0.5895432700382046,-1.0064408264879894,0.33003304610433426,0.27280552976296196,-1.653769756090854,-0.44592294309510466,0.14622958858090895,-1.3600224318437255,-0.3477728660691617,-1.167768913951931,-0.10710560438017004,-0.1245605833584648,0.026583769147338555,0.03355088950832669
2024-12-02,1.3503055013542802,-0.6685505597959981,-0.8324770765512758,-0.4554454765283482,-0.1285618976436476,-0.8560997603280416,-0.5466418223485213,-0.679991906553783,-0.6907422046656708,-0.8840543273526414,-0.5255805397228299,-0.7929036075819228,-2.3151614292083282,-0.6445367211898082,-2.046971123575558,-1.646806120806123,-1.7269383540039338,-0.5766868955273101,-0.8476435237345394,-1.0091283921425305,-0.8036009991965543,-0.9273670748507317
2024-12-03,1.2979297383738793,-0.2141420999125764,0.08730017082067354,-0.053493729897150975,-0.21464137015117676,-0.5454515380770741,-0.6682318003841713,-0.7947478243488787,-0.6145835214976697,-0.2605155691360324,-0.7276635810006878,-0.6610857300805474,-0.7683692722316624,-0.028105830085114466,-0.8090301871423006,2.5158981558549542,-0.05944024469045914,1.0070255557170056,-0.2605155691360324,-0.6754737052795924,-0.5969200367708224,-0.6784816991906215
2024-12-04,-0.44804248510331834,0.7119542723343061,0.42451265034073193,0.345366310632294,0.2575101476466879,0.47266224363797804,-0.004181185870179313,0.26431604016035554,0.5738096627109668,0.3312148653772802,0.3292616057473502,0.37519249588104253,-0.17759491638287675,-0.056265131943353044,1.120731552600102,-1.5079890297332124,0.39584223053602413,0.016566707098812024,0.09293348192825132,0.18328303862845563,0.21483750938509358,0.2517470844878502
2024-12-05,0.12081868524617813,0.4481975543274788,1.6010942803363564,1.2753755211446662,-0.1286828651322986,0.6023763678934917,0.576236273062979,0.5318435942824383,0.5857259456621017,0.5251498880541452,0.7147293298832416,0.9892338303370591,0.3729791941754489,-0.16895577859907543,0.05462669494186692,0.04087428432671061,-0.12962399730307264,0.6510875008841859,0.6128968236142791,0.6357153182749432,0.8291534262455226,-0.2259300106057427
2024-12-06,-0.5015166918567571,-0.04999290832369357,-0.15004448272430282,-0.39888140281961343,0.12868286513230573,0.07599021470049007,0.17593346945133945,0.16452317515699116,-0.013281207219702258,-0.0765248515767694,0.3449128376251944,0.3154375195979441,-0.38570204833686306,-0.3953762551198125,1.0087345227636173,-1.9753708517676813,-0.20233289676113814,-0.39223321075114215,-0.23938291194088934,0.4478764508060476,0.21416929339533491,0.05059820490233922
2024-12-09,0.22513986072673853,-0.634185399647455,-0.281780467123042,1.913753554544598,0.0428504080491336,-0.46486650134720253,-0.5024444607700849,-0.14472732040530686,-0.3711656898651129,-0.24313886319913516,-0.22764806302719306,-0.2599785204974406,0.16408730362278823,-0.5675423484080684,-2.595603857506976,1.1974354984792803,0.869179231798945,1.5506953385364084,-0.11790816849291567,-0.2761724106705746,-0.24398481803943128,-0.9615329340676224
2024-12-10,0.3108746841918129,0.6028905228166748,0.12092536062330572,-0.7077138706268905,-0.042850408049142745,0.7350655791817937,0.6722324756186232,0.5722086461997521,0.7602046725750284,0.9644140945505305,1.0351045794195954,0.9911292667657788,-0.5460431674628728,-0.28497610668742174,0.6204760231221413,1.2369480379595654,2.2221361227476932,0.951896438163077,0.9142945246482943,0.7853032197255336,0.9698108444730513,1.5728364306952225
2024-12-11,0.4816807487917344,1.0332821522333338,0.7130219788052677,0.6711450507279272,-0.08575594019364968,-0.032707345085280094,0.1600723894814913,0.39745441139971216,-0.009278531429856542,0.288242057200059,0.5460666835555567,0.5823014100302513,0.030075229715037104,0.37030705737625946,0.8772126596258448,2.9303747386142978,1.212046338735887,0.225579189161629,0.2631811026764042,0.04504052195606109,0.497117695802288,-0.6991084617993105
2024-12-12,0.8714303900279546,-0.22851548592706736,-0.5079968733901227,-0.21075502880502686,0.2570475129712405,-0.09362657216914894,0.19244950451749163,0.07588279839676612,-0.27737831200016605,0.012233184800750405,-0.16750194789220754,0.25542963913152544,0.12885907242249744,0.0,0.6155504487846026,0.12431950976800753,-1.1891286727426709,-0.3532897991163977,0.2881011020394904,0.03002210932351332,0.1756251811947,0.3939199019171035
2024-12-13,-1.0775822126872796,0.20453939042866884,0.2243928726204531,0.3152850554134241,0.17101992729308088,-0.24414009858807043,-0.20602346172924288,-0.8939066402739165,-0.3351300529571505,-0.06483197285737234,-0.6900200280105807,-0.7084200915066498,-0.06289206552198681,0.0,-1.0626829302441252,1.5810817218210256,-0.9921347497169944,-0.9176036717563816,0.2243928726204531,-0.066306876119454,-0.4688421772903113,-0.021609923687678695
2024-12-16,-0.2755289261324166,0.9920251281870972,0.3394950256982531,0.01936062085336123,-0.3851802775661922,0.5979715119715873,-0.28903297732659716,-0.1322138753497761,0.694620189394728,0.754689998946812,0.15250069132573538,0.11559356982560917,0.21369021292671742,-0.4559698225379603,-1.9272474280730332,-0.1236753531457782,0.8071686238959063,0.6424736634750677,0.5659388326153405,0.9069395503886487,0.16891114365708434,0.5594243404097845
2024-12-17,-0.41471765501762337,-0.0011973741886298595,-0.04283428080346787,0.1721832575618018,-0.04288716269814067,0.4116528286418835,0.8666868056042877,0.5125988914924204,0.42085048770754374,0.19770932035095365,0.9237169511612618,0.755376686548942,-0.07068265292780812,-0.20013534524567517,0.7265670367931023,-0.13255789746225513,0.027051713296513583,-0.5493386371677524,0.4116528286418835,0.4812607768687874,0.9155180755930112,0.5614066555658479
2024-12-18,-0.15597134480515631,-3.3597936267954007,-2.684650494116542,-2.689406262311434,0.04288716269813551,-1.1100731241915038,-0.1755704938259008,-0.3776559658319397,-1.5816802276903137,-1.3662698923599557,-0.21657828544611588,-0.10080354691698991,-4.5475893082534125,0.0,-0.04957030849923875,-0.8264757301082906,-2.27128252661722,-1.343458818348948,-0.3341325626639804,-0.5457721269418047,-0.1755704938259008,-0.9275050299540923
2024-12-19,-0.39968936969814,0.6836484930337059,0.4185681732517594,1.0474650201780957,-0.12873807726124248,0.2602138428526019,-0.8252209383845762,-0.6593950311761204,0.1715166492748786,0.6119719660073184,-0.8135707571682291,-0.7397080617079247,-0.8442782445929633,-0.6892635114631644,-2.4327587224028986,0.2609127806743862,0.8563772791946953,0.28426536429059,0.7143684860665621,-0.6792455643973841,-0.41892110412589756,-1.3987227812503167
2024-12-20,-0.12195540441666866,3.0965524554571933,1.6642386310718311,2.305602074841201,0.4284343114102777,2.2704182770315584,1.7029264370284396,1.8637193053471377,2.2960214659478946,2.5281570834288716,1.5265613684769779,1.6876268394103116,3.5732686174726727,0.6606281259018579,3.2018174046832653,2.575175472037304,2.9406068076209038,2.293692344805455,1.9026070636540622,2.0509774819289865,1.3454894370765773,2.3129940787739596
2024-12-23,0.6602881690656907,-0.11020769161586505,-0.2342045139975566,-0.1410805250067557,-0.08553588387593132,-1.1509267634779452,-0.11119432743159156,-0.43864321612889334,-0.9974582457310838,-0.9748734831367373,-0.10273141626270552,-0.12494812459353329,-0.31693611134455146,0.5424793133962279,-0.17766578685523912,-0.761978561142654,-1.179234436044135,-0.8244100771290289,-0.7072427680230513,-0.05387114557983716,-0.13561717027092623,-0.36817809047930145
2024-12-24,0.06925850350370254,1.5083065471932708,0.9519816493447739,0.708276991331448,0.17101992729308088,0.45715067690131683,-0.11246012187868545,0.15822560778397415,0.7118109084569357,0.7214085574745958,-0.08158341251990639,0.1610158409562961,1.0650036271895689,0.7658638332590078,0.37017000997808763,1.2072461067364937,0.6019318048301044,0.6760982497902304,0.40292853914303417,0.08080050752415961,0.10766088925022943,0.21433953555903923
2024-12-27,1.2533992925620911,-0.6675894438253013,0.0624420945215412,-0.057548053609936485,-0.08553588387593132,0.13030661739684932,-0.09716667640969708,-0.2180351779053641,-0.03041528795482805,0.04746613871493488,0.2160251426468379,0.5208054036700459,-0.6183569448548625,0.36288686101738366,0.5700733778272402,1.37036240831614,-0.29879369607325873,0.0036362696893162414,0.39062774929713334,0.6386817715344616,0.2675301567608612,0.05604812806308992
2024-12-30,-0.7603330741211543,-1.0685212001147015,-0.5804555243477941,-0.7278272803887705,-0.17129157277759655,0.6639572269592936,0.807056076534445,0.6050704846220968,0.5095907628647064,0.21915333603094786,0.585197695063837,0.39815534973449446,-0.41778764204662455,-0.2790273496410627,0.5303435828409108,1.3841325807858007,-0.2402689758697198,-0.5431258478592779,0.07920892821785847,0.13307497935762455,0.47804905852700963,0.11301916341249688
2025-01-06,-0.937205337512251,0.6500039774539871,1.421887998485951,0.4308323506639591,-0.30048948260781505,-0.02187763641529554,0.3663551472819651,0.3281174444054605,-0.17803713854009584,0.2527485913741123,0.40546215990544543,0.5829435885703423,-1.2183576833062935,1.0008449395898111,0.28801388670736816,-0.7232687473309963,-0.04769023239622677,1.8215204521442603,0.07559532890296199,0.4458972764151416,0.455064023240159,0.39487493477026875
2025-01-07,1.089740320134564,-0.9706153215827495,0.1662268541365746,-0.5455229731651846,0.17180661747552145,-0.29006692604837175,0.5696223074720183,0.5103326052780928,-0.2956662260503822,-0.16302224820854824,0.80809790426198,0.7772400204320381,-0.7896387891262827,-0.6104301711739235,0.18062119056790601,1.285419227681879,0.7279895276429225,0.970671292473854,0.1662268541365746,0.926182729136356,0.8411727428078136,0.47261644529126506
2025-01-08,-0.4753030053203846,0.458038450611194,-0.07745504553600714,-0.16527974702284484,-0.5594971144295067,0.48611108240007045,0.3073732495938656,-0.7367578703980446,0.4725410031217716,0.43881716990161795,-0.08498417799321785,-0.22514091685172152,0.5746763027860021,-0.3066181398236547,-0.32740620966391293,-0.8071484506492638,0.8422042350944906,2.31400199383725,0.31204392289603333,-0.07512412118468616,0.030901117251311092,0.24155230493729468
2025-01-10,-1.1568824283040535,-1.6573906227270847,-1.1545012128983618,-1.832028800365371,0.25931504038365105,-0.8497817613155841,-0.6745868624278577,-0.8640001633784127,-0.695969465016584,-0.6396132548973595,-0.7263487964599411,-0.7095063262176093,-2.5895609235324835,-0.056020441927907165,-1.5725554640861592,4.111207063327487,0.832418732678782,0.4405153420256985,-0.09106830244970378,-0.25405890146113447,-0.5811844680510835,-0.43758923445306097
2025-01-14,-1.1177082345841407,-0.19429579144912726,0.12694656518974565,0.7890594524987976,-0.43270964823684505,-0.29887049067543425,0.14223322188243362,-0.3052620495485892,-0.2176892467053766,-0.20445835795197173,-0.08202261639316208,0.030073033692335875,0.5763116907266187,-0.5617882968480165,0.882788960425252,-1.015148729584426,0.19177305686351082,0.25730652128210857,-0.3317962439353377,-0.12868200073597735,-0.09865695982709101,0.2713175415506342
2025-01-15,0.2455580806206753,2.237633966295326,1.720877278487766,1.7349594665116264,-0.13018963489921873,1.4820981444738686,0.535496366519791,1.4844348762929334,1.6253691751180268,1.3088813278933702,0.682655534188772,0.6682799033034399,1.0055008098037006,0.02815332737668854,3.035760887367041,3.6519364824220903,1.1810965284169685,1.7479188542195274,0.434987487661892,0.8347388498506003,0.25111747906913656,0.4178712959983359
2025-01-16,-0.017513500108819927,-1.334709204798211,-0.2888879127998609,-1.2618823923965905,0.39004004403916787,-0.9037826586411996,-0.7377192398381331,-0.3828815818484988,-0.9451963096875947,-1.0287923555446516,-0.7831268889066912,-0.7835795645519924,0.9074157056253532,0.16882806260600317,-0.920912115514064,-2.8160859260494315,-0.45349440078661346,-0.600208496894534,-1.1422138616917665,-1.2503960029555563,-0.8796059898257063,-0.4250518842325488
2025-01-17,-0.4742250817589334,0.4220000329947822,-0.053122651159975734,0.21012018529441628,0.0,-0.501270564260548,-0.1954850440911727,-0.4695478905518492,-0.492663829104824,-0.4888470965364074,-0.49580341136374423,-0.6452197596170861,-0.643916029569168,-0.11251540407395354,0.49516871099193505,-1.0846880453979861,-1.10914470554259,-2.395236280593139,-0.5770043722740967,-0.5135600456175464,-0.6345586778947039,-0.9881566240817451
2025-01-21,0.36474047416326705,0.8422591806666025,2.210127214571592,0.9945677769735869,0.2156654013498899,0.26587460976744265,0.6801446939939876,1.2089622638234374,0.5100379265271262,0.19501786009608385,0.6728961941348305,0.6746965181890213,1.7877174165781717,-0.11273738201601295,0.7802689410036215,-1.792342358200149,1.4677504890551922,-0.14232729010224482,-0.6785388880284009,0.7022072293113099,0.6267472835215799,0.693664043514729
2025-01-22,0.5705005010657415,0.8981712337345592,0.11202966211005354,0.4080963663453683,0.0,0.07850833831055723,0.2514120987208789,0.12008986686892642,0.020529347537326617,0.19947503982879117,0.29729408833374327,0.5111661336551465,-1.4186870725675664,0.14089070939270773,-0.2838793596806195,-0.5043002645118773,0.8498528464908075,-0.5106405618494393,0.33760182518393844,0.19576510169286876,0.3728166863491449,0.02666356650698311
2025-01-23,0.6015346081267156,0.970953114884716,1.4154151506083787,0.6612610055344994,-0.043104449874833285,0.16690007067700363,-0.06195971766666616,0.3506694239671266,0.2864229960282358,0.5522051741482045,0.22431497485869198,0.21759360155423862,1.1594040800600618,-0.33848373755030314,0.8652927384909452,-1.1018389515172666,0.2850441451383569,0.9069543009881532,0.42663132771488144,0.4512050822040612,0.24950409782661273,0.6112846524172912
2025-01-24,-0.10287256708340037,-0.4746902113379971,0.011229740946909598,0.4717189091263658,-0.17256095147504472,0.023329221635010916,-0.2578470998106166,-0.01893777619967583,0.013902003352764447,-0.0694166506392931,-0.039427315095207936,0.12221764887352653,0.15997850843426317,1.4029358586468528,-1.0507339645205889,0.3088062162014074,0.4375979621298721,-0.1086533008599006,-0.1823469601031126,-0.11614296434309601,0.13285377472549803,-0.024432348488563484
2025-01-27,0.34246294953500706,-1.6881796429751645,0.28546265572861285,-2.096311845326032,-0.3893543291914073,0.38320500520809425,0.8349520732767768,1.0753290691606485,0.4248858525434736,-0.18835612650445818,0.7383543071824427,0.6911829697385772,1.0615844110942285,1.986262617358252,2.1263060971154926,-2.383852298848994,-1.3094754762860095,-2.197410509721839,-0.26354410789796995,0.2370654118467546,0.5954629386024992,-0.11017521103329198
2025-01-28,-0.08550584933663102,0.317978233184975,-0.9527543776336677,0.19484714841768663,0.47567202652677215,-0.5268130431964773,-1.085666821421999,-0.729359165974233,-0.6767429447946121,-0.575190922984253,-0.5234125437388839,-0.4213468829870565,-1.752527919555839,1.1136914431542637,0.4565162869054004,0.6487315276239496,0.3243336682369028,-0.3125214026603303,-0.53758291414328,-0.7567630905128592,-0.52760006328854,-0.9958195091243403
2025-01-29,0.8348368935189575,-0.030585685514284144,0.5226837809528688,0.44228150972979685,0.04313092444316651,0.3004768390030031,0.1087630685704625,0.12982106029759452,0.28864349989450283,0.35606697526872405,0.2561365372448848,0.3728625864416945,-0.9115088463151735,0.2967010101229782,-0.5649970273218886,-0.9602531066784236,0.033948904766840565,1.2024581089764694,0.4187292089086819,0.2717420105853194,0.2561365372448848,0.2511666000555913
2025-01-30,0.10173880871246219,0.2848995048561477,0.7098027532321303,1.4299226068405164,0.0,-0.03549068519373763,0.08989997613460965,0.40324927140199657,-0.027500824568611422,-0.06244121541811086,0.19249413599164883,0.0857428549221492,1.0137799516845047,-0.10778556037344318,1.5894830324123415,-0.28896014398523734,1.2528131073915179,0.7483314353614426,-0.25038394659008745,-0.2902856449134759,-0.12617816306599375,-0.46784374976404514
2025-01-31,0.338415314869933,-1.2275023535295526,-1.4613130746922376,-1.834378653314864,-0.21583015967280378,-0.8550291487958093,-0.5759846890785468,-0.9529958083940893,-1.019080208917464,-0.8943759954698496,-0.5019023987405429,-0.7943625215569683,-0.9145347845773416,-0.2429395516999438,-0.7331009835164182,-0.3472393251757982,-0.49645546437636845,-1.8786594328311954,-0.6939003244346214,-0.9640856225039305,-0.9529958083940893,-1.0925798811423775
2025-02-03,-2.5144550131677503,0.14297834724440872,-0.6593021886584595,0.08991715665062278,-0.17303025106536535,0.8893655005839847,-0.48975999714182666,0.2265992808838174,0.9759204610864427,0.6920739853526247,-0.02523418090182077,-0.260580958677188,0.6081455241725064,-0.7051909696579496,-2.00251177657506,0.5615384306820327,1.3505160379127723,1.9661543633976832,0.8182081723904413,-0.6324265514341558,-0.25001677087468127,-0.33367733271264355
2025-02-04,0.44935889867746054,0.6132080525948275,1.1996591916945254,1.7207740396041866,-0.30348749417643867,0.19217561929026497,1.2384882821011982,0.8313075248920906,0.14026198753796917,0.2595749739237912,1.07354190950752,1.0924250901621,0.02205876073714987,0.2174909841871435,1.335552702265686,-0.45452602019957056,0.924645306476911,1.1159369202421645,-0.055378442127553246,0.722268141830672,1.0818609023595886,1.1417986867057366
2025-02-05,0.3442905118758403,-0.33484060242769964,0.27983005877497125,-0.9945993602466439,-0.43515755819771884,-0.1606247569903778,-0.021965440180320164,0.27176154205941905,-0.043905741465046624,-0.4756988903152641,-0.3035642062549676,-0.3572475372648915,0.6551547105949665,-0.7633548632615749,1.5885599772022159,-2.588492060104649,-0.12043921642641552,0.8848205380760819,-0.739473480669403,-0.3047909859664491,-0.3783902561805152,-0.21257929488561145
2025-02-06,0.37736769813805016,-0.6486779442296833,-0.43870782686121895,-0.5784936595170433,0.21782628751850464,-1.11328221407057,-0.7025430754350075,-0.9800811933003558,-1.18065499574209,-1.146296415854396,-0.6974233196336274,-0.5852296641933524,-0.7451429738475086,0.32787720044720603,-0.25518054626687614,-1.8403039885097843,-1.2610157029137687,-0.42441269270372456,-0.9956382591760201,-0.7219716086664733,-0.7804866685822845,-0.44751103775772627
2025-02-07,-0.6699337345723799,-1.849810095493336,-1.9142912668719376,-1.022776866241736,0.26074305835648337,-1.2625132896333329,-1.5542829086929062,-1.5464285321252234,-1.3663516246956227,-1.2447879653811758,-1.612731738847823,-1.571689373905774,-1.2570841689930108,-1.95573238598395,-2.375096787760999,-0.3882934250720518,-0.7519763646389408,1.9125601579683793,-0.9302333790798624,-1.0743454732646271,-1.471466303622073,-0.9816861958310158
2025-02-10,0.08613927176903766,1.1077950867651987,1.1662644116816598,1.627485334246446,-0.217247642515349,0.4095097199354758,0.09021075249721454,0.14567467309119592,0.458845272400216,0.6324063899503792,0.16214815032678329,0.16567380715151486,0.3873002415381817,0.326013029119808,1.0336385867074926,2.4406938376611693,2.1106069175754945,2.485836380028057,0.4309682373248296,-0.2857259914366216,0.07071244458804614,0.06631323144542539
2025-02-12,-0.13786374721054823,0.3210030240025291,1.3531623496395049,1.1932582979513162,-0.30494178989304754,-0.04775668345960833,1.2571793191366527,0.9508167192123292,0.10177350189782555,0.4295633655729806,1.2061776020411528,1.3893935841610623,-0.28463747144029894,0.3640951959639063,0.5897117017456482,-1.8792503760134864,0.7483425098781469,3.038598776418257,0.6436818026066523,1.2529418106158858,1.3893935841610623,1.0808055474516278
2025-02-13,1.233940994474382,2.0378696989430103,2.07821030649871,1.6250261001452604,0.13080321970653386,1.7329294958667152,1.1647254984114068,1.487377787526499,1.7622294435263923,1.4405427582029458,1.2859010189191558,1.1424371117965952,1.9811743151887502,0.5853722010356728,1.713746736560172,1.079330327145858,1.9691047679678255,2.929462022658975,0.9876536849527476,1.2492803355838082,0.9738114001828995,0.7240869392432399
2025-02-14,-0.37541839774031555,-0.8290375817775527,-0.6387683003827747,-0.055564855990828124,0.13064315434537535,-0.4053492810101686,0.10337301030920054,0.15875241534991288,-0.43441516643690553,-0.7111991980622201,0.07135333704969112,0.16802406805541076,-1.2814320076763064,0.16660931837254248,-0.15557390471943952,-1.5730779315041035,-2.3224562741447765,-3.8194517552232616,-0.8241095814898387,-0.1560910194764383,0.08380891328738319,-0.2635479391108098
2025-02-18,0.35736307847564913,-0.7218292065537673,-0.3194158668057777,-0.3864982986471194,-0.2627055469846275,-1.5522114258857027,-0.3259059187059132,-0.3903314838225395,-1.423295857514344,-1.102826681055596,-0.0020981003359783375,0.07873182357169166,-0.5685521532342255,0.27693019974168753,-0.37199192161030986,0.47735966530855856,0.6275177399443014,-2.4949890380585287,-0.3815871001560348,-0.4242104379931285,-0.0894329851520337,-0.3878350860459446
2025-02-19,-0.3403068697114851,0.5562495095040987,-0.9602796806242908,0.16428818263013203,0.0,0.4825142999773238,-0.18315913519231333,-0.016512323644561278,0.3768440584207949,0.396316624990917,-0.03895213540508323,0.1611656909541204,0.3970702532013441,-0.11067572786873343,-1.1357005195599317,0.9557280539037996,0.3764490464416452,0.21697603920236563,0.3210547540408002,-0.0270944848041945,0.3608885039783413,0.2780638217554363
2025-02-20,-1.148561652880413,-0.8859552046094146,0.145172708549053,0.44560747485135704,0.0876415948193113,-0.2649091076845361,-0.6230596924095787,-0.660210929498499,-0.22776206848320935,-0.4063840854600664,-0.6362160253782628,-0.7587569483931652,0.007486197631656156,-0.16625447187297157,-0.06534606468716439,-0.06960704388021098,-0.41740314487132496,0.4293442910465871,-0.46907306031494866,-0.7302825730100696,-0.8113422211229402,-0.6621966403489365
2025-02-21,0.0861689724949245,-2.9307061985512846,-1.619328472677536,-1.4945984170454634,0.0,-0.6168613736937884,-0.21843175082246374,-0.29858420936024654,-0.8538394737575925,-1.3936631882429373,-0.27520809393498563,-0.4302417339817339,-2.1936065132935134,0.22160403200294035,-0.4434353505666529,-4.353817035225352,-1.297785665542334,-2.835486045883788,-1.2054887549925448,-0.4464777935704608,-0.5248537453586983,-0.23912949657051574
2025-02-25,-0.32782728910873465,-0.1797595380004125,1.4421515661763549,0.3866409898725594,0.21877938224237528,1.1036863583392442,0.33055678645913966,0.4933702228827025,1.0806485823813696,0.5692466932087068,0.09242553440470669,0.1390968682277747,1.53957719424282,0.3314915815609155,0.3358058253829839,-2.133027445738936,-1.0088077032752742,0.17785869585860728,0.31879955082229045,0.18836681534542732,0.055023281337559765,-0.18829812742274724
2025-02-26,-0.36360367568750224,-0.47535435144146826,-0.41278829423250296,0.4637949472203108,0.17467086668356763,-0.251525658183662,-0.2291462567462388,-0.05172920006359194,-0.31576667784577955,-0.38835013456381096,0.047883655658483265,0.08071937189462103,-0.9455025544314593,0.35788794116501566,-0.41778771562562006,-0.9042810314617227,-0.37333573062993863,0.3168480966023593,-0.5258527012394743,0.048461607678416195,-0.07672285379092246,-0.30898483111364633
2025-02-27,0.7258900633070599,-1.7702113013253786,-1.5549633624057349,-2.1275035388436816,-0.1746708666835544,-0.2771096864223649,-0.3586057154151697,-0.19743538006182104,-0.5817598505257353,-0.3486124170191455,-0.014469892396228316,-0.15512757151981083,0.23704694337445348,1.0116277873981512,-0.13764550377003956,1.7567261105586724,-1.696851014718311,0.15306878036171612,-0.161122964051233,-0.4703677258718553,-0.0974436415701233,-0.810201823466041
2025-02-28,-1.824719371533015,2.334187956525561,1.3284388555624145,-0.5933412884238021,-0.17496562751347294,1.3327274045980295,0.5438391165163923,0.4050059380785732,1.2245778643106795,1.060570651545945,0.1883042945623031,0.05149610599454667,1.6305713613892572,-0.7646073979598832,0.17045550191594225,0.7059488246813767,0.15712653421371953,-0.30072084096335316,0.785679803780547,-0.11281544957699687,0.13025363971602236,-0.4674689096041442
2025-03-03,1.600597464560076,-1.2628412423121878,1.8348640178151028,-0.37862055607475625,-0.1314553495482175,0.8670107362991217,-0.21993091304877543,0.31983860320198676,0.8201294565291065,0.29632674806446835,0.27065010173881154,0.7229813904525851,0.9721643410276457,0.19169169643277162,-0.6075221205287286,-2.0536893936441767,1.8141141300861494,1.1719419925322851,0.5046856524927184,0.6832336466072106,0.5445825343845129,0.32255201064571015
2025-03-04,-0.8492980389719974,-2.1678332810755694,-0.8226019190723131,-0.14008739376030094,-0.13159567955854948,-1.292081120871582,0.07372620752542752,0.016651367754405857,-1.3062876561968508,-0.989651037326208,-0.24135885358796813,-0.375975107244161,-2.1392119905885503,-0.9621976319214884,0.035547736991908364,-0.9907385808637972,-0.1110929532034404,-1.257502401731224,-0.9770958932373444,-0.2953441841203911,-0.20809256342811372,-1.0828325165143937
2025-03-05,0.3475298826378775,1.3993608562312296,2.8799909199191127,3.2733932998312216,-0.17575620231365421,-0.22860064881692627,0.20395706858119933,0.023851277341845292,0.009226712422521037,0.38056492693493815,0.1413108760877287,1.0202902117187849,1.4394361788848253,-0.11056780893673121,-1.1938580142325124,-2.2815851349806686,0.5382372224106443,5.7610580123943125,0.3303224054728504,1.651742541381247,1.051807285985189,1.198995732250087
2025-03-06,1.2583055009773498,-2.3943492616766084,-1.7038584154352807,-1.234768171993231,-1.461817141871502,-0.6561827178816071,-0.08681567960594826,0.10705112400693818,-0.9162073796653875,-0.9807828878762013,-0.2292783772520986,-0.316390476127628,-3.2033479743960465,-0.11067572786873343,-2.6077689906520822,-1.0101660845018383,-1.1127055090559634,-1.203492335524393,-0.6032894448428495,0.987925683686512,0.15747315541531112,0.49828442026363234
2025-03-07,-1.5884288443550185,0.026951167449277873,0.9100617859526927,-0.03547221838640713,0.26737729384321474,-0.6590289291047648,-0.24142574155409974,-0.3737789614389672,-0.6887768190383348,-0.36820795266269224,-0.2892814952502854,-0.5119795712960445,0.06489027179098204,-0.7782081097350322,0.7800719289226146,0.8086412241337237,-0.4797905596738696,-1.9466141089407478,-0.5319725244147384,-0.6003452686980884,-0.5752942211051533,-0.6208422786902579
2025-03-10,-0.26139897365031733,-3.0378401157190713,-2.8650453799283238,-2.7534196917178213,-0.4907502211184607,0.35863702969481387,0.1371497576586335,0.05292973383781705,0.002833602567842308,-0.7164547282696627,0.12011071103034926,-0.17286335064655448,-1.3058130192094857,-0.13962377690267985,-0.024830817636481303,-2.01675424521646,-1.2176121714956047,-1.704302784336131,-0.3381626091896026,0.3399289004689653,0.027766293058104092,-0.7847394063848739
2025-03-11,-0.9290945704298892,-1.200589269572689,-0.589811035344047,0.46101211018240257,0.0,-0.7241805498509509,-0.7305568255566245,-1.049328499950794,-1.0211851723072463,-0.7202237150747467,-1.0705339629950157,-1.0110695633931617,-1.54172857522503,-0.3919311890223715,-1.2001593073681984,0.42102336554629505,0.8001049639126994,2.4149560845194675,-0.3658256751530727,-0.5649007448011958,-0.8100454547489798,-0.7584530157600436
2025-03-12,0.9465436284740522,1.1886771350456669,0.9812317750678343,1.2068565992316154,-0.2238507381543338,0.36332547942336985,0.875263932970536,0.7815785870639324,0.3626250289898647,0.7734708378582771,1.1817115856770821,1.3467026577434011,0.34941391268133865,0.615219726130759,1.5991709073862488,2.531233697978813,1.0931574839078684,1.7239668006056752,0.659420152147821,1.3484592215736824,1.1985395314377196,0.9152458999105622
2025-03-13,-0.13965997998198204,-1.1820583166969112,-0.6676874246322382,-0.2503370053513508,0.8035901743200982,0.5615658197143741,0.23920292879243982,0.6376378426461773,0.47528027330859873,-0.39883920626503366,0.08148709877797598,-0.03748347732093458,-1.833594249112077,0.8881509778442734,-0.31373093020058884,-1.474198060306379,1.9199959342507642,1.996083019553746,0.15996135996676847,-0.09722092473469017,0.30897238750102574,0.6673899049592216
2025-03-14,0.6095930653147243,1.82173288076851,1.8267551049780701,1.5880315956161197,-0.1780466303467879,-0.5714519314655676,-0.06093630776222178,-0.02299537822141897,-0.2691261555018889,0.23462592928133358,-0.14861998747704408,-0.15499996686344464,1.7596711740418138,0.0,0.9351579218059571,0.6945019165459382,-0.1828348882752862,-1.2678860058975168,-0.22280267503777865,-0.5024718053132373,-0.2750645863796496,-0.8553559802212205
2025-03-17,1.670298485910698,1.2058824522473734,1.4674443508748618,2.128128752275965,0.6659449441316905,0.5223511103006907,0.595658934377038,0.7054382918888957,0.6413062675280057,0.678287017375417,0.4974335182567972,0.5549151045409272,2.1311557531916874,0.3585789295892947,0.8642803440478571,1.030853250851707,0.9775999708181665,2.4527272907918083,0.43770672735382155,0.671463481384545,0.2282339321694763,1.0544988892841645
2025-03-18,0.7824531452524038,-0.5625250330388418,0.9195316158470718,0.015624562649429267,-0.6214118505359173,0.6404581049440704,0.9059438214586537,0.6494337944621206,0.7642787826155729,0.3469645262194595,0.9001428504044305,1.1026467504439543,-0.0005520476380462387,1.013560508012886,0.24127761550689913,-0.16584221356880532,1.6846328161250843,1.2934302484490603,0.5241964150373842,0.8713832807781593,0.9505588134689793,1.3966131893208147
2025-03-19,0.523867947306719,1.132041578235107,0.008037037740573419,0.29241036432627215,-0.17825148995736328,0.3547275564350424,0.01237610172665431,0.3118996856423544,0.637355989834052,0.7055187751232512,0.2536540083371875,0.18294833874634991,0.16935256390993575,0.19060980433692926,-0.4161720898187566,0.33925086804861837,0.4587851810921166,2.196759883215283,0.048855741122964605,0.23333172752981612,0.16123405370364702,-0.2710375960103328
2025-03-21,0.2356864542958545,0.10433518467303075,-0.8107794747448468,-0.42092710954830315,0.13371839636160007,-0.012812126745690246,-0.04338789614864868,-0.861305205760895,-0.06646837145577136,-0.08001607848518848,-0.18997309350519154,-0.4577638671188381,-1.0413035841470635,0.16308405936242018,0.38210633557046086,0.15269302403225746,-0.7368962310446572,-0.21038346796375434,0.07135142944957296,-0.4187780928823455,-0.2570826841793646,-0.8716501514264721
2025-03-24,-0.47193831396430513,2.4998612608060182,0.6551474414942235,1.1724640717337749,-0.04455293439607229,0.14436167238582237,0.16244545626613735,0.3405504190033237,0.2917674316471907,1.0147685535486415,0.4497454992695245,0.5375462985545169,2.2529407769458514,0.5147004917344212,-1.1774790340562833,2.1912046872142565,0.2785994076930015,0.5365852796079212,0.7248484860063822,0.5267463613241806,0.3910640481840385,0.4729100585985197
2025-03-25,0.303637735233026,0.9703217784945561,1.327933527824403,0.4395127848030293,-0.22306290386590677,0.8994397328510579,0.4112624538535887,0.3708800371895508,0.8317934480151149,0.6798993106186083,0.7000928456659385,0.681850951986461,-0.3981415023845907,-0.02703098920220736,0.8630667497360053,0.6500817975022692,1.169310041345154,3.334230218496753,0.7302388623376669,0.4362289588072963,0.7252330231138656,0.69147986957531
2025-03-26,0.571056392111135,-1.7490325921654757,-1.971632590799094,-1.154550984307364,0.04466348995892751,-0.7807556528925848,-0.10686823547889264,-0.0668793959537068,-0.9547633683920344,-0.9518470740293785,-0.37920450606119105,-0.5913912981451431,-0.15862954487037903,0.32380614832239546,0.2272234357589061,0.25070868746863384,-0.6306478348644857,-0.3340473085064207,-0.5480155836218757,-0.7011090365843033,-0.3959608478617774,-0.21445376731088323
2025-03-27,-0.050251585594101714,0.08227785174956993,0.558804461149338,0.8426744691831877,-0.04466348995891267,0.26341256125174983,-0.4670147726187042,-0.5173815631381774,0.22771010832173924,0.15837056596552235,-0.10429723652324993,-0.3914499193121794,0.09247280662087184,0.45693793399947996,-0.42652740749683077,0.42771265440438466,1.6798500242712635,-2.0936040707901356,0.3481829121322984,-0.0779346545415863,-0.16294918831145266,0.03066327197747389
2025-03-28,-0.8244425417500626,-1.7861828628145833,-0.18754707302696483,-1.6302837404681743,0.5345394684456697,1.050685158020235,1.5569367189533574,1.351981073655961,0.849222163032607,0.07072304316003572,0.9212866657503295,0.897034748881705,0.11456056143718987,0.05362039356686434,2.599646980491558,-0.6968709913028737,0.9867153175554586,0.21694773974487006,0.24823649467725184,0.7950052963801906,0.8208127616870697,0.48093377691170774
2025-03-31,-3.5248149549755534,-0.1496871856505009,-1.9094726183653135,-0.978781718813074,0.17753940056624534,-0.5247013981996,-0.9136536011165659,-0.7219535954064601,-0.625353985403448,-0.7045940152343599,-1.0156587080820325,-1.2288164776858508,0.10220834356315571,-1.8667016613908842,-1.3392734965587219,2.547795809285475,0.6073695021430111,-1.9202426129535501,-0.8187354091515991,-0.598435576843606,-0.9235704376272768,-1.1119657633248294
2025-04-01,-0.17516044628368738,0.4796825366012976,0.45367644112928396,0.517482193589292,0.044335643450764246,0.5483443285654547,0.2961514984290817,0.39026990383025784,0.5544207159663478,0.4292072728958886,0.24762344885672885,0.3252188673931216,0.24181217951068987,0.5175042863136979,0.7898801901640053,-0.12617714431729152,-0.0003826084840482971,-0.05584895972485045,0.19763635548071698,0.1474775634284639,0.06352493117898907,-0.4767002675308675
2025-04-02,-0.7213936835515752,0.5440992431900253,0.23948489071980622,0.050015301902555896,0.309800339403232,-0.1811284585042787,-0.19678588344645298,-0.19372006948302803,0.14306394430516728,0.11637796243767974,-0.11834745439816668,-0.11173824432742956,0.5186092287299077,-0.9005280606660423,-0.7528912674582537,0.7658554050241618,0.11820832113954823,-0.05502607713908993,-0.08674765932522412,-0.30012724994340856,-0.06817602760486972,0.6966880709263321
2025-04-03,-2.4489553056243114,-6.337715254909202,-2.724586293279305,-3.4252623215224096,1.5782837652343549,-0.26108727002731236,0.9017315047180736,0.6869423766304888,-1.2932255477569483,-2.5347358239491102,-0.40488821056514634,-0.9608619599359244,-4.756347038292718,-0.13716538346707313,2.2921635536838894,-8.607818849598425,-1.8897199748030529,-6.025212602652295,-1.2840617543616413,-0.2780701627528795,-0.33794037660227577,-1.6904227664080147
2025-04-04,-3.648829419802551,-7.148583113520471,-7.937285053928742,-6.83863714502905,1.9811181450693187,-0.8359572689360849,0.5873407270926199,-0.14706089591661042,-1.2261892715802243,-2.5516349135786873,-0.9675284818820638,-1.7499194565550065,-5.552860653850303,-0.027461408213946062,-3.006165523437469,-7.29612238438369,-3.4829616627540485,-9.97743690479907,-1.1159411895395621,0.14811367732977426,-0.7916020775261452,-0.17938620578871198
2025-04-07,-7.197352961129651,-0.7254868662794656,-3.703210635857441,-4.339253969086884,-0.25619960143243814,-1.7453008645397814,-1.136834560943097,-3.538925649588568,-2.5153429657935376,-1.4107647716492173,-2.3904157737219807,-3.33535862956657,-3.206982913347076,-3.0385506392715484,-4.673453683086338,-3.4450890482947054,-2.7192078803032476,-3.647088933053034,-0.5472092117328732,-1.0902643015754836,-1.9197464311030439,-6.019343388651002
2025-04-08,5.187803949898599,0.02833278808459461,1.1775143086927329,0.18928015931373243,-2.862299611806227,1.1026267044488334,-0.26366721545443816,0.13464778874115957,0.33322410609835207,1.1460378962433582,0.47916417287144325,1.2737472778759176,-1.1128971897723117,2.6534122206180655,1.2002003081926635,-2.476457262629154,2.1499130434820035,-2.0575259280657736,1.6070100532667675,0.9849344416405426,0.2351522386039736,1.793046745633775
2025-04-09,-3.7659324344837604,8.662170299996378,5.856404199179894,5.377677451907165,-0.3967127815200886,-1.6406340660865493,0.6876527478697466,-2.130793752977677,0.33331903305187377,1.3204837002887195,-1.236541283732118,-1.6049577935190629,4.470378541737259,-0.4696741528700552,-3.305493875169897,5.155389640319745,2.3082323738111348,6.236536550520068,-1.3241168458047303,-0.7285778637126704,-0.8913847025565765,-2.038019330020328
2025-04-10,7.947666369587781,-3.420944948500422,-0.2693833145527504,-0.6788696924482338,-0.0883883892494379,0.4344787095489398,1.0434274870347864,2.8074588301639953,-0.6545490568717892,-0.58641679264113,1.8467641238101653,2.321908662405634,-1.2492520983739193,2.1099564340858357,4.334967040180652,-2.341505769964219,3.4728880137686846,0.15456744663050084,1.0598787250872375,0.7917834200380357,1.3420540941160608,4.011001926430754
2025-04-11,-3.0014396034006663,-0.7402861309061679,0.13225964456656336,0.5803018093175677,-0.8453972757518086,-3.074037709689897,-0.14494123064895062,-1.951507928333907,-2.527840912378726,-2.208695255695253,-1.2634518119714486,-1.7547727692374362,-1.2938012101678034,0.32484388897325234,1.9186210079298494,-0.7786455546341513,-0.6181641766341168,1.1344175834632455,-2.5088441266922064,0.2536870222364216,-1.2214898000932406,-1.0509143159886707
2025-04-14,0.9042989820904336,0.9299932232186328,0.7085615608019749,0.8705895426158745,-0.3580949451556783,0.7633580992869162,-0.03814903523356594,1.3031688623936428,0.5803046564358588,0.4584931530518321,1.1508607314626458,1.516574249293882,2.0120544561192095,0.16204118803807888,1.5442527174132328,0.2650061364413004,-0.6077135592133379,3.038493311529003,-0.03548173014798214,0.7112069642593228,0.6735290755618073,1.2001498165571203
2025-04-15,1.11899632797219,-0.6115944541162649,0.6667978238724589,-0.4261216391568652,0.3580949451556785,-0.03448909974398935,-0.7152532122268445,0.1536360138821482,0.2057810981299103,-0.059164500828429105,0.4715661947175327,0.8450392359529574,-0.026971411516148836,-0.4868850770113213,2.0142115569676844,-0.601503451906272,0.19076302741070666,-1.6665163091324615,-0.3311107744918702,-0.35405043234414874,0.35468522909504613,-0.02982928844371259
2025-04-16,-0.6885644165615512,-2.2758008172328994,-0.4316893591152511,-1.1989231412990649,0.623616301940537,0.40481284251142446,1.0511403281996083,0.8919555495069729,0.39392597898432496,-0.04085195117780151,0.5984316753230814,0.6778411323882617,-0.09803490665162558,0.5677896992215842,1.19443895992709,1.8643977934283098,3.174328997073133,1.034997980398587,-0.02792807829447953,-0.47648959434892413,0.36505209105061104,0.19538478857933703
2025-04-17,1.3908490261685593,-0.7364136819644931,0.15596651596065841,-0.11268950960712737,-0.17776858420639738,-1.1637611299549755,-0.6371380613636624,-0.7160428666563907,-1.0193872500015493,-0.29870368239191386,-0.5584376836841676,-0.5893914122931322,0.6059693801100586,0.0,-0.018519946793092223,1.6424810367946872,-1.3190079050915329,-0.3686812720462466,-0.8789719560252247,0.051334066262841385,-0.8410845342076118,-0.3114656712302931
2025-04-22,0.36846625115175247,1.8245394701010065,1.293853443264498,0.7480662303384186,-0.7591092168329737,-0.669644061486592,0.5739623472005259,0.5108011110128918,-0.4980813604534449,-0.3566634378592154,0.5102762855584847,0.3937337030440537,1.1779434478334765,0.3221615094426136,1.3507645221429652,0.3430737724044551,-2.173711269005747,1.2171950275075714,-0.7439721810117332,0.27850345740190363,0.3609531387532188,0.07187266993728011
2025-04-23,1.822209573509974,2.8156983494034407,1.6160254841965638,2.423309673139281,0.9368778010393702,1.3840643476089327,-0.07832597113965663,0.4657426920353633,1.7210372661313411,1.779286384289213,0.4160679337500889,1.2526547293790573,1.4624390794561004,-0.16096154214389122,-0.7920915070043157,-0.643143087626347,-1.149046589372582,1.2451169319078497,1.278033217088035,-0.1227937971040505,0.49069498640828346,0.5500915752762869
2025-04-24,0.07219966136799419,2.4572898125989435,1.6732346783171945,1.529525064120668,-0.08883928396522202,0.9133794765568964,0.35280066651635306,1.0065279148160127,1.3941516274378536,1.2676907157841886,0.599912167337797,0.3967127849477637,0.7420675473846113,-0.8357000476616278,1.0311619659810813,0.9749298971670577,1.8193804595846492,1.1613919391739305,0.3742453186093828,0.15546758220489046,0.31000447940225456,0.2053738159938158
2025-04-25,1.7351266089068704,0.47946426132521974,0.174980835396616,-0.42443635088314396,-0.04446578160468275,0.13836834903815992,0.05167994208809384,0.09891642091817449,0.28872723412579426,-0.15159118863564097,0.05737561273209833,0.2879287837917611,-0.41272025122812905,-0.054143469626465275,-0.010377734425443801,0.5886751707058744,-1.3305682551753395,-0.9947106949640486,-0.2404803595796858,0.15153520382493227,0.22294465591521057,0.32093532932414204
2025-04-28,0.8476099609684292,0.7091643839629946,1.3184661452925008,0.8550003698375502,-0.04446351863649021,1.0693461422141182,-0.320058115693817,0.37669790280538734,0.9022801323960241,0.7218102543675926,0.26888045963243745,0.37987029551771373,1.289726343292727,0.5941196675717589,-0.1743846163766821,-1.1858649376159818,2.0852081244954617,0.8683524780335112,0.6710443785340876,0.4238142351155173,0.40152404284584214,0.36677099615176817
2025-04-30,0.6135559245218403,0.12473391362700359,-0.01088461661712639,0.3367516958841637,0.39956053597650953,0.24132535973777242,0.20176349526132695,0.3212317927191063,-0.3860949589132026,-0.44786410110208397,-0.016587184226987545,-0.4036293677502248,0.43664562887430064,0.053829864536603406,1.813400268784556,-3.4544342326225412,-0.6659653827748466,-5.5022119907830795,0.0850699416293441,-0.09045329705627725,-0.09951941070092821,-0.5915212629969059
2025-05-01,0.29665039218370387,1.2039009788482027,0.1404774410829092,0.4748537621212141,0.0,0.061280612225262536,-0.46130278313485185,-0.7000518955788924,0.14559313747440217,0.6268194002722277,-0.32946431236706103,0.05122371940249227,0.825474999625672,1.4957430920930737,0.4172829959512124,1.9967972718802147,-1.6013931737923652,1.4740070620789,0.4977134765874248,-0.0716131444063424,-0.1552311220750411,0.9312447192143624
2025-05-02,0.38261806278601845,3.164618830969574,3.775209181715898,4.508193128775366,0.26546760346925746,1.0175652248970424,1.481049656691884,1.40922730187247,1.4482091824453198,1.9971321534866253,1.4507398885416702,1.5502550786787415,2.9135752955856717,0.6869319192469853,2.091967682938264,0.897519016701667,1.86577104577536,2.6579644171400347,1.6911036867376388,1.444371182593472,1.40922730187247,1.2785683847123475
2025-05-07,0.32926521785023605,-0.012169948653840332,-0.7292131710448244,-1.5899721629035963,-0.17689276368480178,-0.16837697764495063,0.6695629854244811,0.42216503473402656,-0.22638400832433156,-0.34264984649353514,0.28238994707443604,0.061106701584889164,-0.3193125415503501,-0.7399624069909538,0.5114878836369832,-2.133533755297743,-1.9424890734470952,-3.582775664955156,-0.43182977713351656,-0.16875897955521774,0.05027454947289546,0.2657862386081623
2025-05-08,0.1383078059538432,1.2611455326496313,0.20060610419839692,0.4995610050365401,-0.710827329320945,-0.21504458040360594,-0.5303311959502492,-0.4818330066687369,0.061743711825275285,0.5413211855681433,0.07239684688149085,0.38102663567199624,0.17240653579190046,-1.766162573076132,-1.2249372785656076,3.8046180740427302,-1.4222933490948546,0.008515258246321811,0.5667855437230528,0.2407357743712895,0.0889572400013482,-0.598201051514889
2025-05-09,1.2874578315069463,1.367708151866506,2.158774371419439,2.1654581624593905,-0.3572842128901419,1.5694325972874452,0.7839219098238046,0.7741589332319243,1.4576655688221778,1.5588865395753622,0.9738342920662297,1.105671037996313,2.159134450378599,1.4790760212812268,1.5384119761758002,3.0231168278290874,2.2180601073373616,2.7469685204898604,1.4952115379834694,0.7718370011532876,1.0732675731076498,0.8997128532060037
2025-05-12,0.6799302415934431,3.112195746230869,0.0765952467914405,1.99774645028798,-0.6283634486564612,-0.7770897523406419,-1.0443860779945275,-0.15159401369086192,-0.1578810073397938,0.8489799016134588,-0.06690980636769461,0.6795843578297339,0.35316213971024546,0.9651500861025569,-1.7119619092263443,1.3361979348025586,-2.9986807281565455,-0.20825952692002625,-0.13912555405692958,-0.07814153403837305,0.24859388723426173,0.3027487345158116
2025-05-13,0.8434606224350334,2.356892665545979,2.101877627326325,1.8728693170128188,-0.40605016494702295,1.6239688085987556,0.589315736230299,0.6176051116505271,1.7830739370520783,1.8749505870421412,0.9350734671922545,0.9223021961870816,0.4181760166029308,-1.3430109398896302,-0.3949242053854626,4.599943061193076,2.123651361594671,3.37879123049304,1.6986564855993525,0.4861501488921722,0.8685664101187818,0.9249920977047996
2025-05-14,-0.28597962686944356,-0.4009618194870639,-0.7569707935856289,0.22998970079441597,0.7655935617120352,-0.9029964614776764,0.4568231672634338,0.20101311329481486,-1.0361526965879413,-0.894247885672137,0.31930088824668146,0.20147684552902362,-1.5170495456762292,0.593148955403378,0.25117173128409276,-1.7721666103819307,-2.654895047262626,-1.9325591238113344,-0.5286673846983335,0.2815922084119968,0.4273964951612656,1.0391367109347123
2025-05-15,-0.9478760310957235,-0.10968379290241918,0.39306768472549375,-0.640121222590922,0.3582553120642822,0.054577889431161174,-0.4544827085889682,-2.6783059665232116,0.11655047513720745,-0.4076369646219283,-0.6256458672784435,-0.9105750351533434,1.2133137211523954,0.21482560746597062,0.6364270927050506,-2.2695078686344914,0.9868636077878177,0.32980527151374517,-0.5969233641529366,-0.6304275247157475,-0.8998058842475496,-1.314671545231911
2025-05-16,-0.03401387561336607,-0.07822228630363111,-0.4703043358957701,-0.7744566561233449,-0.8529656501737254,-0.6777385169222905,-0.3272903573232874,1.835465551963667,-0.5226998913641498,-0.5962518629125974,-0.18843543472822138,-0.3417855080599019,0.5272086843620251,-0.29550520785311407,0.7555800501410997,0.04209107745667841,-1.9256980645633908,-2.990307899104169,-0.7096291043424032,-0.6166261649473166,-0.3956371854454595,-1.0315173613130926
2025-05-19,-0.034034123787213634,-0.10724064810073523,1.063389159336824,-0.0006285824577402448,-0.22569622846821208,-0.2697536853344815,0.08347781159935971,-0.16738186636640445,-0.20721418529405802,-0.26694146970167193,-0.25999087267348014,-0.16477966853477358,-0.1944182088659449,-0.5395176191654942,0.44686629430061764,0.3836932107921354,1.0632792477587065,1.447252101780108,-0.2165628339158659,-0.2605135341212861,-0.21858485434980576,-0.16311337471866905
2025-05-20,-0.08513602055809875,-0.5593296973896058,0.43086307547502967,-0.33045669706864267,-0.5437200890203483,-0.3504105403897717,-0.0035567351370368186,-0.16775378083542594,-0.46559369989760324,-0.2729622839696071,0.26573476600635126,0.30950601625368684,-0.8110838005932505,-0.46088730389401344,0.8052187465006834,-0.003838838798311549,1.622549592569196,0.2917670743104243,-0.22254785582945083,0.18316254214737884,0.19121892635039314,0.5056414529670396
2025-05-21,-0.34122719364333054,-2.1467213425593528,-0.9696527766511821,-0.7067523443815501,-0.09091000839987412,-1.1426580939410564,-0.32122304984393824,-0.6592537387558909,-1.5672584820249826,-1.1175374142890007,-0.35225778566616006,-0.2667756772470659,-3.145106268347839,-0.1904053569262067,-0.4057163116442418,-2.017970084903786,0.2878746148368447,-0.5499390410830476,-0.4472848413655731,0.043591054771691326,-0.17001130998211383,-0.9242974578288781
2025-05-22,-0.3424042832240821,-0.35832754435591035,-0.5288441762042408,-0.7230723749033307,-0.13652016249086635,-0.022758767911179974,-0.5336072764863313,-0.16286752981445532,0.11197611937250633,-0.19497337214552507,-0.2610030758703892,-0.3586817459000531,-0.8565178124180317,0.2718817885859727,-1.647140484707964,-1.0658018271724872,-1.2879001727171844,-0.3293533396154371,-0.39780118018536564,-0.021479312053283885,-0.24027131096692453,-0.2743106632711006
2025-05-23,0.649565448621617,-0.6133035036830569,-0.08584840669763859,0.4834654993209747,0.04553871035395745,0.359961424681852,0.4093783613869649,0.21077003813434297,0.1469359981311028,0.04630258473106167,0.23105058425985062,-0.27416548716190975,0.1750058771449795,0.0,0.4068447769706966,1.3296839827086213,2.2386011074774173,3.963424155198724,0.0716218169652464,-0.36228300474014336,0.08188303109353248,-0.28699640334366117
2025-05-27,0.6410270919655229,1.2179702012797782,0.3481593569679062,-1.0779952110150215,0.6773631393784878,-0.42469518778023313,0.4655555302757467,0.8015807784172321,0.05946275630919958,-0.23362130746073315,0.5052396291022616,0.78618558614733,0.8905121559366966,0.2688191002304056,1.5258166201750265,-1.8895201102735188,-2.5492027864509037,-3.3049068771973493,-0.14850389941216574,-0.008002442815683757,0.071864352861298,-0.45112618253319114
2025-05-28,0.03362786599123059,0.481045807392369,0.08324351633691383,0.6048857402678839,-0.13511723437691983,0.7847625335979032,0.5911480113516139,0.3195649360474466,0.8185172812832181,0.998280849256602,0.6375141588599141,0.7969969026627025,0.9596418057418026,0.6688962290449607,1.1862025223766268,1.963834747277577,0.8344016496975868,-0.4338421850681163,1.0612605670588398,0.6106343789945337,0.6788241844979228,0.5350860719843356
2025-05-29,1.4849624466784497,1.4427112051708182,1.5585081523851412,1.4183568498872847,-0.2255832359044104,1.4632006732038665,1.090309709212841,1.1311256249972899,1.496401306308715,1.199803879261453,0.7076192704160946,0.659302019196894,1.9484357048900232,-0.40079782895426597,1.5392748302929462,0.012316442707297124,1.6394673844355945,0.8774257333381656,1.0487440482411907,0.13267540256215837,0.4394449676675168,0.7001169115127144
2025-05-30,-0.16575353112545035,-1.4370955546553605,-1.2469599551554058,-2.5478974385900166,-0.04517777688454505,-1.0286574910720931,-0.7763386594044884,-0.8868299690831465,-1.0370684788618771,-1.2371692605617484,-0.8473102558762425,-0.7192065400520438,-1.3251718609846699,-0.10714344133830052,-0.4031862846797456,-1.384723618507691,-1.9850384322848877,-0.641639598266758,-1.3251718609846699,-0.05133824362788162,-0.8102169257597769,-0.9964342261778191
2025-06-02,-1.1848275346605022,0.5867646671323945,0.9973536474449065,0.7473649806991618,0.18059995061615058,-0.31502035246480126,-0.15403569153888125,-0.42638317652231505,-0.25851430556641014,0.007371449492993249,-0.23002038486798487,-0.24317771690806628,0.1592913603302981,0.40122662687391714,-0.4250844022369696,3.536733806702767,2.6484234720091555,3.4072403668077884,0.02503215116446751,-0.20256040841616785,-0.22178069322470245,-0.019423420877875446
2025-06-03,-0.23529034589011896,-0.38364418272440354,-1.8074138352399036,-0.7126412006720129,0.22527829654972212,-1.0481408153342593,-0.4083115567346805,0.11663185029785934,-0.9055731477397072,-0.7630177360243293,-0.1685885754338603,-0.09966130387384028,-1.1537306171485624,0.3464396347198982,-0.7650727634778673,-0.4646090134732943,-1.8417691284690587,-0.8864416489219153,-0.952269664267117,-0.06686315075606038,-0.2921655174667547,-0.09611045086978479
2025-06-04,0.5872038711973276,0.9407236686713317,1.628988419562231,2.200157247320374,-0.2252782965497305,1.7001122188024576,0.7659454765892229,1.1113686498736164,1.6930852194589574,1.1564729052228662,0.7392994105843144,0.8552437584343575,1.2472630488987717,-0.1864000287415864,0.5105726126134147,0.17750000004804106,1.6096994554652369,1.3616600699117822,0.9675681313417503,0.3684114379543981,0.7804703572312246,0.46563583722241847
2025-06-05,-1.0594605684882703,-1.2556724671465895,-0.6678246221558869,-0.2567434539748286,0.5398066159614962,-1.0678248981113858,-1.0337985654412776,-0.6926946357933516,-1.0775213784484658,-0.9853083396894764,-0.9299483513651641,-0.7553455254343407,-0.8494384300226431,0.2395904845221806,-0.5326032831201987,0.07608139832535642,-1.2774717297545102,0.044860119442306896,-0.771204465347092,-0.44069186218782824,-0.616442320184017,-0.401908886336581
2025-06-06,0.43859487492659727,1.5875889148927842,0.8366997807837279,0.8861126568675342,-0.04487368289433739,-0.23295445408713353,0.9735270805045014,0.5500389246546942,-0.040200228292524155,0.5532792364579728,0.9525729167236267,0.9127484996142828,1.0455128981468473,0.34505346459254854,0.8722642681505991,2.6181952298469735,-0.7847863530384864,-1.1721339635100394,0.5659018794563182,0.8411334711760966,0.7791961869653408,0.8814319804820123
2025-06-09,0.5706644354460593,0.8873386831226525,0.7972667222109298,1.646169110777746,0.0,0.9789019862243703,0.422281810570007,0.5060399459146775,1.0961107326011288,0.8476649343689466,0.5877186520986574,0.4218079093290154,0.9307048265391529,-0.5047166555266432,1.4157800226727961,1.7315352440050753,1.2680104715858154,2.2748860019552497,0.7972667222109298,0.3927889892125433,0.48054756315059194,0.6411247717905181
2025-06-10,-0.03347297787979381,0.46095510366394077,0.07572357014266108,0.46455100467426447,-0.17969636780784837,0.06623147548664442,0.643745114906479,0.6434314062911847,0.13775299512882738,0.13478463730716117,0.17367294655288867,0.10845245908227248,0.7476020644093109,0.2659524476416337,0.7500244313410993,-0.7309467141910037,-0.07506870730364425,-0.039246199722603584,-0.10441549957104528,0.07388875056755825,0.03368704240115384,0.1678660141354712
2025-06-11,0.16727851674355612,-0.07965332099454837,0.0901911047516778,0.6253339725540379,0.0898774165362499,0.6207203245175332,0.04133884304144133,-0.2673737100411687,0.5217442129654837,0.180826208939563,-0.15777510752100987,-0.12331771126910046,-0.3354025763858661,0.6882046689567511,-0.16600580066410991,4.604979154375953,0.7457316336331131,-2.033921863265925,0.2059619358000751,0.28234399449687686,-0.16600580066410991,0.3401922238082358
2025-06-12,-0.25102282515330787,-0.042730763856390845,0.4830036109922783,-0.2721249715751117,-0.04493417875394927,-0.005228443936858911,0.9412143636974245,0.8137147082768377,0.11545911085808441,-0.32624767199343996,0.17004311764904492,-0.02639901296410188,0.0468680935137897,0.3160398944382113,-3.2457683960741566,-0.13244354725480587,0.7949892948879272,0.3569065096298828,-0.43938093738131917,0.19000035719785677,0.005624030007437817,-0.7049700004616152
2025-06-13,-0.9427694858330986,-1.8264823558748884,-2.231273907668097,-2.3025312311557524,0.22448036837166788,-1.0726835613227779,-0.8017317824750745,-0.8246166003569061,-1.3033865749202338,-1.0041153522759763,-0.6400938237214244,-0.5797999340759995,-1.6770255308605837,0.7074538267468564,-1.2770858348956264,5.959658333961497,0.5993800614930888,-2.334721899645773,-0.7021693476768505,0.08131440624262712,-0.2697633768208268,-0.42495378871840694
2025-06-16,0.8589549875473024,1.5714080419451066,0.986369134803969,1.8429477399213812,-0.26942360615395755,0.3377283894040369,1.074420164337199,0.8925062760155944,0.44804903261539886,0.8258526160153721,1.0807518392023863,1.183997265687003,0.7023656678997868,0.156539074502201,2.1513774555962093,-1.4283745042238443,-0.8117022067623266,2.0585471475536585,0.6244712236178958,0.2305686244719659,0.8419376654603039,0.13315367198860587
2025-06-17,0.30140058927954655,-0.41638000745045156,-1.0137076896297723,-0.8796133770295218,0.8952590221662107,0.9298440314673153,-0.09921037706018003,-0.24536053199651478,0.7850856588365003,0.32856188446643836,-0.3270646341196488,-0.3909535774376886,0.08521600982175019,0.4940854583085513,0.49381148867451335,5.054471353315257,0.4931049530604373,-0.35608345033598116,0.4417987049663807,0.4158154679356323,-0.2200743814634348,0.6406537060885312
2025-06-18,0.7495678372589403,0.4309655048946899,0.3805549741711205,0.42458379565363374,-0.8053816056299595,0.5095436744958066,-0.05706996364030251,-0.2553685209122058,0.5200953927801156,0.597022904745535,-0.50892750266783,-0.7509161343021116,0.7915120268997273,-0.31176347175275243,0.7158240960373652,0.4095818693679672,-0.0939699257780264,1.7393885064452899,0.446048308062232,-0.14907503223137764,-0.5583208288035041,0.006374839168079854
2025-06-20,-0.7367749451272895,-0.34386969018418334,-0.7126791472227387,-0.6898180561447278,0.31383437472562303,-0.04531638807109564,0.7829474119312291,0.8359475385910895,-0.025490840906146523,0.20503529832445852,0.740681329380046,0.8910478474602804,-0.1755215337588915,-0.26020847260603047,1.5893117016736746,0.9191438799727921,-0.15065676120021668,-0.30663354678231397,0.18127155630360986,0.475745925719651,0.6336117788051893,-0.1453646118714843
2025-06-23,-0.40418017478197527,1.673263047796583,1.555822620892118,1.5072061641423293,-0.35875949758835035,1.0385741925432317,0.4390223438083065,0.7643437983708198,0.9397412224957596,0.878123201710072,0.41900437397763407,0.33251921434874493,2.182014113011934,0.7268975966433872,0.7087740836114246,-7.726814601765554,0.9962098734531043,1.871860290200337,0.6903608230322125,0.5970707640697182,0.38608802040077217,0.07960150113244382
2025-06-24,0.5553232873292092,0.8960232460928986,1.1143730196777188,2.3548301502414106,0.1795461896177136,0.14440917365512604,0.144037871429881,0.6321448460059151,0.2666950164633908,0.07215446062032577,0.7138764709750428,0.8745555209949839,0.06023380755068609,0.15508251710467014,0.03463706739160239,-4.768056356691259,-1.7870617520004046,-0.0722143031633352,-0.20263791287339944,0.6484833808436019,0.6069632061085124,0.2828778227156615
2025-06-25,0.18442457256383651,-0.6115927488647815,-1.2844512903069982,-0.5841726951397148,0.13442898610534343,-0.6256217395079539,-0.29801047980735146,-0.30402169518256816,-0.7870515709904208,-0.6925300463663285,-0.21869681139598027,-0.2170742837549957,-3.103507796647783,0.0,-1.2419567065161665,-0.2438604169007761,-0.36434524303619586,-0.115217427384313,-0.667615495361159,-0.5628859129012473,-0.15291705415565912,-0.4145258249201712
2025-06-26,0.867245688726484,0.7427712874551458,0.8155094875060516,0.6284423833287499,-0.08959554004850892,0.3195377730711023,0.3117125026493871,0.8471568427148456,0.33045302758751943,0.24994608745484104,0.5694021770460588,0.5521389561393647,-0.12943500830991994,-0.15508251710467455,0.7350887142219106,0.3446455681532954,-0.14733100132463145,2.649018867733411,-0.03656495602960823,0.5876938744369574,0.5200682450806121,0.39548281174939387
2025-06-27,1.3197203010160834,0.3505688064298917,0.777460248293826,-0.5393495812175723,-0.044833446056833176,-0.40673967763474383,0.19471503697607206,-0.33020697898972,-0.3100247035235322,-0.19479969496571484,0.08131304725754444,0.2473511514953895,0.10390349229408774,-0.025866034179976825,0.6843623965524925,-0.5671726310863417,-1.9740308348494444,-0.2397174834995254,-0.1450332843847373,-0.07859169433559318,0.09774839663368949,0.22091475915458658
2025-06-30,0.457808826762911,0.3545752293966073,0.11012056876132023,0.18903149836839567,-0.04485355545176263,0.2751516181382473,0.16314268893306086,-0.14058394724835602,0.4264832168949375,0.26271644219663387,-0.19872133671424022,-0.19786289283883918,0.5196672006354849,-0.46681013584689784,0.5188704940525938,-0.3546572553054501,1.0689267780883582,-0.21717728495003916,-0.12240334988714513,0.17542085349375702,-0.16582275412494252,-0.33844169253894746
2025-07-01,-0.8189978748903352,-0.5297336015300445,-0.41996881883153137,-0.31097213549681785,0.40294850060744164,-0.6829601066108375,0.042520630797190026,0.0269994725553315,-0.37656407775105677,-0.6232781605582827,-0.19541398092181114,-0.43287851407857675,0.22983394157224127,-0.20816672881252338,0.3981855354226662,0.617986968652196,0.39097664904165447,-0.7188500062450396,-0.4973669356763563,0.0035477807734431484,-0.4008281063694919,0.18099492525990118
2025-07-02,0.2628114924718708,0.1751479078196005,0.018932782791792186,0.15640798412252205,0.17856222207376984,-0.48725372156461066,0.24336285935892232,-1.4328980197693928,-0.2954497742981999,-0.09021892395295784,-0.12007222119805462,-0.051851437149669166,-0.04335771670320342,0.4159077170697463,-1.1067389504120249,1.9433605497149251,0.27407336464136783,1.8229035133773945,-0.2771641663015756,-0.0974205875006603,-0.1693049432257876,-0.22126324165267464
2025-07-03,-0.3286203319581383,0.8714790190553308,0.03501251463404912,0.5386409700111645,-0.5815107226812244,-0.26120658594581236,-0.8011576144197166,-0.08158126149370425,-0.15168244898288516,0.14866586975020338,-0.40114951484373373,-0.3690932004629677,0.1975910681355233,0.12962515441684366,-0.9564571223092942,-0.4441289582696099,-0.5981908467402499,-0.9424148777101545,0.08643854146181529,0.03956885232344027,-0.6142313489537051,0.12498820292007985
2025-07-07,-0.5284013247253858,-0.07303131859792142,-0.034963425233373036,-0.7502536984218772,-0.08981895127160687,0.357854711242641,-0.9101745434753823,-0.49702909777811766,0.0771513482983365,0.33844561993358635,-0.2926976089905279,-0.11042793459862506,-0.18410280477758537,0.6959718838917366,-0.9704202302178101,2.3760500744909656,0.7497964321147503,-1.7355738552522846,-0.12726036177420189,-0.049335807069131765,-0.24355509431798408,-0.5183890514639731
2025-07-08,0.13235810504065298,0.905295122292989,1.9140771671019248,1.5822462864093223,-0.4051139817955421,0.8117760669646658,0.7885026102788828,0.4449829891559989,0.6737478913453854,0.8226640442067122,0.5942581450509274,0.7340570244887803,0.8143385509466562,-0.5925612657831716,0.1214129764871584,1.5857417830452403,-0.0897390957712007,9.035955097082033,0.9600936005251877,0.5834246444322616,0.750024661136695,0.25952641504576335
2025-07-09,-1.869208053532509,1.2517077648260002,1.6115137520515805,0.48830027302786944,-0.6334813554219774,1.171983323569223,0.3313706907752894,0.552711868978124,1.2257339403023355,0.9284528497919563,0.4812752191358588,0.6244985632644939,0.7323384604038392,-0.5181391992129588,0.8535181115708761,0.6148358043460458,1.0999547244620191,2.211071504294437,0.6538231066994622,0.5510003968991037,0.3746688100328662,0.9365080196486859
2025-07-10,1.7652355880128736,-0.22014246888931752,-0.5144833197235249,-0.2329356741955104,-0.2272234353345471,-0.5545223196043089,-0.7524908730630038,-0.3266991277024403,-0.4834144159376463,-0.6015503675871383,-0.6259651333247485,-0.31575253921007124,0.1241332248274422,0.3888625469244135,-0.9043169550205208,-2.5239002529173105,-0.2794397087125004,0.9454319709029615,-0.5017713219090117,-0.4424213122072601,-0.45369774073789626,-0.32306752296391983
2025-07-11,0.49048715158350065,-0.23315857061611212,-1.0186148697196173,-0.21197397736703238,0.36429847198768534,-0.3463977236974724,0.4216701953480872,-0.202008638670831,-0.489766514371747,-0.005855032281399613,-0.055459044085132865,-0.13248901205779992,0.13015425525522242,0.516133442975149,0.21469528388985615,2.608007579121431,1.0745887973634045,-0.7178161429313906,0.11901149547698382,-0.1366114528568824,0.02668279994384569,0.9961438542805451
2025-07-14,0.0,0.8766587704293786,0.6345862824402481,0.8309577984910042,-0.3642984719876738,0.6436063221500379,0.3285167568065236,0.1311462907680885,0.6582553750788764,0.7609570574887566,0.10415632993980421,-0.07266778625167214,1.3300982167030315,0.5646722489261262,0.7287610201781921,-1.4983635087825007,0.319810866855874,0.017309273968537563,0.6860123092680184,0.5203507382589702,0.05486444381095374,0.4241979429418238
2025-07-15,-0.016868150423792524,-0.09138039265789584,-0.8274607581341116,1.0584251573938745,-0.36563045964376795,-0.05637070914974879,-0.24978146274764246,-0.35261172991717055,-0.02474640192304797,0.0367398241120824,-0.13262085666610243,-0.19159738768134219,-1.1463032015175831,0.10233258504997725,-0.5790718236475179,-0.14034571297964715,-0.07957999716468886,0.4243402880392464,0.33685641038675895,0.20321434245319714,-0.14905047543518732,-0.1508521396596539
2025-07-16,-0.08441707507044471,0.9872669584326387,1.0949571535801224,1.1248750634356977,0.09151041439442757,0.9299889870286885,0.6909028443578608,0.4192647051080185,0.8112885449601301,0.9161635081055627,0.4512479037160225,0.38315440490168534,1.5927922396752385,0.0766725346249365,-0.11339999568432055,0.5604534014948324,1.15107684945423,0.27388614247577203,0.6535071705150349,0.14605586174388735,0.3937917981185453,0.24475468923062788
2025-07-17,0.6565192701629428,0.09924723807640588,-0.420185641843451,0.0600015267206506,0.045746420078195474,-0.542714317632488,-0.7108910538951452,-0.4566008168652661,-0.27001527989407303,-0.41097554037182565,-0.2513294840765711,-0.24196773040980143,-0.6221958940370251,0.4588375829615504,-0.7953536265210569,0.7709745012087225,-0.7284316649789293,-0.5986473613149611,-0.510841769567946,-0.2650302836166918,-0.380182947823957,-0.41965005105720904
2025-07-18,-0.23517819446175958,0.22292298040663908,0.1795975437980141,0.0723082610761732,0.22837362517116772,0.5719976236033932,0.6286276870374052,0.2007709252673482,0.48104559177101597,0.43335614116324006,0.4143001910156767,0.38154773286765514,0.5076562252178409,-0.30565548438778056,1.1813752148880534,-0.006283696181203794,0.55592821587493,1.7785383547976104,0.2961734361400872,0.12070906409403327,0.4559469072208319,-0.09741419895317847
2025-07-22,0.050442506674070874,-0.6766003901096942,-0.09936100573979924,-0.6302107432974448,0.2733481972216558,-0.4063052568090769,0.2458593642538482,0.05869921349543829,-0.4520321536564338,-0.5168522514213671,-0.019670272465958667,-0.15486392793557352,1.0108305253436325,0.33108082671457195,0.4180026806471707,-1.0089235137884325,0.2530994058544254,0.899124197696183,-0.6909189102763427,-0.14260585605779633,-0.14424235457672852,-0.448999478620179
2025-07-23,3.0949913849479547,0.4229435574005563,1.5814461710032055,0.5822475910997075,-0.6389786568654122,-0.7827308139586101,-0.7006051433925665,-0.5880302427913772,-0.5803203563113464,-0.37451781926943856,-0.14438550181973475,-0.0649230668576247,-0.2284669907172302,-0.07630199419546799,-1.4675395622139085,-0.5171482737265455,-1.6720774438572998,1.2518069612419547,-0.4242056976930919,-0.04468466200975067,-0.18172426856826635,-0.020792300928558202
2025-07-24,1.7768169321911054,-0.26437103877215246,-1.3968859627168293,-0.8396991358750496,-0.045797948561298395,-0.44550750265527733,0.0929541049278222,0.32018885108079675,-0.44465794411672954,-0.4217290335935743,-0.24471982403772005,0.2546732484825197,-0.6457398274387494,0.1525523683783389,0.31214673145836447,0.772754043314017,-0.9111852893871447,-0.10376102953042916,-0.2974782565014539,-0.0011601015912595968,0.1168244449298477,0.41493994740182333
2025-07-25,-0.9006109614073285,0.8687900198591172,0.6630357972230736,0.14472203875520814,0.27445102471363114,0.6797457978772151,0.19582497246453606,-0.18392433915530826,0.7689067871391445,0.5093804832432403,-0.09019686348352797,-0.0992795642826513,0.458132115402601,0.25374446248387317,-0.22427849930032104,-1.1958252065922705,-0.4820579976639648,-0.4692943462187687,0.4472459514038773,0.29266250820183753,-0.05688146620718474,0.36269336647532774
2025-07-28,-0.6483017295849309,0.523015485759379,-1.2687108234355289,-0.1206201802531241,0.27373362389000344,0.3262348688582611,-0.5763838609712084,-0.10658086691261698,0.3460734580125037,0.49842662692384154,0.18709034548061343,0.05243770814739292,-1.0673642474684086,0.5307728690075577,-0.6798559167000363,3.6006018534964075,-0.10133107947667713,-2.425322461172346,0.5481352272811493,0.5534167726120363,0.02064391584382772,0.17004535612064223
2025-07-29,-0.7507822698240619,0.1854622699039286,0.3074354557785992,0.49022265087611727,-0.04555712808564216,1.1032743025382719,-0.36142557298565653,0.11824053693281408,1.1093210844137689,0.5116944787893936,-0.11939573582542883,-0.01951906383639422,2.043248908239514,0.4778149544221128,-0.3706370630929918,3.800836107240541,0.7242188793337951,1.0513621125774089,0.44955751160298313,-0.919813186977269,-0.13602711877177315,-0.3052531289026894
2025-07-30,0.3597741761895876,-0.15095022426749935,-1.1169789544169,-0.7593273553883171,0.13664290888371855,-0.37233288578362933,-0.3106871556358464,0.10244534808753376,-0.40008121500085486,-0.23631502815129454,-0.14167499176660878,-0.1280795281301829,-1.4525648366861175,1.3208818820901205,-0.20675330134603834,1.5170086734160786,-1.76736665035881,-21.485789877440663,-0.024924180515346613,-0.4219644689000368,-0.07514598123519176,-0.15401450890915508
2025-07-31,0.8128799787502133,0.15092877648774186,-0.5905628489313389,-0.048185599206510964,-0.1822208009483911,0.6110884093664531,0.014064084708234566,0.10625445916832464,0.5542477759920912,0.5889595252474276,-0.14756699169055754,-0.1551241531452056,-0.8879196088129985,-0.22307493360375275,-0.2915904589853204,-1.278685762091065,1.1891021039418872,-2.3105605959666415,0.5267602811167783,-0.532770104601994,-0.1974646192756199,-0.4946448068265546
2025-08-01,0.29102543637464523,-0.6219267329333813,0.5138093776184594,0.2865758214711508,-0.04562122024825957,2.1753928838068792,1.482675592521947,0.8463273632585125,1.9138950590596775,1.0356888963907158,0.5447840756558705,0.4151981585433805,0.7835757538240876,0.5691020753915444,0.40558546233689174,-1.6819886962392154,3.0403259402507885,1.4668879793189382,1.0306861575935344,0.9820356569025721,0.6695879926516654,0.757052684055748
2025-08-04,-1.2018988256001335,-0.792016002453496,-1.151205263639579,-1.2685600342001149,0.36429847198768534,-2.1647790544804932,-1.421089299953862,-1.5205557777808547,-2.127398548532579,-1.963530007375711,-1.3811149873487867,-1.4955340787875764,-1.282360597876946,0.24642849970478264,0.05309598430042833,-4.05875571023313,-1.719922533974877,-1.7579629549355844,-2.3005565133716424,-0.8853259262728501,-1.6969933742031842,-1.6792317448352123
2025-08-05,0.9432496155947336,-0.8822613753191362,-0.268935666077887,-0.08691943550362125,0.0,-0.44709341645387596,-0.31831920446095363,-0.26322327172850274,-0.30115747556769257,-0.4238595637588278,-0.28868357573479075,-0.29240504613042795,0.08140117693425603,0.491036318206296,-0.10968869938121587,-1.8164762119854079,-0.29360236292814584,-2.2309422130287286,-0.37397917277775117,-0.39326115021904556,-0.31357545442484663,-0.2931545013009013
2025-08-06,0.8702750958301211,1.2842001766416917,0.9924010501528289,0.9909623706637991,-0.04547603419513069,0.4480168533643773,0.6114744886222468,0.3339468131357304,0.4938620571008976,0.6208586618247277,0.4441863382716206,0.5884429552904573,-0.25759452924731174,0.7320597905258592,2.0151049860009485,-1.132003637609145,0.3088070318734657,1.435727790398577,0.5211430052990808,0.4775799991003229,0.5354977853778272,0.4933525590608067
2025-08-07,0.6078998168207633,-0.3328239172415382,0.8032854418975398,0.5830388505457028,0.2724792739755487,-0.3222131699641367,-0.31729237304309715,0.16669682719697584,-0.349204245208253,-0.34874083743510254,0.2832470811797721,0.3505687708769981,0.04093488045240092,-0.9527281176484887,-0.1827835555251831,-0.7517132157336399,0.5912334871076447,-0.1762168112438819,-0.24902518090947068,0.47065216690093176,0.19193563407355427,0.1736678448742618
2025-08-08,1.1733132990340798,0.5345775297560622,0.08041371254434336,-0.3230143933376747,-0.18155910342253648,-0.4725411484944924,0.11689315461494384,-0.04960125844138801,-0.5615247396242254,-0.22966377773341604,0.26103630531260247,0.4879154663792123,-1.0696207010226102,0.44561141532012716,0.7031370921528591,-0.40571407162587664,-0.2645042969689841,0.8076428993300897,-0.24214381134332022,-0.12007652184135127,0.45621385733443165,0.15145554708122952
2025-08-12,1.3776074372797564,1.3706887815155566,1.3294247345053052,1.5214043842206502,-0.36412138809728734,0.2907217502085433,-0.18158138982112387,-0.15357899607500342,0.4029242111137395,0.5358398693456637,0.17671031294742928,0.3782653926998932,0.8752665048172825,0.9578866324343901,-0.659399789846674,-0.8467460376858212,0.22092009432315374,1.6390778617781816,0.3117079446060588,0.051150893987486644,0.25158511115498583,0.2615128850172632
2025-08-13,0.9285097326374274,0.09365455103485477,0.4798585359796552,0.9471556884653503,0.0,0.10771952805847297,0.5602836202929656,0.4439437273476027,0.2793544145404071,0.012769688433316806,0.5656574061984362,0.39302460710173814,0.6805034900497622,-0.514641306950953,0.13699832256854294,-0.9220301597581949,0.056390208610813106,-0.640857003826295,-0.248074129433956,0.2634906927683581,0.2664874559094954,-0.015546550642367906
2025-08-14,-1.1464110117589343,-0.4234214243008385,-0.2420538108140718,-1.6680389424278537,0.2732012175442917,-0.7570633841093583,-0.33798581978465975,-0.11074335877077031,-0.7779675931691584,-0.6935661666982036,0.12676324030403485,0.16826095690492504,-1.1479739808182063,-0.07374943737982612,0.3901449331596297,1.3183467515927032,-1.0686105124287777,-0.28971550359081827,-0.4327223488309235,-0.1270183175621199,0.16826095690492504,-0.0943670568489829
2025-08-15,1.5767882957580046,0.15297245857445163,0.6537173134204248,0.5075788908901872,-0.3644532027169468,0.18804129842765838,-0.13409795790806442,-0.39973338758372245,0.259861602693621,0.4619861014213531,-0.28400881822515406,-0.03909493830156154,0.9577390185086342,0.22106027024909047,-0.2676754077607778,-0.8955699312843383,0.44593141865485186,0.13696526776726642,0.38736674010001715,-0.14178403884494156,-0.018012241882937416,-0.4440150799741942
2025-08-18,0.4285253732340755,-0.3112909031540202,-0.4796977337672472,0.2894932365638638,-0.09134661856703163,-0.38408611775311713,-0.1266678464303074,-0.5064283815808265,-0.4719355058166747,-0.36414623149208963,-0.04770191085660768,-0.1503357612894593,-1.1406765103820005,0.24503059270147795,-0.13467289404233312,0.21742100471768916,-0.44577562911018764,-0.5764708381364683,-0.289526870170751,0.18472265189692902,-0.09763101381619957,-0.07506187269532469
2025-08-19,-0.030546501775732142,-0.10223645202163582,0.6572565307053161,-0.37783672488838554,-0.22865307615234934,0.693714177611245,0.35833516785239417,0.1388195012053061,0.5968480775588826,0.41687467487257396,0.14583308128004946,0.050696684993652055,2.1479524981081117,1.11950603097574,-0.07922545834932987,-0.7543702758034623,-0.10707109823299109,-0.5328025241655977,0.4417601738869523,0.1136319275351702,0.08761941646818366,0.1875531155500559
2025-08-20,-0.5514768691449341,-0.39120932332730357,0.41788907252748586,-0.2657472592819957,0.045765674891765744,0.021512104424401168,0.13974023989430717,0.22626604643877107,-0.07958312580593468,-0.16245711310735228,-0.20937979248962799,-0.4689619073745451,0.16191360691318346,0.5791492699915612,0.7035891483494454,1.5481784889347034,0.8819813042051646,0.20076306299053734,-0.12514761235724103,-0.3430316037452645,-0.284186470285869,-0.7470911089618869
2025-08-21,-0.5545273230199085,-0.681938383155822,-0.8863276527079151,-0.5013105370644073,-0.1373938804439009,-0.5735117733011371,-0.728213014568113,-0.7756794002966156,-0.663361916675837,-0.4668182126556755,-0.6271297220917447,-0.5287702717181478,-0.5780804169571994,-0.5549386019457323,-0.6925115808996918,0.5463237002012322,-0.6275531391258233,0.11693948543158533,-0.2799602228442068,-0.20020501407606292,-0.4441802765240488,-0.5669030484796613
2025-08-22,0.43156364697083327,2.2463445789554104,2.3187699710648624,2.6970852693161897,-0.22941012571255867,1.277285480033581,0.6837508027579202,0.5750073126619908,1.5058191057617372,1.5295476340573049,0.5538241534318387,0.6244131643210943,2.639065712758506,0.09672234134771329,1.3878709890882999,1.4079804906054814,1.7873047144735212,0.7223528161981763,0.7223528161981763,0.38725052026396994,0.3708747078641474,0.5553640317063194
2025-08-26,-0.9256524764573896,0.8292847037173944,0.25946968404236115,0.1529045444729334,-0.045976139807353704,0.6726983010150678,-0.30599740303484174,-0.4199364615466109,0.48424318015048,0.6342988402315682,-0.15513707719147335,-0.3248069911816487,0.149284100803408,-0.5812470225105915,-1.5088665959200511,-1.8583051515122513,1.1350616496067434,0.6624211572492674,0.411481094842459,-0.40284382929566437,-0.01809909693976263,0.35449080139996014
2025-08-27,-0.18615851772787415,-0.016228369702936448,-0.523116077123536,-0.8431183364942239,0.0919311512740074,-0.056172504623468164,-0.22563253149368093,-0.04588074729320145,-0.20746873911032998,-0.12029138195299605,-0.08805162748129351,-0.10315937543721075,0.3777815874061607,1.1831600795824855,-0.367674863941161,0.6033405033381148,-0.04216418123053425,-1.2152405964133892,-0.243833580065522,-0.0355404444749744,-0.07143094847945272,-0.02610075903351098
2025-08-28,0.7117423928835153,0.25445104432952487,0.1421682322161242,0.2808915003918625,0.13778381789234986,0.12981365666504427,0.28518775571807087,0.3574195820892663,0.05531063113212065,-0.04964294560324571,0.1519699743011103,0.07035601056215621,-0.36032901689963026,-0.1200906647710898,-0.8480623523376495,0.6480000216027295,0.6400999286344022,0.872341709886215,-0.09906530646164287,-0.01864645006826529,0.10210311489522596,0.14919300811312736
2025-08-29,-0.4636028290086135,-0.9558540258736247,-0.8025625692171073,-0.8378790228877467,-0.04590306707299568,-0.440867854571416,-0.19572958977193936,-0.48021921395609213,-0.7213187939620235,-0.5430495572941808,-0.4179722219397972,-0.4180044854522809,0.18583028087829778,-0.33702313244056964,-0.2922133291838208,-0.8907475820245314,0.6026686605139836,0.35582495311155304,-0.35769522530071485,-0.06646014244132514,-0.3015753238806513,-0.03649164282838314
2025-09-02,0.6825939777175671,-0.5437039242472479,-1.1981730108036484,0.11982835298601117,0.04583994125493753,-0.0987648759147949,0.8331497695100399,-0.0408977589525292,-0.13500127133179454,0.09194634761716894,0.03469852208594322,0.07433854116020445,-1.4725358873696848,-0.33508715139456424,-2.0082803365422763,2.7332147922106356,2.536830393512876,1.471744923438259,-0.00883842824689654,0.20854931807650834,0.3181772441301345,0.19409556637660735
2025-09-03,-1.1506894325890866,1.5309325752100031,1.4029721420509205,1.371073562822012,-0.04583994125494337,1.3351832967905175,-0.21013648450575217,0.27841616896970345,1.5847462301006838,1.2636998980503078,0.032684063165112485,-0.09624705931773987,1.0455524485481322,-1.1332314324767365,0.015337495224625696,-1.5560483787520554,1.7705797969308996,0.5330899329614552,0.9904316620180249,0.2891671574130902,-0.2341397346835327,0.4005004318462623
2025-09-04,1.1816042502826756,0.44916212549955103,0.20694384204402178,-0.7035519369118324,0.0916701982457666,0.06438643348276335,-0.08317147932459613,0.2555976879322886,0.2982349563735982,-0.11055300981201548,0.226023893703308,0.2313365697896052,0.36332204333505874,-0.5592753553504068,0.022546205847765923,-1.255538803823579,-0.8259740389232455,-1.3753212396778227,-0.3831065651876994,-0.15635927815924924,0.05129849570789291,0.021690554660052954
2025-09-05,0.7084615299609732,-0.02347389564140264,0.7513914417977495,1.4630044916142193,-0.09167019824577477,0.7533875250168844,0.8192011306400109,0.8468210795506849,0.9163448129359786,0.31606890733271104,0.561096703382611,0.41405858101890164,1.386703356716943,-0.24413326753948728,1.8470198426231537,-1.845080206913207,1.5923420311288219,-0.23324511930195654,0.26657523043085624,0.23559866892296702,0.28716876627729865,-0.07954453315137297
2025-09-08,0.916594694688447,0.22446689900023262,0.6893066247163191,0.8867615567542125,0.04583994125493753,0.2886088617670102,0.5704935511996685,0.7479014909762983,0.3293011855781094,-0.020899140331518587,0.40499209624503496,0.3745314694009765,-0.6066019103013283,0.3659923165220872,0.45602038118907645,0.5420235616005902,1.1114719962240747,0.30070253269272357,-0.020899140331518587,0.46263644160498446,0.3428298603561925,0.47836101278218707
2025-09-09,-0.15218227245312874,-0.43189396410842706,-0.8398797756688852,-0.11433647125307024,-0.1375829109738881,-0.9000261369671504,-0.6219823059021126,-0.3737815689879255,-0.8422631323340263,-0.7741607179421409,-0.25936841582829606,-0.317202101594955,-0.8914868606576241,0.4374163063678102,-0.4391345737385831,-0.18477263292328586,-0.8900641357556716,-0.30669527541843955,-0.6628155748339631,-0.1877979723291156,-0.22207571145936908,-0.008231494101259737
2025-09-10,0.3648536542042474,0.3076621504990598,-0.24723676341347647,0.7004053510604636,0.1375829109739,0.28710333893344764,-0.3035617784618971,-0.2884835377240942,0.3148957582886344,0.09323587676069216,-0.13797419276603556,-0.3289325624111007,-0.14468712628647326,0.0,-0.8285069518345008,1.8016248318091062,0.3775755903346777,0.7274705306939813,0.018998682521803496,-0.5486915775622883,-0.21253916718405766,-0.18119375470814586
2025-09-11,0.2727674174750767,0.7868711458538846,1.032473781152975,1.4039811970427454,-0.04583994125494337,0.11362937259936004,0.04052064287477462,0.3378647556429797,0.4237821669466278,0.20636893954182742,0.07625437589069402,0.317186901061777,1.766587366312692,0.3389057724078727,-0.24040634264636046,-2.3561642622181624,-0.18996370322298162,1.6046905464287802,-0.04071440372779191,-0.024932965136480825,0.05969700903459023,0.48620837021707847
2025-09-12,0.3625388699578099,-0.10680051269937978,-0.41296990702398007,-0.13072609233630875,-0.09174296971894416,-0.3616299476608904,-0.11483214120730671,-0.19929939489685936,-0.2517176372001778,-0.1720859624644441,0.0734784656451534,0.35005196426882446,-0.5355691501773359,1.2249522232431551,0.5545689200247951,0.35042320682050926,0.12363128829895362,-0.7701948203436323,-0.07333187163987895,0.18829437949024755,0.2309202243685982,0.6276468257928525
2025-09-16,0.24096444152399127,-0.3146817201091233,-0.4901004007654617,0.5612460793341529,0.27497679141778597,-0.11517535762335022,0.5319923933797224,0.18670431871757762,-0.26594883121611923,-0.2508446992380396,0.14527847701489785,0.11092722775392515,-0.7071286366594034,0.45254707782877773,-0.955721754346288,1.7444253182741631,0.023532362675678386,-0.452864828973344,-0.17690769729307756,0.1448555091097987,0.18670431871757762,0.19132110761070367
2025-09-17,-0.6640506786887731,-0.7995764705497818,-1.0649666314211708,-0.24247525273533724,-0.22909478559307445,-0.8915286130462027,-0.15719271759163958,-0.1235963565676669,-0.8535739865186652,-0.773878025510151,-0.25927769129775663,-0.24656995510449284,-0.805530763988738,-0.35711104331111354,-0.013866457498894001,-1.6046241865117716,-1.4497622725442294,-2.522964017333531,-0.6752535154107702,0.23272568886052555,-0.3007035330004433,-0.4340460472887454
2025-09-18,0.5436410377368087,0.7921119428227023,0.72821265100428,0.08157486927953267,0.1833291107013026,-0.004535397662893751,0.13234765937667586,-0.02564011859276098,0.12050207851461556,0.5477561002564665,0.1514670578400196,0.37847780640531964,0.5429876301123073,-0.023851994890016926,0.06550135802676213,-0.04823006085395695,-0.07548540836489932,0.04406164260724493,0.3259502132820549,-0.052954465140684574,0.1514670578400196,-0.22387220758006812
2025-09-19,-0.6042326264800155,1.2103927767448253,0.24858266250325248,0.49020524215219646,-0.3210383312646854,0.674943916921803,0.14926211148419177,-0.20739329772036072,0.6357864684962252,0.7532682263779268,0.11516307507535796,0.2487317031519895,0.06379790187697695,-0.5022106028019272,0.3354914224607905,-0.8625530248977278,1.771464971687181,1.5596214605410263,0.7163284419898762,0.41593343326626653,0.17317582911461704,0.1952775602719943
2025-09-22,0.664459314835945,0.5719717486830415,0.5161495173416724,0.5892543720876943,0.22941012571255143,-0.06571892201373725,-0.5536724577054463,-0.5775861753358752,-0.12397797534983153,0.17377132998960793,-0.5692891062593289,-0.7719906165083141,0.12179614389193366,0.07190509523450986,-1.103679799916153,0.004725305821877411,1.8158204742084745,0.23984579937911735,0.09998243744014147,-0.35607851116510403,-0.5775861753358752,-0.3376291971696756
2025-09-24,0.15039700196903655,-0.39450934176787306,-0.7328303839630306,-0.41412292683729546,0.0,-0.3449435663631021,0.05611647483174032,0.16183417227383662,-0.47950291830140424,-0.21131771636258806,0.01763028991718949,-0.058730377716402916,-1.0643110448382267,-0.1198664800101444,-0.05378214674353966,1.6938741096997774,-0.9862818727619018,3.628281832136261,-0.07584497238642358,0.030402845814514065,-0.015532168665932707,-0.12211917961768501
2025-09-25,0.47976196180757913,0.30556434136348487,-0.1872651768952663,0.182683406346899,0.04583025699081897,0.5500465999381121,0.35592135240249095,-0.36326282001811877,0.5880682861010724,0.4841593193977762,0.0719481148820023,0.00825773957014379,0.46886234063124355,0.35915094085424193,-0.5024530389827612,1.5503511844219624,1.1836324354333525,0.12619110785202062,0.7679785864445682,0.17989987531572327,0.24618202958153348,0.5948054517503423
2025-09-26,0.05980500977857412,1.3146925207644233,1.7873565761265162,0.5538950044525411,0.18305478303391665,0.6915075873436782,-0.24380886757809994,-0.022686934097380144,0.8784070959789435,0.9409614662922459,0.01655209830656709,0.026952491204673364,1.72604933183825,0.31021199511113606,0.23130133919256404,0.7823901875453967,1.3190007337228522,0.26789096911273746,0.7434332617012857,0.04406448191180854,-0.12451935780982848,-0.018372353608192803
2025-09-29,-0.8104461460797969,-0.024081828667975345,0.011385810832820378,0.6017775282426733,-0.045746420078196,-0.014169712475409817,0.6031271003364922,0.6123591070301612,0.027416999488860123,-0.1322139554309109,0.3805577029336617,0.29624970819251717,-0.271776115846855,-1.367406607439259,1.1962975539619776,-3.510610006665015,1.3314508863273091,2.7796465343846175,-0.30474161356589885,0.062352200297294255,0.23140337155648846,-0.07046773521623464
2025-09-30,-0.09045886243026253,-0.16765729929901965,0.1984715666677331,-0.14958217880230343,-0.04574473950264479,-0.5850813009544118,-0.47684111343533964,-0.41011253524010316,-0.6422656911266716,-0.5805718723589537,-0.3174721990897918,-0.46376810585260003,-0.13808924073645626,0.4097851486191891,0.40482479907241237,-1.6761644264000373,0.3067505924875081,-1.5056512215767526,-0.5436238613378147,-0.3230304212451704,-0.33403335481942403,-0.13494975556474875
2025-10-01,-1.061424082804091,-0.06307497650429875,0.7430335427483846,0.38018102105643925,-0.1832338216988495,-0.06691898227450971,-0.6216273457059585,-0.27364506351266665,-0.0024807518611197044,-0.21656963491848957,-0.33317235927088795,-0.2740209015657702,-0.2502276387188045,-0.36148788233098933,-0.7279460146389762,-1.2338120528297474,-0.24583970796284732,0.0954999174016217,-0.40325296846271613,-0.37069335542276177,-0.3497242439333527,0.08078738134088585
2025-10-02,-0.3665252640229513,-0.5043798255535256,-0.3843874878893656,-0.15606216426966552,0.04583994125493753,-0.5159089822874221,-0.00835126074972803,-0.3976359849334614,-0.4581978826077539,-0.6565679114804571,-0.15672092331191673,-0.1417672398075194,-1.1451185747398194,0.07240219084097903,-0.5555592213852304,-2.8313617958944435,-0.9683864517012022,0.7312076090837366,-0.6194960210975936,-0.6330755011152589,-0.3469263344072156,-0.5545351743571332
2025-10-03,1.337408582245523,0.044071698427745123,0.5878793236658881,0.34102272349180557,-0.18348597804689096,-0.15133708402818347,-0.25909961260069003,-0.04990411914689368,-0.07989173390190181,-0.06572525272265078,-0.20195599180397045,-0.32068055243688787,0.4181402778841304,-0.19319529725722195,-0.14500956194770767,0.28288790389706464,0.8456276135810527,2.5020345096049215,0.04554305398580575,-0.027811102397786606,-0.20195599180397045,-0.22226927839735836
2025-10-06,3.0918026032700183,2.013252191971957,1.3474868542402356,2.1152138771361804,-0.13783576228600486,1.3644013781563287,1.1919480094581587,1.2248870100627598,1.3320344446315004,1.6800160381254414,1.5008978038324028,1.4897950499072121,0.7101153210694366,1.8678731490807847,0.8118406120660643,3.259963149975731,3.522311496557929,1.0467853369158628,1.6552757253436794,1.5431322742617664,1.5546203708964763,1.5942671350710893
2025-10-07,0.05853463137788267,0.11199851896079743,-0.2715708041478273,-0.2904765308779804,-0.18407705047198183,0.7327824022441325,0.7976286956073197,0.8899793150375805,0.6721063269423823,0.37206501679421106,0.852186154891821,0.5723676221577301,0.11837172199362044,-0.5948827139990414,0.38550491521554725,0.9352606873413633,0.9980494808579604,1.028041264707202,0.4834296970552463,0.46917925632106994,0.8645812493583569,0.8349620072409832
2025-10-08,0.1753840634101803,1.732172438806702,1.719876432379563,1.9299133667729569,0.23003206193864,1.1583976438797172,0.6748216013889299,0.7921670323506683,1.0119068854293398,0.9889675494156926,0.7809222334985717,0.5459534446450162,0.6153895816980852,-0.3107432477805181,0.47298375358751954,1.5874560071893589,2.773292745639302,1.3929117131405544,1.1376469741777124,0.6573649219923674,0.665253139747682,0.5874512346146834
2025-10-09,0.8723574502250672,0.12270436608164154,-0.6551239556733438,-0.6202131598380182,-0.9697475284181405,0.3401801888884788,0.4124645857001435,0.11197333374546352,0.21488511545904354,0.12723067194896595,0.11553770555617822,0.025258078465153128,-0.13457132419392237,-0.07184119568914792,0.5717484862502625,-0.9840734023087948,-1.4497003014348369,1.3327365137831835,0.4128222738927853,0.20126496742202907,0.2642852920276627,0.48062380185405573
2025-10-10,-1.9883734349059556,-2.553489933242115,-0.9687173723999444,-3.5732763854071155,1.2461560873267985,0.8075343797953204,0.11131707312813027,0.04649414273715862,0.4652754149119374,-0.3996419802526241,-0.42868775528895126,-0.8957618680037259,-1.0987562406392168,-0.31194238006600467,0.390091223874016,-4.211682352264439,1.1911992066496746,-4.334779159672343,0.1864933206541898,-0.3486681329925502,-0.5361463588176593,-0.17223613842574167
2025-10-14,-1.6977339774315596,0.12604875722044356,0.6363460523941834,-0.6538014476177638,-0.32236357037531205,0.5057897883130215,0.839309091711771,0.7261831933630183,0.5788938209125385,0.36011547255795556,0.42060772188070117,0.2662065431903101,1.2691043648350335,-0.385268314288859,1.6747407800527212,-1.5897860674531854,0.9598692354449532,-2.122097624958362,0.24828806779654705,-0.058400639204480555,0.22266033847813277,0.4503730244707467
2025-10-15,1.4907841353585611,-0.019281418032274303,-0.23761287575935225,1.1668457360880002,0.27637682484761616,-0.5754705940461888,-0.5892707540986649,-0.19574022994631296,-0.46225184471091424,-0.1399598412944072,-0.3244697595175879,0.03930439693474064,0.9782217789038129,0.721153295388491,-0.9007452403544626,-0.4767487450701156,1.2561392384533363,-0.8194550499096396,-0.46225184471091424,-0.15268621831877946,-0.5467037443639385,-0.7676618186555146
2025-10-16,0.5607244836108342,-1.1835127086071402,0.1954860658649749,0.1478014580599526,-0.1841587523945963,-0.03778192312736759,0.11118813513433527,0.395552073724728,-0.21510496806045454,-0.8597277114889547,0.08776180940789215,-0.17191894071189337,-0.8528263701623231,0.6922181221325083,1.095901731297053,-2.225349948491232,1.8116380586068088,-0.17537816052248445,-0.5001604583363574,-0.12675870706586956,0.12065157228095154,-0.25719985882742513
2025-10-17,-0.9759060697034749,-0.00124389818382571,-0.5425042356559188,-0.5857234753121756,0.36797898364916426,-0.7314332006861627,-0.15897689252760103,-0.4831442513603336,-0.7631474132357753,-0.30677311852457584,-0.3735066371413933,-0.3560136113354938,0.0819832702013095,-0.21432238206518253,-0.8051230776529463,-0.3168735392631032,-2.4669037616866745,-0.6321422002436011,-0.5672688349675487,-0.10755209250237578,-0.25829096955408115,-0.9532250702603681
2025-10-20,2.1461966983195175,1.5529170753387918,0.9504695632188743,1.874814767041841,-0.41408306741321205,0.651636345715073,0.13132389892567614,0.6177476993342638,0.8208053715748755,0.716243536691401,0.5160418028499787,0.69327634651187,1.5222757422351143,0.6652523516172006,0.5721916498677261,0.29733918892121064,4.093745833502855,1.8397720232699495,0.5182383585625591,0.15588939986167985,0.36793637238960186,0.8167363447493273
2025-10-21,0.20339472355966778,-0.08502276374111777,-0.6767858260130241,-1.200438303952458,0.41408306741321005,0.10085514064986957,-0.19360894917126473,0.11245967350774065,-0.06576636855446999,-0.23199558049424948,-0.17870162614026852,-0.1929214068693855,-0.366256255216049,0.02366482632065389,0.8338910390837416,0.5630495659025004,-6.726240684979912,-2.3177111515690227,-0.08352846469821242,-0.19803522974730386,-0.2362310744536712,0.13648872551104463
2025-10-22,0.3187970738102947,0.21817506641798845,0.7766029690702041,0.6473144760825261,0.0,0.7599304911816349,0.5808812574292948,0.835924707569235,0.837102518686586,0.640331350195024,0.3813746839845472,0.5146316561210429,1.1632287767024867,0.8017039983021134,1.0335789917450091,4.137888254737024,0.7500370597021682,2.1375962317540322,0.7394320272200746,0.36332988872888655,0.43890413229796266,0.3667939844782198
2025-10-23,-0.34782711490578955,0.6313989802043767,0.6208635900168218,0.9208889738278301,-0.13783348572687462,-0.28786505774858445,0.12760303367078843,-0.056663440762792915,-0.0841770940673192,0.2629983167291882,-0.03199835316778996,-0.056663440762792915,-0.024926121691156627,0.632107306907824,0.08005477317478525,3.737068986572467,0.4395818223276347,1.4508784848862188,0.04014479700466768,0.11117807174914926,-0.056663440762792915,-0.01724095774849711
2025-10-27,2.2111478597873355,1.4731921934133714,0.7911862435035971,1.4013286868462822,0.1837357953398309,0.30033073307329666,0.4256261722568828,0.7532551475595339,0.46875192947434746,0.5466885818700428,0.5060072244435534,1.0863880036568172,0.5812342728489857,0.2563673083129602,-0.28054396875087945,0.21831082780230426,-2.523108873772286,1.2768685518980036,0.30033073307329666,0.4148388170282998,0.26272112273906273,0.5877222438093019
2025-10-28,-1.1425453470090547,0.023875932797676993,-0.4987768412428661,-0.2772859273128743,-0.04590230961296375,-0.14910685070351173,0.47537534764940825,-0.12871985916698525,-0.23251418307079366,-0.33983000293498206,-0.16980433171733647,-0.15789559991022187,-2.2244473625288532,-0.5602048064824046,-0.12238645476751739,-2.6357905457420934,-0.9605565424185268,0.04036132604400864,-0.2413735713693027,-0.07080442105766702,-0.10401831833820804,0.14189756878032553
2025-10-29,-0.3165038970043046,-0.5833428895182383,-1.1728280710397014,-0.05839396227580024,0.09178355867257845,-1.2790785442550616,-0.727975307698929,-0.9501945178816091,-1.1997643249870094,-0.9397205583711697,-1.0243249667662926,-1.1738312306424243,-3.2402009818354403,-0.6811620305182372,-1.3834074305980595,-0.05868710716396095,-1.0108052937596126,0.022953477292351483,-0.6313594664577392,-0.5834733856576384,-1.0983320000661312,-0.23294241999851456
2025-10-30,0.8322617992349598,-0.4548892969339983,0.18099971480793725,-0.38992224665216824,0.045860207823070445,0.5064895860792951,-0.2220624135356792,-0.10656309983529541,0.11521432280687281,0.46553401471226924,-0.08181105269516298,-0.1126798339609193,1.1242985284169553,0.7045614299367714,-0.3336829856494631,0.525571788858581,2.5961515526445265,-1.3249142021921338,0.6510041318951257,0.1880958409710654,0.016872841520435965,0.5280919475729248
2025-10-31,0.8820692508807904,1.0958578792297218,0.32104790583462417,0.5335683092453578,0.09166865175223515,0.8096848709568352,0.3097049330354511,0.6209481276336551,0.3646199222114693,0.7683725193114413,0.5057406462282938,0.5731006973420485,1.0266131111230672,-0.2108399026560044,-0.4588905254922259,1.9467302225868701,0.22383754272387882,0.6415927624351715,0.7683725193114413,0.5060549024592339,0.49751218627789895,0.5064856475104992
2025-11-04,-0.625177312863696,-1.1866167532830476,-1.0726884983597933,-1.8440661259939515,-0.36714590397474167,0.13011376026507768,0.4337321438323139,0.18402831794183136,0.14144890080406947,0.01831909228703446,0.09330195720603945,-0.01075829920542722,0.17413546289634604,0.6778007651244007,0.7623273658905724,-1.1139697660037537,-1.7614153095336018,-2.4210823982228002,0.005828440883317137,-0.07035020814680124,0.010864155425057871,-0.11003997196920247
2025-11-05,-1.2044942313445353,-0.07450032402135552,0.40829300374710675,0.4724923024714299,0.3213164380992777,-0.8976884375944365,-1.523119061797233,-1.6987399718302414,-0.7190613804163627,-0.3206996909052516,-1.3602013854319461,-1.291698436200967,-0.3308049478343645,0.44160218120487293,-1.7715071540389675,-1.6795611267060295,0.7293524297151537,0.7194379772599686,-0.420448896909639,-0.713037966428805,-1.3025059628610198,-1.231553639949547
2025-11-06,1.2329947224245554,-0.7432621470057394,-0.14085543122511596,-0.41115127914719707,0.09161538294328025,0.8437390827636287,0.6915474469159383,0.9303080173060082,0.8596916475223692,0.3728578218397953,0.5505426519933931,0.5186389314949246,-0.1473423059585347,-0.1624687441448046,0.9026888045870308,0.12405869978789928,0.21533844982048947,0.1734166718844491,0.33546252747789507,0.435663915186449,0.583527345892058,0.7084494655350282
2025-11-07,-0.39977642490799137,-0.6344532920474224,-0.24402083742971237,-1.0257285286857245,-0.5049264696356449,-0.6914708880208593,-0.22410790858600915,-0.3320523173031305,-0.9313768118295681,-0.6456807721092502,-0.14220928869413968,-0.22208275702920735,0.8084014425790921,-1.0038672602108283,-0.05969015643381585,-0.19815992147554107,-0.1228145543566394,-1.2531780632998637,-0.7328521823341206,-0.2781541938830366,-0.05969015643381585,-1.1290825099731625
2025-11-10,0.6275025534823852,2.1149395025285287,1.7473476695623134,2.311103263329045,-0.18425493309325242,0.43199905984264,0.4088692309787265,0.6974598539740172,0.6207517669443616,0.9021092669620614,0.7220427521698621,0.8980955853548314,0.5111275963395987,1.324293773912832,0.14151640455289824,1.1542194048445973,3.2639637610568206,3.5854176202563384,0.5665611279960587,0.5234368568252753,0.5735651084250938,0.8495057119915215
2025-11-11,0.14206416582490436,0.44233283178198596,1.2706906946096481,0.3216921502191708,-0.046113988688975226,0.5238862416494762,0.7590429233330397,1.0413005086517637,0.610078767021691,0.325268277539833,0.4899196777969629,0.5890161565299246,1.327422678395355,1.1173192799412894,1.5905058223114363,1.65412807816197,0.6066668559420121,-0.6441716689474005,0.21365870501996215,0.3266700783578156,0.4487095663585458,0.6865573613146072
2025-11-12,1.0450599173353319,0.00954426732461553,0.5390870059247703,-0.028077219854502677,0.04611398868896463,-0.025434562598784217,0.22592126347494237,-0.44221203940977016,-0.14502985629457535,-0.24458898831395418,-0.12160332415370825,-0.2280834536633563,-0.794565560129983,0.16190361651699153,0.9331895277876012,-4.1586423369881995,1.5521658159588114,0.4631601173232827,-0.04607028616893456,0.2147613702392804,-0.1957257675541526,-0.10233320581941555
2025-11-13,0.811533601236435,-1.2600833471514987,-0.306505663452148,-0.7631418764887846,-0.13840581013806277,0.1237941684910666,-0.13387220622362445,0.015701958385128726,-0.08304274688204018,0.0026144075242902787,0.012452170582636675,-0.021700800370175518,-0.8207347360221119,-0.3008803883216098,0.5024137670221998,0.4991611761769785,-0.39836498199455017,-0.35159194651237485,0.4132294051257454,0.45324692227163815,0.2267518298830323,0.5175636342514371
2025-11-14,-0.7834414603680189,-0.06810698554216167,-0.8136778463215071,0.0028749173223580975,0.18450989390211484,-0.21748116313599813,-0.021842663983206573,-0.8620565767800568,-0.32346792975040023,-0.026772137636777923,0.01284655449003226,0.06351224216266702,0.16056913309427157,0.2315285586997295,-0.9788074353573009,2.115038366437926,-1.8729993259693476,0.14002970021662922,-0.051723206143093475,0.27508066371048706,0.12842015933904344,-0.17618672204688265
2025-11-17,-0.3658358708383176,-0.9670404846916111,-1.2598826653586013,-1.2207599188035008,-0.5545313234334999,0.08295586424171947,-0.19158710598730042,0.3353108993440994,0.0324419781422735,-0.19321712660314844,0.09556948815315444,-0.024627155308583396,-0.8604558640648163,0.39238643836563436,-0.24922896093290417,-0.14316980948402042,-1.1840586008317637,-1.348749890434229,-0.03103887330420417,-0.15749570613740838,0.02950642258737053,0.04357905214065896
2025-11-18,-2.9178292847752663,-0.3992335983970662,-0.5348500860776947,-0.05432942717902554,-0.046349096280340965,0.6096368113500327,0.476715445193334,0.2117518177631945,0.48938327235707085,0.46902285850522385,0.24201777750177525,0.22041772804135565,0.8484306200605052,-1.7193875833972823,-0.10686791311128277,2.113086709668663,1.1679345690405094,0.08755894592232522,0.44406754579592894,0.23142384484280223,0.4155175265688535,-0.1764207204826189
2025-11-19,-0.17431402753520714,0.5625300324285317,-0.21477916469651487,-0.17525626717876516,-0.41812288758267346,0.10454516731329823,0.26077574728592884,-0.2682156852387322,0.1860087195172395,0.22688860827474872,0.2141616670949832,0.13667775227171455,-0.6108017588146654,0.04687323186153457,0.19912157907714165,-2.0828727728330843,0.3397692429784742,1.2426858870978092,0.17695665852200992,0.0933075349075086,0.11498023492692967,0.4187398972601983
2025-11-20,1.6152604056377478,-0.6119099823083035,-0.45282593339377625,-0.45966321699287843,-0.5602153122986273,1.1617636438060055,0.06613241812848454,0.519329796557017,1.0598530675035585,0.8616195887493636,0.33802440284128876,0.5020685763483305,0.5051439410909563,0.2573399217532806,-0.2891726239463408,-0.11119549601615504,0.8947115692851946,-0.23912689968397938,0.9240484286787486,0.5685196363731952,0.26370608594223593,0.6400434380154749
2025-11-21,0.22863730410816666,1.2310363509430662,1.7559006426958554,0.22102109318376514,0.28049995713147885,0.5696490958267937,0.26920328577462815,0.7767982704016093,0.5920809640702833,0.5763810577847267,0.3704762973069059,0.19249156574501178,1.8492485128175937,0.814420026821335,0.3542153859419394,-0.9792367610408961,0.08499809569319236,1.2101019828811572,0.23985104569542295,0.20127127399640005,0.42001136166813313,-0.38058298510252214
2025-11-25,-0.5438642413948982,1.0962543456246194,1.856819330786302,0.5135081718669489,0.0,0.41655088289634334,0.10899026664962466,0.6332394874590338,0.43802339709935917,0.5069044584361798,0.3588034574165713,0.36738568371817304,1.0799958023061829,0.8997661924897167,0.09538968448595048,-1.5153566968897978,0.12848350774109957,0.38481185771378756,0.16005756886476177,0.2641938010203548,0.22683639053717783,0.2111290198763418
2025-11-26,2.0173990283655665,0.23518584494782493,0.48991444489141117,0.26884324309793994,-0.04669538786179561,-0.37085049519291,-0.14787264560484958,0.6285791696438062,-0.11307422183863573,-0.3539197427519244,0.012422932787985674,0.1946773868681851,-0.012456819024860831,0.4354232076392591,0.620665501707951,0.6815463238253107,0.3438609556086897,1.6418580167893457,-0.452791218344262,-0.06639689374088367,-0.05349859919194636,-0.40389748510037343
2025-11-28,0.47505945011631545,0.5789180964959356,0.6867412249693581,0.1819377446658429,0.1861297469349728,-0.13963222746323375,0.010798773624384072,0.07226880743463406,-0.13513042814402293,0.08397294766084529,-0.04046533768486893,0.19041281202483457,0.3635334242380488,-0.6172115913564613,0.20098449046555417,1.4944372053905857,1.2693372733580264,1.4070029815412501,0.02879670934739857,0.007718830207958896,-0.003384639628188746,0.2038558635044223
2025-12-01,-1.2907015293186597,-0.685644464438125,-0.7321996508747695,-0.3017142972556364,-1.028050761627775,-0.7664738780486218,-0.2802455395765324,-0.46953611263469247,-0.7651998759123096,-0.4080969614627775,-0.3743416283849014,-0.4254300337799635,-1.3842635276333746,-1.1763451453672154,-0.8567601475661312,-0.24212670633901742,0.25289611585644584,-0.19707132167183505,-0.22805207545142825,-0.21701917649333516,-0.24241371170930012,0.00782800791416392
2025-12-02,-0.05650080000997899,-0.053158121333983024,0.21686967707880297,-0.20136755015453334,0.608770585348765,-0.15551100103955232,-0.36197658481525974,-0.46127859046240133,-0.1750660816741006,-0.05197563514268023,-0.39529287590718326,-0.4181913079016805,-0.5932408136860097,0.09276641850663384,-0.5640452132600892,-1.4558343113581391,-0.8842931741650529,-0.7038326241599681,-0.2382054437101369,-0.18205063285114412,-0.46127859046240133,-0.3766397393148446
2025-12-03,-0.2829626947208291,0.506269568233986,0.833247402904065,0.23422604022284166,-0.6087705853487682,0.36704551751336834,-0.3743423637014376,0.5147507837524421,0.3857068794651266,0.24738961728397882,0.28669173095306866,0.26953520489091537,0.4159004067830781,-0.8146330680598178,-1.0799485783069054,0.8137264013957772,0.0675787229290229,2.8920698941527507,0.16058378151991715,0.33561799316814894,0.2372212519785777,0.642577048142304
2025-12-04,1.9363541240521556,-0.3772066354358673,-0.511256767029728,-0.46869759034182945,-0.14100803616185675,-0.7601465724889915,0.25676448278478353,0.7200062751961791,-0.6303489670502888,-0.37597140633083365,0.47742738323350836,0.5186510826585641,-0.6944954773958952,-0.6094736994269072,0.3195697133668943,0.5775162216779315,-0.38569524895850915,-1.0271852204521978,-0.45029389898614486,-0.11543799284176003,0.5186510826585641,0.014644337777333977
2025-12-05,-1.0617576756625882,0.21232420207761823,0.05914706413713193,0.7743739627076391,-0.14120714962349562,-0.1845382355382423,-0.3735902971093053,-0.4296754742445904,-0.0766130318614338,0.022564883726755403,-0.30992376823211415,-0.15637915990842052,-0.08863248514626137,-0.4005217345612189,-0.577268850912006,0.762221857619787,-0.15582947434428057,1.5636086214777907,0.022564883726755403,-0.18695692022102445,-0.17791315085849874,0.04977917992018894
2025-12-08,0.75556857565992,-0.17333069294412734,-0.10437109412065215,-0.09192283741777925,0.0,-0.07998237585039239,-0.3039915327364426,-0.12680887354763698,-0.08014217036742975,-0.12044738675735346,-0.11369093864464648,-0.0323218439768939,-0.6431072210233985,-0.2836884216535298,-1.4433366433316117,-1.8808115352528798,-0.1367515487105805,-0.20282822546156526,0.12754238708884202,0.10735031451492202,0.1508607826161915,0.5711418247370771
2025-12-09,-0.11157623761515975,0.23758292048516932,0.05470832763489178,0.15901810873927014,0.18823192432232577,0.17838181547259863,0.60263018544509,0.5110461895425013,0.19728018716826137,0.2121216784162972,0.3011349259062085,0.4097235081801641,-0.058025647956515214,0.1419477969547454,0.06282652325907753,-0.5738347463318657,0.8363281510379353,-1.4669888124217774,0.32392299015575476,0.31805530708389146,0.3342572375925887,0.2006336915366723
2025-12-10,0.19517159563001474,1.296809896998975,1.8536843316426472,1.7482297798666169,0.14095335315836294,0.9577672045975409,0.36256875908058217,0.36214352287980334,1.0963203665630106,0.9708038654180339,0.47140770553428235,0.3229339826427522,0.9953055532670954,0.4010946519178181,0.5407597063530534,1.604462950208459,1.0608043299413803,1.9139555139470164,0.6357939830806663,0.5371758311575486,0.463126099036337,0.8254256329488436
2025-12-11,-0.8953561093130231,-0.43801733304204293,0.07727979044754071,-1.1430902218245436,0.23446241718785749,-0.6600852591218993,0.29146825328472986,0.17070221898031326,-0.8147093631197696,-0.6828237103236514,0.04333602391553987,0.09824876296821713,-0.23403919869375575,-0.3065746037118819,0.00805459195500035,-2.516129843965035,0.4007743258188813,0.9492636410956372,-0.67045057203528,-0.04497478801287328,-0.031161061390147807,-0.15473260355961752
2025-12-12,2.0034028634749217,-1.2242594389182582,-0.7941684684497738,-1.3162668847702335,-0.4694874434422409,-0.4131684164000262,0.14573899356435235,-0.5030889905138644,-0.749523996689504,-0.3292475428770555,-0.14907982784799614,-0.23209357333373745,-0.2661375815587364,0.8232497240704011,0.5328686571352841,-0.7806485141234698,0.4146599699855884,-2.4913260417285117,-0.14323878077757074,0.18579391492227285,-0.12425798384524918,-0.31500672343923586
2025-12-15,0.11013238473719543,0.05493373586341735,0.8570585071027158,-0.08929627390076694,0.04704689839720933,0.28926109530587807,0.08655702959743677,0.33197546690298835,0.3240432240055108,0.2557537797939101,0.09498015350370385,0.12585004204688288,0.5186790584471361,0.3274044636813284,-0.31855469742578135,-1.1399020216429538,0.29712153487552373,1.1761263568380147,0.20612881943050582,0.18436517831399557,0.02879790729721272,-0.03184175418793747
2025-12-16,-1.6928406837058863,-0.8352036375736918,-0.778107691163625,-1.1956687287564842,-0.047046898397202684,-0.2815308499602381,-0.6317855127201455,-0.6905330452273479,-0.33519072353153884,-0.49957823388977207,-0.4797668834295268,-0.40933158142533066,-1.2998453535066063,0.30305486926916986,-0.25080961060898876,-3.127750029340141,-0.5388491758599216,-1.3490042339932795,-0.5615921322138443,-0.410765918838677,-0.463228689999938,-0.6380546655652515
2025-12-17,-0.05598766940896312,-1.2594632412002946,-0.6963254011049936,-0.8728442543902285,0.0940716730960367,-0.17371748105519147,0.14881930516372735,0.4302896705595435,-0.2615952169122446,-0.2770515807731515,0.08671620436645322,0.26390056213022844,0.21679838214774672,0.11632810678784448,0.6780385133718198,2.545638220812313,0.7021508349527208,0.8754375858233867,-0.15300510890486957,-0.1988681170416421,0.1777545777416375,-0.2966916704385293
2025-12-18,-0.3928218229522585,1.214460860149504,1.1739279368955982,1.5964056333817114,-0.09407167309603506,0.7208413051805299,0.039830093899005804,0.33511923677255223,0.8417611979492083,0.7348727786296227,0.16598855912403304,0.31976451141792733,-0.06494750000014574,0.8335377411178154,0.9432490996160001,-0.7067416425545751,0.2816882527060748,0.5524068664567214,0.4621713955702171,0.39734153360711066,0.08323009577854991,-0.0077970799937826345
2025-12-19,0.8398756791531696,0.9607757785078879,0.5173384749717956,1.0312052647916192,-0.4244210981637131,-0.16671825416000033,-0.16308173831356168,-0.26205302381693385,-0.1990433605789774,0.01000508627945666,-0.06575456876897287,0.044580997645911224,-0.32455961798198346,-0.04613813522218755,-0.11594676803983496,1.3009381773989048,0.17134321416474654,1.0755676884876753,0.05850786285352353,-0.0810935965578261,0.14127668807520935,0.24618770062593362
2025-12-22,0.666855653813915,1.95541170266404,1.864423794514224,1.8727434006425785,-0.09457257682284158,1.2304137051962636,0.9701141038580885,1.1801828243511108,1.3162129580811204,1.4214248258177065,1.2808587316644253,1.2129814124810987,1.8467962309285217,-0.5783541096702268,1.2273606820870382,3.802556114650107,3.6162892744366166,1.7205252131121045,1.3343638185067572,1.1765496058363478,1.2559892001445034,1.2795290009848894
2025-12-23,0.3869519077980318,-0.052013100430751136,-0.0524964113434519,0.045897919326604183,-0.14200927522015253,-0.5496427690209794,0.39884160588450795,0.34783046762739794,-0.40816779394606445,-0.4334547778065671,0.3945633255484076,0.2462887506965697,-0.5760391586899547,0.37053876858618034,0.17104151567748277,0.3060942484567655,0.8085087389587556,0.7294784828572808,-0.5080210367743235,-0.03359276742853214,0.17104151567748277,0.19267575751921437
2025-12-24,-0.44235712420451423,-0.09670063502880918,-0.3044212051362045,-0.2455198619970125,0.09470691043777184,-0.188037377413865,-0.2246660064386859,-0.20837035302751827,-0.058470600527620695,-0.2616485267055279,-0.12437055428778616,0.1570817140232612,0.2077452630410624,0.48425561787279686,-0.01820351882911005,-0.5902082868737887,-0.8621159709803564,-0.30154725227894547,-0.4478508201055356,-0.2088704787717998,-0.1326405188053545,0.19231252432454676
2025-12-29,0.11028420614661358,-0.11832150365462567,-0.11923381890220545,-0.017118282779140407,0.094572576822851,0.38374745634029633,0.2404072963786882,0.42772335058770217,0.37415839553598984,0.27588193275864037,0.27346281888209306,-0.2327387491222369,0.4410459353936663,0.16035753084983861,0.8311932172781351,1.8753266504840265,-4.211727620736754,-4.4199732333544155,0.23868034102339483,0.16840747056726516,0.1540309657955371,0.37385911323540705
2025-12-30,-0.44186846425074516,-0.41021635807997603,0.04606525710838712,0.1136566515157144,-0.5212068372077758,-0.39161245786902665,-0.19046634820284572,-0.24565440192078378,-0.4054202809283146,-0.1888542165645647,-0.2035536617042154,0.08382411021862612,-0.08606346490020081,-0.18328013251946945,0.49303037841828684,-0.101443701102401,-0.21529003889739,2.794463896390031,-0.28802036784426593,-0.2989717878815136,-0.19529803252259448,-0.5718465399061055
2026-01-05,2.000342873502296,0.8282877050575985,0.9536917401062464,1.2608551360190154,0.09496503614801385,0.4658568114972804,-0.4031591646107778,0.055104576286129164,0.4454732402986744,0.4244590736015237,0.07735168016357653,0.18257975464599072,0.39016211078731833,0.06876362979795035,0.017970694739539536,1.975132617742207,2.7617689312298728,5.155060239092814,0.16447511323843778,-0.2261425656331815,-0.09618325877626152,0.24905798942814333
2026-01-06,1.8013645527670743,0.3614657741922483,0.014602274758351687,0.5044519583335416,-0.23759361644678242,-0.3041457758069229,0.6001782639207817,0.6998718549633208,-0.2314886014677151,-0.20675222291426193,0.642477908922415,0.516188749742161,0.49848966311194753,0.6850941207199494,0.5019033016060193,-2.6968322942842464,0.8440218987484436,1.1191531996293147,-0.2314886014677151,-0.14541324331721325,0.47337819960155253,0.20660749400847964
2026-01-07,-0.856308746445792,-0.28839996908633986,-0.2585778179902453,-0.7190680419295339,-0.14280883160735605,0.22119851913960115,0.2124995235551784,0.3158811456715612,0.10686608118557572,0.009725518939388528,-0.08295597887241817,-0.07160072066965026,-0.9437992247677532,0.3634680595891105,2.6101408483989954,-1.0220427272953703,-0.9261324642614754,-3.682830280978548,0.03446189749285179,-0.19311672736612148,-0.21064034061375175,0.3740353904701571
2026-01-08,-0.7553328322680019,0.02239834388442257,0.020822337637432766,0.06772725666001982,0.5700623970709042,-0.2684859712529498,-0.3675525787299915,-0.2975208096671391,-0.24826428443695714,0.10672275739341487,-0.34265852919820744,-0.28501837394507423,0.9212589475435706,0.2265056417611857,-0.04505343224092526,4.009074874589056,0.5832838640802774,-0.6099971816510248,0.03255159073641985,-0.05408355778762895,-0.28501837394507423,-0.17260439947888426
2026-01-09,1.0237211781897773,0.754184557394835,0.7852769244021913,0.5686677901179166,-0.5216118799960613,0.20932444573830106,-0.09899249099153797,0.1972708285358875,0.4572172488366344,0.16912989651355745,0.0008908457376056982,-0.02224904694915729,0.29639812140238975,-0.09054070024581176,-0.26799228487353755,0.43467549380869835,0.8166138845251717,1.4036909603439496,0.09502350539567093,-0.07596973002221957,-0.06498183339125263,-0.2518540152395805
2026-01-13,2.2788424945842864,-0.3032774589309746,-0.6262936277063031,-0.8480409926218159,-0.6708292376684958,0.02156661895703737,0.3218554487848662,0.4037396534542287,0.11381483526495932,-0.10312661415788345,0.519177426163714,0.39663939726507796,0.4534172217604769,0.06790749029971599,-0.5369510935352582,2.4188864319875507,-0.24533176509401186,-0.07601987284736865,-0.10312661415788345,0.27272041442231076,0.4286996681371724,0.22769082719521777
2026-01-14,1.1979365604086312,0.25956144400594067,1.1362225077960781,1.1687541521250313,0.24009963653014452,0.9597623193818137,0.6498877996597503,0.7347120721874442,1.004795380416368,0.752298692894514,0.4523453937776993,0.36430246177379993,1.614381372483072,0.18087673901877319,-0.2886460311245894,-0.43876573049321693,1.7693320168468873,2.392342484190257,0.752298692894514,0.5421410348257786,0.46056195643359643,0.38709847219532106
2026-01-15,0.9019486734510522,-0.21737043822137098,-0.7334754185113934,0.09768765675532799,0.0,-0.6967936699003461,-0.268253569573372,-0.6039868671418462,-0.6154951457800696,-0.4893300434130345,-0.31711872482375464,-0.3797408173361506,0.2015831283154484,0.5855773902729806,1.3997860956626298,-2.548681210030422,-1.1039812426816575,-2.4551925647935757,-0.4893300434130345,-0.45971454197131667,-0.3797408173361506,-0.4966301081244704
2026-01-16,-0.2825970726785701,0.038572780557395527,0.4245816054625569,-0.25704675456908554,-0.1439858750097653,-0.2625762407292927,-0.5182654450600448,-0.39430272318399645,-0.16660044849605898,0.18407648883213404,-0.3863316772285331,-0.4479182969420869,1.3390035277245096,0.5151821091606067,-0.5505792491934267,0.85080096721027,-0.3606547854011869,-2.160748038429872,0.1223984233505847,-0.19805884691169218,-0.3194421532144153,0.4007029918815712
2026-01-20,-0.7250175237580605,-2.321222806102994,-1.6786870083012475,-1.2369323326621373,-1.2639844210685176,-0.6614277474895053,0.8861841567106454,0.06753309731503465,-0.8723226797450536,-0.5238470766380328,0.40108532417937814,0.5289468827751072,-2.1390431983540616,-0.6317849601341665,-0.6836814300247454,0.02812418032138626,3.449257182033559,-0.9065479981552811,0.40669924773676447,0.5337302149016238,0.5182154816562556,0.7357841036298004
2026-01-21,-0.9399565330076841,1.1380187588400716,0.9860134645969455,1.6345787940224232,0.585362849885123,0.2518156991864261,-0.01049612014427493,0.3545098584162279,0.5892562671484436,0.2868328911915838,0.2794401630929779,0.35753729139055646,0.38577484371037485,-1.4132866099251407,-0.3954456774336046,2.029149141965374,1.4369040567446594,-0.09352508147893228,-0.009483111121627235,0.7462446982933764,0.15395251806909957,0.31328393421801837
2026-01-22,0.6015476989707841,0.7066735560940357,0.778289923032242,0.938105150334722,0.4367918444895002,0.1752643991244933,-0.060829668046781936,-0.09895120755001006,0.3754806739978521,0.2596296274660871,-0.02382695625222221,0.0905493551497151,-0.8053868320044076,-0.02295417982133618,1.0939496675368074,-1.9086056378247243,2.0151291562548526,0.12963636739424012,0.18570717828543531,-0.2818191558326385,0.026341422742736792,0.5218365232566209
2026-01-23,0.33840883403690963,0.06467043356101264,0.7325800551167947,0.656750634625686,-0.09690540095632631,0.1953000869428886,0.08487982865342478,0.3325053396032448,0.09156717786440462,-0.020865544824190344,0.5836588613244313,0.7514602709740515,0.22741310239911472,-0.34501635137858305,0.21007867467346136,2.9510198259332885,1.3935730018367016,2.411449502448078,0.02840349191404385,0.7164941478713283,0.6338654014920431,1.2868078395819844
2026-01-26,-2.1540111770986847,-1.6200052139603724,-1.461555510904313,-1.957401280893076,0.38703571767373884,-1.9807603794886304,-0.6381193436255853,-0.8342994372969352,-2.045364081145469,-2.0772742802813733,-0.7926791400342159,-0.8921183387064145,-2.2591666401941795,-0.9026934086619164,-0.4640849554307465,-2.7641275027228724,-0.6742554924820997,-2.0717925426222568,-2.1265433170195953,-1.2396006472768912,-0.934850465158819,-1.0478751276552314
2026-01-27,0.37105537043501147,-0.13872299394064633,1.0508157541962244,1.4217128349179435,-0.4355236558799689,-0.6508743782954027,-0.12430852726447053,-0.5506995574755891,-0.6445944857769739,-0.548672720729262,-0.3498104758763509,-0.3075823700527553,-0.5695355896498678,-0.4894475179850722,-0.10613663622843239,2.3872882025962228,1.8872387111547224,-0.4269362535639618,-0.5363479549184405,-0.39480581468079495,-0.42499742158561316,-0.5252779446401948
2026-01-28,-0.8768490610429555,-1.237633300186786,-2.426955075024464,-0.5503832386424068,0.3872230658564387,-1.310949651618466,-0.5309885180492266,-0.33366378833004606,-1.372044365744518,-1.3878482905101648,-0.06559775298460623,-0.2107600966079695,-2.26177138555809,-0.14028835328462447,0.8672873885891923,0.03328441577130978,2.5764881072468606,-0.6823170386555999,-1.2275663354524073,-0.03438335273391747,-0.15740901609973987,-0.057177282560237866
2026-01-29,0.16000366467085322,0.22224104786065774,0.9544524500588387,-0.09071585450136246,-0.14503002312176147,0.5250941978534525,0.6103333959666024,0.6474938539727448,0.4479752262213492,0.4085396520274244,0.4626524364160297,0.1109324816436844,1.8084700939472838,0.8387813674951052,0.901707810845347,3.656901224400281,0.6914566858178781,5.535251407010568,0.4208759118331305,0.08347717402493463,0.42094318987803786,1.0437562268666365
2026-01-30,0.8490383130614741,-0.2555869232890849,-0.8896626516115542,-2.198916960476486,0.09670609235407274,-0.019410802815006806,-0.22988236870391437,-0.14910479039534855,-0.056338015679966574,0.15412766564441438,0.017881942768548886,0.14713783867878763,0.14228608106586635,-0.16254272025966868,-0.33889777553192013,0.5221163229889236,-10.798126610813965,-6.027425019960458,0.04310713415077072,-0.051275218271054364,-0.09880889853094948,0.15021103034735275
2026-02-02,-0.9023466382571954,1.8190173030149002,2.119934687655533,1.6272327391240362,0.048323930767667694,1.1263307191671708,0.08102923575440454,0.4775972259779829,1.230492514462651,1.3837949757246304,0.2521086123506259,0.3701112537696238,0.28248367495118193,0.13933179814410757,-0.09835576624607535,-4.089876796709421,-2.764224974231057,-0.19812864162757812,1.3231266021549692,0.3409934795048067,0.40216287128944495,-0.12794172899675127
2026-02-03,3.0456600719663074,-0.6939742029819909,-0.21968468073636163,0.693516637507608,0.09657786183949316,0.24941272409891493,-0.282077547237352,0.08832411151597945,0.20058284148701797,0.09323807372017785,0.09677669040066564,0.16687340940646256,-0.06765262940330602,0.7629088957985558,-0.08185909952212592,2.956388769131645,6.31989449075607,4.517897163209557,0.15515934351120955,-0.2711790865650106,0.1134625743401007,0.2918028758542578
2026-02-04,0.2582618913675302,-0.2567995089607213,0.36522593449173946,-1.1226040279202505,-0.2900019677563891,0.20782801711654758,0.7850364309311143,0.10681645214219533,0.10154209661994615,0.10480512602732914,0.48406927979929204,0.3342284912145244,1.6572720224394617,0.6428079365770534,1.6948072093280013,0.7565992953890102,0.15829679233966595,-2.99775705859514,0.22876281176573715,0.37336270724015236,0.409001485000623,1.1697289542742704
2026-02-05,0.025788259285591048,-0.5417569165830696,-0.6811829651824949,0.2547942794357503,0.14510017514921947,1.2996494929242253,1.228194762523643,0.2751681204010751,1.1958154893140778,0.6033270088516267,0.342293014589727,0.293565844270564,0.5719968349144152,0.0,1.204116818362019,-0.824743011021801,-1.9842394682224997,-2.221003624007298,0.7150361515425521,0.597406241705599,0.32562611514267636,0.336791249349707
2026-02-06,1.1282192906647452,1.8155068300768133,1.878053530550037,2.5123078069614513,0.4340651802633146,-0.08480104973889374,-1.282384479696351,-0.8311496488813874,-0.030516558310310426,0.2623023390135545,-0.9490926292309335,-0.8222303565448705,1.4774812870305387,-0.481700727540854,-0.7276632198603162,0.30561514342045876,2.94215049441004,2.713366829512872,-0.08480104973889374,-0.2887781219955331,-0.9824374839437787,-1.21280095778653
2026-02-09,2.2438824408439424,0.7739859341732408,1.3943594767976721,1.0227816046230143,-0.4824005983668605,0.3137847685135081,1.1792468858146576,0.9828204254407088,0.2929719917177301,0.4289907877936005,0.9741091126063904,0.9858023647997306,0.7148407430256567,-1.2028858682504007,1.51236373217446,1.6219365426007686,2.8015334242070713,1.7448500189650575,0.2929719917177301,0.7021067088096801,0.932448518686679,1.9788881194041177
2026-02-10,1.925986173966728,-0.9737473396174858,-0.989497677261046,-0.5610677701234549,1.7258376837493594,-0.27355786030435203,0.11043279894880823,0.022119207940018776,-0.47479330086206745,-0.8085941010628148,-0.08756256090649489,-0.20048092507703721,0.6199405982860215,1.5888185831089623,0.8992232725538026,-0.6968741031037564,-1.7060121125773546,-1.9135343592578287,-0.709693246375242,-0.05110271494036441,-0.17914449400424587,-0.004525599232197483
2026-02-12,0.7067165937593836,-2.3452457485890217,-1.5739314550426124,-1.9319189102069485,-0.8591898566919948,-0.17712411594249464,-0.58485554686967,-0.6636219278423325,-0.3196588645226373,-0.8377953263848855,-0.8224805449972579,-0.970863453339255,-0.9061884550801926,-0.37158046971570047,-0.41991071059480367,-4.021664422283436,-4.322867278247642,-4.356654544578671,-0.7883020690507405,-0.8942430901894594,-0.8640787555322028,-0.074148824068219
2026-02-13,-1.5910215716407754,-0.22229819245046709,-0.3490909607146337,0.13357670749461367,0.2872137172370227,0.09894496276743947,-0.2598799138379024,-0.03205264334114506,0.039384510080203404,-0.21848282279131565,-0.273764702966092,-0.42817143479141173,1.1340347434109483,-0.8880594239725225,-0.5271652095470503,-0.5024167361314135,2.164699592979147,-0.1520083407491004,-0.2927232984621191,-0.35719058037943996,-0.33197185286902203,-0.8294234196267869
2026-02-17,-0.9980141962545467,0.6755257129978588,1.11006179986287,0.10443796095956814,0.4294963210315204,0.5040255037723388,1.0368240921154077,0.6186810051401828,0.6128526347582472,0.4648166525947566,0.4235322830053644,0.46923991316419444,1.4612896215314322,-0.7452287225301191,3.196730431358797,-0.1306409631643871,-2.6523309224752185,-1.2446109486837025,0.5417892353465568,0.3952369640508426,0.3944349553344802,0.5751104929954317
2026-02-18,1.2459660931161065,0.20260073905716947,0.0357268654870679,0.22442618758942925,0.09518714201984872,-0.5058870802997523,-1.0266341349956272,-0.7385880372781569,-0.39845053388129703,-0.17622915164343428,-0.7343747073186173,-0.6246911833254893,-1.4797281901667452,0.6523768326985265,-2.067275648410499,4.432490664988506,1.9241706391823536,1.5152414931641052,-0.2999053367434215,-0.287737151790773,-0.7634700155412824,-0.16490255216305544
2026-02-19,1.1082498603808986,0.7390317991721901,0.5665578838777212,0.7576772809404269,0.04756545450033972,1.0958528852009362,0.8318075073899869,0.517100508602148,1.08374590450674,1.040186695681995,0.46729376976404846,0.4068510161440311,0.7909457667185293,-0.48888902290056874,1.3979945632884685,3.232487570861896,1.282030254560486,0.8906261020951717,1.0031146234689992,0.46886978878507474,0.49222471992738764,0.4526017226421794
2026-02-20,-1.0587356353027182,1.0220227539309334,1.2727057334892224,2.4088288327685876,0.37968806651007575,0.30144026777824495,-0.09450462273342324,0.21804577847470294,0.22080898674051644,0.37553345302897967,0.09391491995064458,0.1401048122483528,1.0525732236063259,0.3959508382019128,0.6835965793169421,-0.11821471167003117,2.253709307283495,2.058554953123155,0.30144026777824495,0.14028679854349524,0.044059233597578726,0.4770489408454344
2026-02-24,0.12369071049933575,0.9158141831878392,0.4594310390215849,1.75274513890301,0.2365663372490891,0.17105504233727797,-0.38054698192112235,-0.010065019408537377,0.1647468462387952,0.11737335174434188,-0.12580950795811618,-0.12698649556392494,0.44419546669328136,0.9715522441357184,0.4129172130607959,0.018393159265499417,-1.2039880872300681,1.9143358610418195,0.1915954622170612,-0.15779393454241972,-0.08430452431830911,-0.5399429137741057
2026-02-25,0.8370295348758325,1.6421948919769909,1.6453101493723392,1.8977621403161504,-0.6162544037591717,0.7197568650990234,0.9122698650326833,0.7032719573324585,0.7750417616944616,0.9379234062405398,0.818872989999898,0.8662863439659916,0.5282257753354267,0.4593553311694391,1.143738348058237,-0.4816805176407189,0.550863493256935,2.115551183531373,0.8019046101646635,0.6373279826512552,0.802270216719244,0.8001966779484122
2026-02-26,1.0001307200989893,-0.35192227993449526,0.13875595300906243,-0.7471658354844005,0.19002423693161707,0.47182641749807985,0.8753228828619751,1.00656033332289,0.26774404415260855,0.1185425962897087,0.6604558304692538,0.6604558304692538,0.8878724934619346,0.5712284586217378,1.627303749768682,0.25521892956060216,1.059003118771376,0.0690367455182591,0.2050706073399781,0.5460800813871574,0.6604558304692538,1.0423775504514157
2026-02-27,1.3500713133001492,-0.6999014216538352,-0.5064866488971874,-0.4260662474651588,0.14227867572169528,0.1802335965031508,0.14826718445845657,-0.4156220537371059,-0.2543612881173196,-0.37947804512362826,-0.6449385242659558,-0.871441486991858,-0.04071894991769971,-1.2610494017418883,1.2775370746944017,2.477630911244382,1.086044011042461,0.18900732839146434,-0.21855069977489275,-0.32184992860843126,-0.7113284987749344,-0.45973139962188986
2026-03-02,-0.7451091258081614,0.5522111837549509,-1.6342702719784066,-1.2454839570886143,0.2839514911058714,-0.10720715154600463,-0.92752997165657,-0.6527537629952229,0.15605484983107965,0.438097007883477,-0.49202544446762253,-0.5199985619010835,0.7458658491335525,0.2995064453852397,-2.7331032956114347,6.693415588960819,1.779089716014888,-0.8421682399274011,0.4953750399468141,0.12984352916508585,-0.1346849864728262,-0.12114552827667331
2026-03-03,-3.336095853526838,-0.48773537174823384,-2.662224484771107,-4.740293539891566,-0.6638198582595018,0.28426691944115673,-0.3661515280070772,-0.4210857974282404,0.3525263069999342,0.19810188632111628,0.014664174077757785,-0.1142033897854347,-0.13545999709539064,-1.5532853074582298,-3.0323438281385124,3.791569228161197,-4.1661990845212475,-1.797242736836131,0.3975972486982216,-0.1428927446772823,0.42342745601952864,1.069829936560265
2026-03-04,-3.658015950507808,1.0306409017355067,1.4658026240565665,1.4002088044259893,0.23758969143194386,0.12119047537902641,0.04776677320365886,0.3469318669142811,0.41773230531551575,0.6764509278821774,0.30770478723533073,0.5008888065827763,0.4532608009290785,-1.1987539844020823,0.4074899183949409,1.8240900816085075,1.1063538959391421,1.3615522279628247,0.32758256316122275,-0.391695691601016,-0.10105849470641538,-0.5879322836135065
2026-03-05,1.6677760221779792,-1.0611001835495217,-2.5318989699919614,-2.9360963366238075,-0.1900242369316033,-0.8123216339797875,-1.1006732029704793,-1.256287154935305,-0.8992821186351623,-0.9007847433046187,-0.9091982980155591,-0.6838614602458015,-1.5118658730214216,1.3854864975187153,-1.4914341897687138,4.555793253233334,-1.7110294718362993,-1.5921287214679356,-0.5019729271166666,-0.3077744529955778,-0.3833407346093074,-0.008105014618187393
2026-03-09,-3.740923091352042,1.4374461108977747,1.0271104701009586,2.517473113125396,-0.2862545160860921,0.8758301951135855,-0.18033716926752358,0.11871272480668105,1.162606955101797,1.1658034385959761,0.0935140259879113,-0.029181549041778106,0.7894997648788973,-0.7289881266357819,-2.8793084108326292,-3.6023914771936902,0.3580827487869092,1.3201973842763293,0.5652645440659095,-0.1724109271434694,0.14390184984487953,-0.08151694944467192
2026-03-10,2.0297347443293043,-0.5269649645079587,-0.3306985502494499,0.026590093686250413,0.3338879361818861,-0.6870489676508813,0.7200336409823774,1.1480729310041784,-1.0542965694229647,-0.5284108063347058,0.955932551257355,1.0958863668874104,-0.515568408438283,0.04718687811542813,2.08689752031477,1.089716073098982,0.755519607570328,0.13400665124345734,-0.3661341434016763,0.4389269742290927,0.5452098301213182,1.0904733649550145
2026-03-11,0.9741156269956366,0.04277686240803099,0.002886322236171711,0.42367145673453493,0.475055509173483,-0.2889258563514786,-0.6625684552469238,-0.744080486435238,-0.6527227229982067,-0.05678829204237502,-0.4677711672748167,-0.31696758319621016,-0.8731389268088326,0.82227982133829,-2.3788448986464923,2.216033051517752,-0.17121720548525557,0.279164454704531,0.1683691513832144,0.12372475933439946,0.13631214622146434,0.8834433619034487
2026-03-12,-1.3095555789867364,-0.9241950333376702,-0.8598412388321939,-2.6418793581317943,-0.9045518302049937,0.28251465985574287,0.15392613171834038,-0.3240279137086877,0.06398940713120756,-0.034713002073784464,0.05694505672171713,0.042571261534581656,-0.08721413171164491,-0.8694666994537168,-0.49899903211828367,9.744963119763415,-1.3790144420288584,-0.9284633470350641,0.6059488126356493,0.02288012209831481,0.3350381306281179,0.7488091944203903
2026-03-13,-0.5182711524751229,-0.48530636864556637,-1.295685253612916,-0.18141944550587624,-0.04782674193396301,-0.022251209029091404,-0.1163451705555672,-0.4258877807808828,-0.28679096344528937,-0.1069021023681804,-0.3146495196199269,-0.5479319827919895,0.2452090599865593,-0.37834608084824706,-0.29473494590837906,1.3413547697651373,-1.219822123242086,-2.048750046798755,0.08231513371320075,-0.10353003216414008,-0.145733094114866,-0.6804197105083407
2026-03-16,-0.416559606552686,1.239662894190458,1.8808505416651435,2.9708251874133085,-0.5277039070261873,0.6759450138749521,-0.4737627693555686,-0.25629912899725205,0.7066963306769919,0.5422866994615492,-0.4014157571598959,-0.5510022925092843,1.0591397473051951,0.7082228419527467,0.9549729663956041,-3.911049778511343,0.13811158716998426,2.6949772995735244,0.22711995476416255,-0.5307707559209321,-0.5618898621317338,-0.7602063677626951
2026-03-17,0.3645876854788398,-0.027869488350963287,0.1513962361650651,0.3411953187081089,-0.09625251804502995,-0.11367993427498337,0.5068197951323282,0.8725090728905508,0.26907146114835384,0.16150700748631772,0.52539467237644,0.7566900759764194,0.149646911840816,0.5629819125784203,0.8085100141018474,2.9679280436287585,-0.5428357103280096,-1.644617790548695,-0.2905786046780503,0.26929060446976805,0.2136199544672715,0.5949291084453272
2026-03-18,2.4648214870574003,-1.5410353729667687,-2.1099085612502066,-2.182162717923735,0.9106212369228652,-0.5943223480887315,0.054115059492162984,-0.18388347518188275,-0.6770932058210898,-0.6508797782681117,0.04417318912037914,0.0873511919509518,-1.6253517003926667,0.5133020103905259,0.11356507321548756,2.2175985049792324,-3.350687061885116,-4.667544764999588,-0.13584419212675633,0.2260364858323839,0.19572437467330703,0.44366433195224925
2026-03-19,-2.6729926631592247,0.3218416792927105,0.28858134544426195,0.6727599884142779,-0.5741655387016837,0.5581347101219675,-0.3944412423288713,-0.5465409003101482,1.0091535059208145,0.8955037758757849,-0.43537977561336794,-0.6527578886662087,0.16542741469809907,-1.4061606840734389,-4.355388995691876,-3.0380468293288962,-3.640264704944849,0.776390731980673,0.5685839421312326,-0.10585662670611144,-0.14003452213505893,-0.5655736282016518
2026-03-23,-3.687911836863101,1.8706147857923996,3.14800155923802,3.783367619374358,-0.48100840879891854,1.1417863904358954,-0.04046752267729484,0.5279566305707268,1.4822529472643748,1.482831461610177,0.33722307843482824,0.3183094150888125,1.6005453653624873,-2.1952709519092477,-1.1270303697578516,-8.551873096200083,-1.4592475806192409,4.408744897248313,0.8260898679733857,0.6808558247616305,0.11643166045026605,-0.20949456691261073
2026-03-24,2.2184519459390533,-0.8115121961659567,-1.0445045751427544,-1.863323813096167,0.19269055028385085,-0.8120456043843673,0.3858000229298191,0.14696856239260178,-0.6781371368915242,-0.8157245046555295,0.1136730445708461,0.23521241724822525,-1.1373826396813826,0.07234823755741297,0.10663181252393303,3.0613116279101598,-0.4529944391331768,-1.0135458206212336,-0.47526607425136924,-0.07718086166830775,0.2240012322311085,-0.5130489455748437
2026-03-25,2.402829940110259,0.7064158452590008,1.6044615616385784,1.7305014743404532,0.19230817164766545,0.6763994826255554,0.4100353723216563,0.9107290633174941,0.510038860605083,0.46596018496480224,0.5157845171129511,0.4387891732522205,0.07102558114979335,0.6488073991905055,0.8331304936009807,-0.8583976168441174,3.1152473028680765,1.461414140204579,0.15069401893647313,0.2232111228937546,0.09209732396561236,0.018011748367880588
2026-03-26,-0.28427037831346474,-1.383277699462027,-1.557612329278523,-3.0362891177411093,-0.2404460113537644,-0.3920069462142767,-0.6468827643647767,-0.9484636164523792,-0.3661016469214288,-0.2128148800204695,-0.5777640964017117,-0.4792471763011841,0.2820397200222599,-0.9626991855866716,-1.2465000779648976,3.774785564538472,-3.4131503773506897,-0.951963607163616,0.4187344492404964,-0.03798428979697413,0.0244117124265954,-0.34644746016276096
2026-03-27,0.02587500955616754,-1.5193284596284615,-0.6891209109565669,-0.2873720863058358,-0.8704195869858652,0.21114298915348262,0.02899505425170059,-0.061795066365539913,-0.0407126524567122,-0.05316605745188243,-0.13801241791079089,-0.29124057789633206,-0.6236197674952555,-0.24213444852592236,-0.27631539153166623,5.950510242118475,3.649775890096569,0.5599529372900823,0.20056672470904544,-0.02550757605397999,-0.010324273547686039,-0.6010125537078345
2026-03-30,-2.012352987841537,-0.0035854864780899844,0.8585701216931905,-0.4872459514718412,-0.09717599099004656,1.0370523524827813,0.1321393849504951,-0.12425841086099088,0.970408882384629,0.4455612016576005,-0.16879214080079585,-0.339521886788368,0.70990781598506,0.26631265969158935,1.9618687160963197,4.764590898996623,0.30236679368362257,0.748973622665245,0.33131374423843113,-0.05266722493435524,-0.4070054630444256,-0.19659020481066491
2026-03-31,-1.1950687001778886,2.6197793895640764,2.9093468483807072,3.4127235749713978,0.09717599099003875,-0.06727134527549838,0.005808711854717719,-0.5036993353335729,0.38028528145997476,0.7015970379518375,-0.4883044817792511,-0.5995752307393254,1.3110163357053133,-3.093792476662906,-0.21555115509544925,-2.252787497006069,3.473787872509848,2.2244264122180013,-0.2455613925051722,-0.5467666733693154,-0.7344319473774609,-0.32667996107323405
2026-04-01,4.875197710197413,-0.04204848587925923,0.6406561859722483,-0.02087467351403139,0.6293940390358224,-0.8799660616210236,-0.3989491189121796,0.40176177820703923,-0.6858510115242952,-0.5479351600685979,0.09343613968759905,0.618197136251255,-0.43255234047790536,1.9509272664891946,2.7149226056840656,-3.3073309917751237,0.9421730139742898,-1.0544160063243833,-0.7926733761926539,0.1920387487912903,-0.28728867669754937,0.27109498163010015
2026-04-02,-1.5901847078942397,0.15872282172003402,-0.41079130832444083,-1.0558796451636794,-0.5808354714656854,0.2999303809403263,0.5954253214943191,0.420802696603754,0.4911613637242177,0.30780310759943297,0.6829099308009222,0.7004843037774846,1.418812244179961,-0.5640778896999712,0.9495056660940259,10.635388822070393,-1.8708527867066067,0.15603737283414845,0.0687173856337131,0.23027771624739776,0.5225917597423109,0.12753188982841032
2026-04-07,0.23020742221823318,-0.016736606840682455,-0.35957654430388253,0.2888579244830655,0.0,0.19155545916645592,-0.23117393194110508,-0.32576437067722985,0.04935742565795102,-0.03562658561084908,-0.42446460377080586,-0.4569640096183707,0.08303444475686564,0.09704171967889515,-0.9840091538770971,-0.6816232101621724,0.907331141276176,-0.7041846100688093,-0.06072698611709683,0.21456145341810237,0.3042619452113979,0.4064585907178451
2026-04-08,3.2179749850277313,1.9076561208571836,3.1635204956784615,4.71018833518257,0.5343691789092498,-0.387170338998271,1.1040376802612317,2.1196355330388674,-0.22309026611650903,-0.019589180330617965,1.894111891349439,2.0893756967440904,1.177870631850677,1.7069756976908934,3.7816290923852858,-10.895927448372927,0.020518495177100915,2.7680645157425423,-0.6074128411608206,0.6420053678914421,0.6471489645692676,1.6736477629024356
2026-04-09,-0.9945402199852114,0.5286058020717641,-0.02357651100355151,-0.3117136247497314,-0.5830933531895873,-0.07806947096616369,-0.3534693387796498,-0.6618259169635705,-0.0466382620863662,0.06553059704440264,-0.40773314994920207,-0.19399649370576733,0.6672582784268453,-1.3680693615276194,-0.03326295185577494,1.845759186232036,0.7282051160550408,-0.1601804714093118,-0.0466382620863662,-0.27966446650777743,-0.10584414050998485,-0.5697007946265235
2026-04-10,0.049965733894782385,0.2296278675230635,0.6410014115275594,0.759252270201971,0.24422554335164615,0.1280081448422506,0.24970303756748882,0.180473298372317,0.030617945477142264,-0.10357800814839149,0.37639081749909736,0.4289370173689025,0.5111642642777832,-0.19352009904527598,0.1796794607742068,-1.404109877423353,0.11754998625408693,2.1529427773547574,0.29582731718020494,0.5526340170091287,0.561324216398502,0.8000534795175068
2026-04-13,-0.40040170817588594,1.3288418716300272,1.020345904749162,1.1949542928338865,-0.4887610588935867,0.5765376245914792,-0.25724030509036855,-0.18573257146715266,0.7402143443349564,0.730840832504119,-0.06550069269207379,-0.026992129505881104,0.7320564007176118,0.3384148031747324,0.31275197477494,3.2386139487295393,-0.04939904729280098,2.8888245238005483,0.3563413002893718,0.2330689357895616,0.09449347479004995,-0.43267762326606973
2026-04-14,0.7992065926571555,0.918871008573895,0.5372514429221056,1.6054632402745512,0.1957935764429273,0.03190208618709644,0.8880591386884193,1.1232972910707606,0.03563153822742282,0.006314912131160813,1.0012942234237145,0.9343687058355246,0.656835455256144,1.2470190000242112,1.680623495618392,-3.9546809015007263,1.918073020741283,0.9771697039492815,-0.2922529084625161,0.49121703689638035,0.6143807381169131,0.8369525421770916
2026-04-15,0.44675950045895924,0.5205977342714306,-0.6508931026049402,-0.3296929499532158,0.633679619088837,-0.48488502060719557,0.11250728039006776,0.0235586222079276,-0.30177515558229995,-0.3151031613018139,0.16757237749658144,0.2640733767392962,-0.19113448554305654,-0.04768246356154256,0.7674289366498612,-1.2879740387707797,-1.3110905736297955,-0.26540210067973646,-0.26540210067973646,0.00693920079418513,0.17597075540365723,0.1573606796025334
2026-04-16,1.1327371812165894,0.256137509887343,-0.3534754873574672,0.4118271117500738,-0.048594494782375305,-0.16731009847932998,0.2195263477216472,-0.3662449231289726,-0.4542725875577546,-0.12610124413759682,0.03223131884318472,0.04528211906590642,0.929155993251894,0.3332651627060062,0.008123216565483806,2.627284720811298,-0.0756076102093273,-0.8518340737704702,0.010704179348469013,0.07896870864334343,-0.009740503370866273,0.660353198908664
2026-04-17,-1.3310519597095702,1.4440890834506752,1.7814345807604386,2.1303602358029456,-0.1946502496890804,0.7862876633936631,0.3525034407140308,0.7085716826952945,0.7986499592157599,0.6154505221118988,0.38946879155661873,0.3784299814675622,1.827454146143792,-0.7394209469900698,1.5083520207385561,-7.864860901312092,1.5633128042234823,1.1857934640073529,0.24276534926270307,0.029324656786591456,-0.10444439208169183,0.009654198921214076
2026-04-20,0.3715197140705089,-0.22154089975349023,-0.2799295965973252,-0.746803724702357,0.19465024968907607,-0.11522812662532486,-0.3859510003471101,-0.9259712045880277,-0.0304613125323044,-0.10820807593066437,-0.45090672997797554,-0.5944062197882675,0.3399950462231515,-0.023946836344236746,-1.313940506684754,4.428304141932045,-0.8862171371566696,-0.775078943856587,-0.02136717426388115,-0.38141110139079454,-0.34228665032179323,-0.3797933395104156
2026-04-21,-0.14844475846535776,-0.8562106265516971,-2.4072579241036576,-1.682299174525074,0.14573647336635487,-0.6385634028764624,-0.14422929436971427,-0.29725408193954234,-0.5818087341151144,-0.4603254845022855,-0.1730279438303133,0.00814876209327057,-1.9879149134266219,-0.4560227783430421,-0.8192615612497808,5.355611523088688,-3.0722436086783333,-1.4227005412813392,-0.1993688515073108,0.18287869661960093,0.1619261187883011,0.3701391405891859
2026-04-22,-0.5959800873543806,1.34006025797368,0.6082758818967279,2.1314641926763676,-0.14573647336636145,0.437236329069626,0.004756138584631932,0.34432009339925357,0.5238885168465777,0.4941010534992396,0.19066210685679147,0.17648956338102,-0.4998528161057592,-0.8212607521939123,0.1923840482326914,1.2251672923887613,1.6483672793867068,3.1374047741134405,0.33248220757852354,-0.010687413029736288,0.16549883405863702,0.07632440167171708
2026-04-23,-0.9258169630744557,-0.3166938573578222,-0.6997117530161614,-1.566332182554949,0.09717727977890168,-0.08502089742203434,-0.08802500718348427,-0.37894557645203,-0.20142685891102347,-0.0894836551151751,-0.07086001122140607,0.004642302940291945,1.093150893356221,-0.1699230602601105,-0.9226605369685689,4.101157656412927,-0.9021311168203924,-1.644643590318517,0.07213519080554133,-0.2567839598893851,0.004642302940291945,0.09115284767911962
2026-04-24,0.050267111127006416,0.9341988243855074,0.8307751615405385,2.367118794786369,-0.38929492163472573,0.3612723540234901,-0.09246803541051905,-0.031484310174434184,0.23528809177142626,0.2990264713018051,-0.09949310490530894,-0.1926864860457691,-0.03691607314766806,0.024295873997669238,-0.7542823776070091,-1.5748411471730333,0.673656622923024,0.10812662715910935,0.16225506794787936,-0.020362272776283583,-0.08270779172202142,-0.2394578539311148
2026-04-27,0.5762225233119553,0.06503522576233679,-0.6831393097117439,-0.2641067934380556,-0.1952142635542978,-0.3375816305512392,-0.0431891711115202,-0.13971257965413128,-0.39034872630601,-0.06980704170600444,0.08554034456669511,0.32213914400408616,-0.6542351289483627,0.12136667220158494,-0.28438950775980354,1.630000886802453,-0.8856485795901011,-0.1341653749918829,-0.10709532831846214,0.08568809959894003,0.2451447581386167,0.0965494449876299
2026-04-28,0.9448155427786076,-0.6251258112725134,-0.5889619617661667,-1.1639576944170598,-0.24455945232178686,-0.2317809055543784,0.0011753751938646864,-0.19129224228423772,-0.09159712429911322,-0.2740689462838278,-0.08584672581567414,-0.14675455138353552,0.7763863421246622,-0.8037947122244251,-0.23467234832032255,3.4209286135610544,-2.011075461370665,-2.0234097997077356,-0.13733883590640783,-0.012310185149865132,0.040331103265603026,0.5293987047403396
2026-04-30,-1.3453112554729272,1.3853751980151023,2.71723045282006,2.4478224281440157,-0.3433923564956176,0.5850275475020658,0.1390253458052204,0.46396409128993105,0.5056360462552154,0.706841518468313,0.5080152744358217,0.39903835119635767,1.8909432103476058,-0.04892440178101557,0.7210420264284443,-1.9828621531560984,1.8815584601466873,1.9401805911415146,0.39532901649130936,0.12830265946114822,0.12921339233961288,-0.44402456777133237
2026-05-01,-0.0250893904463202,-1.7452273973578534,-2.0102711913825217,-1.8032173472421829,0.14731084958986862,-1.9457370889637498,-1.1536065691577464,-0.8908459008971584,-1.860482521507769,-1.8980076793268388,-1.1060214958141883,-1.0193581571098629,-2.3024403377944904,-0.2695098410905659,-0.8602391895899026,-4.981709054244729,-2.1351194644321123,-2.8463857503281935,-2.0217542384598426,-1.63362183047801,-1.1732200192329059,-0.9912746323187733
2026-05-07,3.3792882181427073,-1.0512342849068852,-2.953751657360578,-2.086659458856766,0.19608150690573656,-1.0498842711532528,-0.45132732789076746,-0.5883233743026569,-1.1571341523750955,-1.1191040181769811,-0.5715653079338403,-0.6430928687678668,-1.4677410125705272,-1.3336835983057782,-1.5271261268431664,0.014441698843037067,-0.57722528612313,-1.251573519031473,-0.7441550369211024,-0.48183738850322855,-0.5883233743026569,-0.31127656529169234
2026-05-08,-0.5594105933485317,1.0271109394742843,1.1627084670829482,2.211954273445159,0.19569179534792916,0.46852000941377026,-0.1260398809484055,0.2539138434761433,0.6270265757204609,0.5548907102979568,-0.06105062549838107,0.023993568635341883,0.4432191263275032,0.6682757273355234,-0.9816985652916493,-0.822825245749784,0.6878765847266759,2.6382348193004703,0.20489075192777623,0.06415976423982772,-0.05267194335495949,-0.16086482980197994
2026-05-11,0.389485181014369,0.24599153770873877,-0.32252947245369373,-0.05513048744013855,-0.4899524106021006,-0.31906778785194234,-0.02308216281177995,-0.3344941963794912,-0.22906727157665152,-0.1813613075840103,0.07889229858231514,0.4529876010844573,0.09091771407161887,-0.2753101972092098,0.7523035466221834,3.7434481386377736,0.22116231520940893,2.903059213868249,0.018494204999142456,0.32616016975421974,0.3052978582355651,0.37612838688417477
2026-05-12,0.8467422455202751,0.0859029737183091,-0.5742478204223096,-2.8589864632349755,-0.24588236996482857,-0.1011840290286185,0.5266915112070839,-0.307170756863543,-0.10273019133470818,0.09989255907933484,0.07558090194132071,0.13038211037444433,0.23751310527801392,-0.6537570655272431,-0.0614481650088081,4.22446980562515,-0.15899292316180968,2.8682529758595554,0.23751310527801392,0.3391321990987733,0.3109176776569218,0.4019307994160559
2026-05-13,1.1497155070478038,0.8373782295489681,0.8403823667794865,2.3692840352982056,-0.44412000133612517,0.27945374529004624,-0.488841228481141,-0.02242129823832087,0.3347000940123076,0.32952392399169855,-0.195226367969857,-0.26174398436152096,-0.5513789027141786,-0.683465727035351,-1.0906283977934514,-1.2991288668181327,-0.28341738776202224,-0.1418036509915433,0.27945374529004624,-0.09129926753174447,-0.22887890267299255,0.1508534808091711
2026-05-14,-1.0293303643280869,0.9004237912352733,-0.03441652430724806,0.36671096765921457,-0.24758694017394636,0.05046351469552582,0.40593265656266597,0.4645708653322362,0.04964210726392189,0.038982209978986465,0.3469273911235518,0.24994335761231853,-0.4821105533582166,0.10154987519283665,0.8587103120208704,0.7876889537243961,-0.6530728172975964,-0.5086525551982348,0.11409200847826545,-0.05298288260492748,0.052940035246431094,0.3412161106912166
2026-05-15,-0.5549563418045952,-0.8743958347376682,-1.6035097744099729,-3.1526336562796886,-0.6965187589913496,-0.46301253477088156,-0.5465314652934877,-1.8146766981975666,-0.3018636163186475,-0.15379067946541303,-1.0525158788112619,-0.9084576265871842,-1.1544384406054118,0.2534244357304577,-1.6915350182791489,3.9278785929325677,-2.013590791118646,-4.475743293796053,0.3358323486651502,-0.12498347276311518,-0.6785868858575411,-0.24485704283046006
2026-05-18,-0.777270426854696,0.2208934283165591,1.8181911523412069,0.1374752578451969,-0.2999987128830663,0.24847335531340908,-0.6775200930895572,-0.10274856434792572,0.10568177825865316,0.39189095605092594,-0.29764551831560376,-0.4309006159979688,1.4557921649832408,-1.401834055764799,0.1036409170503399,1.0038276570634508,0.5640841364572386,0.9706606340462571,0.29126911797001914,-0.1170173186217156,-0.3102772848751518,-0.8449763379548222
2026-05-19,0.5350247927534749,-0.6576063373018874,-0.7961223821647592,-1.0881215167040232,-0.7539642097575596,-0.37519621962763583,0.31712045364348823,1.0518161642272397,-0.49214567785909274,-0.22846256080750704,0.7285406733292156,0.6586651993844598,0.29447628999111297,0.7925392557482518,0.9974212093574235,2.439282186509903,-1.6593567517371923,-2.0148859577527594,0.010700676256443987,0.3608946816794766,0.9223379173250456,0.5775716126031039
2026-05-20,-1.465946501293161,1.1291598174226303,2.205167254140352,1.9596613517236188,0.5534598069781721,0.7838099010009792,0.25869030454202163,0.818696793702425,0.8813204990074627,0.7501569887972208,0.42030790773022636,0.26818411569361045,1.3714182731652318,-1.075279755055198,1.181852562228774,-5.739515120928592,1.5330728318017364,2.576789973260368,0.10947684147431787,-0.30291448130185605,-0.15994122200042774,-0.8180377842286575
2026-05-21,1.5871426720098898,0.10563517386516708,0.49509863854579095,0.7745175735801204,0.0,-0.0284793808392419,0.1262472278222463,-1.9124744574683197,0.11111501731963337,-0.04241051766598704,0.03419621486551885,0.08659789969403399,0.09389819100538696,0.4878712943020622,0.10190935423184792,-1.2988730839661613,-0.1907534983544185,-0.06654816087834932,-0.0924772239727904,0.052535157181785606,0.18523870892512825,0.5331921033904584
2026-05-22,0.9163302390983277,0.47417233018866395,-0.2567723142179568,-0.14564968198004677,0.2505646867153723,0.16703582947216314,0.3805233765315414,2.9531158757147473,0.2665085591235299,0.09431562867754559,0.3060526733932933,0.257429497741697,0.18518202499811207,-0.9005608091279321,-0.49548700227911996,-1.0612391925682874,-0.6813220339339303,0.959203789929752,0.08178825669436536,0.03194394546286379,0.07119615627108113,0.07128920036909443
2026-05-26,-0.02366412409112284,0.6214084642383285,1.106204818289538,3.713536138942046,-0.24869525826040406,0.3849140005036261,0.9172574129525826,0.5111070866846291,0.33736461648502375,0.29703590562839766,0.8427731135378291,0.553406946067187,0.4236799058119862,-0.05180068860232284,1.0090264485000622,-2.861403262371931,0.0032241482631746943,0.24197216729411825,0.005030264626588552,-0.05459509755506943,0.1091499748873546,0.13440673963166866
2026-05-27,-0.47461615387695416,0.16432373415965895,0.002676079092919259,0.16702785366452944,0.3976148621604865,0.22406121402952037,0.06954147746258278,0.09205291303132532,0.31944334438741184,0.11927592563397582,-0.2075056597108007,-0.0610449041334289,-0.12740573643893222,0.36203621677738296,0.6593735662904143,-4.273813601334213,-1.158206902119803,-1.2375441500641258,0.181649451449981,0.19392116537010345,-0.1156802592614722,0.24024706959658984
2026-05-28,-0.45297728028224793,0.7540225152576037,-0.12132178111110192,0.5250518626758097,0.19821916307813633,0.4368612393801886,0.21386668151567212,0.27005283001639574,0.5063719341343733,0.3285985872579061,0.1244524794981315,0.04948520233454447,-0.17860061386093587,-0.31023552817504463,0.23788844540473644,0.012902463939324798,1.2461907342683078,1.6999153846238308,0.2038807140566206,0.037229512219539934,-0.09245246990977374,-0.3263232573580775
2026-05-29,1.2348850684852901,0.0619087669414493,-0.20938686474209228,-0.20149871373970896,-0.14863056014207318,-0.07064710171685457,0.10911783235594069,0.0007747220633661559,-0.09544402297389723,-0.08725556941049463,0.09326365181854031,0.29899743684724084,-1.071202481416221,0.7737948074194613,0.06325647797541684,-1.4875924379417556,0.8614209257171904,-0.7002719681588885,-0.18692187302725036,0.11537939315946387,0.026620196347684484,0.21766711404612618
2026-06-01,-0.35466026092070474,0.3240357667459217,-0.49993260686068774,2.186591416832695,-0.04958860293605862,-0.12084174124690455,-0.6089797742285965,-0.41664509827194113,0.036486591844582764,-0.02428997073878546,-0.19849104714837318,-0.23610573452291875,-1.6445567088304718,-1.4492993881503844,-1.8027042970278937,4.898277833257985,-1.3627351677393307,2.8434416376330938,0.05209451627892133,0.023709294565534788,0.10176135907702674,0.31337985008867686
2026-06-02,-0.5224345619388807,0.313140480970872,0.673272479225919,1.199595545968841,0.7905179985328321,0.251745024300646,0.3074331958653488,0.43057441679295405,0.16826552212862583,0.2525631081609692,0.4407587786359554,0.5649262621761613,0.6334023921582334,-0.8902893023596481,-0.2095723736872829,1.4752566247165568,0.34507569337634947,1.7663484334051596,0.1774386178847479,0.061926752231481114,0.24882778508583098,-0.04283108033212946
2026-06-03,2.050265726903815,-0.49643422319710173,-0.9909414047481694,-1.0429809180957534,-0.4933424554228386,-0.047238569868059035,-0.17487736327305478,-0.3201307807730703,-0.06806184335729609,-0.0679622276589994,-0.08581684946126168,-0.05910259995280055,0.09132011862194021,0.4461321859652785,-1.4494229247332493,2.78942495615393,-0.7875951885421905,-2.741719745046758,0.20775762993119032,0.08825492482343741,0.14788959890890738,0.34042086178678554
2026-06-04,-1.2676279712624732,0.35965149012396935,1.102473905084106,-1.1972019754168004,-0.3467887485420106,0.11007851754631284,0.036673917522028705,0.0003415889907662089,0.19402252460142283,0.1705674076311278,-0.1494628920844528,-0.1425238863720742,1.7567239252462599,-1.1323336756258118,0.39996383863692897,-2.9860190553978647,0.812637263191208,0.7658253468308492,-0.017504956165212034,-0.12486727700414751,-0.2079423482511641,-0.583789510103443
2026-06-05,-0.07089845713302984,-2.5835689639403054,-1.968581290403022,-6.718254049881735,-0.09930639846807798,-0.5013943322362874,-0.3143671241877741,0.07193565201788135,-0.5954117992977246,-0.4710589774069797,-0.09796395570942906,-0.09327424102037854,0.7466993588376181,-0.37144975316845835,-1.1680818898876915,-2.7269240235979217,-3.6917255321707843,-4.21047128502761,0.03125874467842623,0.048999673165690275,-0.006054158715035646,-0.02893263671742307
2026-06-08,-2.4166719031245987,0.4365719348376311,0.6570171397554817,1.9904139910907213,-0.04968716263416005,0.10352879371244977,-0.36497997415584676,-0.7198490693433596,0.10866487001135519,0.3487994657624994,-0.5506696028330078,-0.4990424510517874,-1.1627562011905728,1.1890729464003846,-0.8559976171125319,1.7989808702083954,0.47001651062177063,1.437092832673634,0.21041061158874672,-0.559251520860981,-0.43357532136851984,-1.00918831383124
2026-06-09,1.2275978701167052,-0.38945219823626764,0.3150165678114186,0.01093649245891232,0.6440395610876504,0.18216028606130383,-0.28271262307762834,0.023998222772898887,0.22790102071813087,0.005049062087732421,-0.05601856304989116,-0.22636101063583952,2.182763168956661,-0.36841949728952733,-0.06774925554486286,-2.9855177556538948,-1.742613850849034,0.034140217529596,-0.09547545465152839,-0.04439888046316066,-0.10622510321751046,-0.14776755090209256
2026-06-10,-1.4458051391489193,-1.4580903429456646,-1.2323382195810217,-1.6470675802684944,-0.14825725144341453,0.035022821473296856,0.24514756425142165,0.38608873898073887,-0.09984968171356638,-0.0575431362238391,0.3033074841556452,0.5322517760301608,0.14126953944847198,1.1272870960777897,1.502514180731776,2.3901579094862417,-4.10291188147223,-2.175148941914556,0.13102573936159928,0.1904521648147822,0.4121158686118413,-0.1056056460873762
2026-06-11,-0.36474426708198,1.7745168915892955,3.234414220100243,4.38759017591021,-0.1980168480332127,0.7804874135188046,0.46072134390582775,0.27446345283282936,0.9361042664277092,0.6787939646122547,0.29041698231603863,0.03628119560448052,0.017425906370694536,0.5977902846767854,-0.19504905219337407,-4.06912549589112,3.1751849347295966,3.2722625827058245,0.08911512773332433,0.09131209326683559,0.0144568671936053,-0.3192614064000834
2026-06-12,1.4750613624690567,0.29175838165916,-0.06891565607540952,0.3137771917108086,0.09906046800133314,-0.4173486686929946,0.22221776806636007,0.5229377503266901,-0.31179978185202734,-0.24760920281751658,0.3760592276157943,0.39572752121071925,0.6702015078236782,0.8001078017336011,1.7230156323868433,-2.9221975574941106,-0.19067748889051322,1.3067618217776782,-0.24760920281751658,0.10471331057869974,0.13418119115984553,0.5090928491464295
2026-06-15,2.816416150280574,1.6386816706438347,0.1692220358220966,3.1266816695695727,0.7398270100913792,-0.003222857514432891,0.4882313906588098,0.37281021798348396,-0.12769560654628648,0.01566854984352438,0.35750045570328737,0.557140965747199,-0.8122527815037993,0.33363399461175364,0.6528000866800374,-3.5316744244680023,2.4473249378498863,0.1431832937155131,-0.10934787042480064,0.12453469749824471,0.16608707077985016,0.28583284423405825
2026-06-16,-0.11675302463724498,-0.42678746743837254,0.3268165235082211,-1.4330445185814702,-0.5914230848871511,0.4253845972657977,0.11981552515639281,-0.033033965580173116,0.2903601536992007,0.1586515379091835,-0.059688143963408,-0.21481127647248166,0.41619759658168,-1.835863054821844,-0.23414109665494473,-4.6802275165797615,0.4431360413868409,-0.08137824133813765,0.1711529228021707,0.06141224517421222,-0.0846382068967235,0.13511058261658182
2026-06-17,0.4429451124387972,-1.1381384133328893,-0.751840611049655,0.001890789302228765,0.5914230848871507,-0.4118814066902011,0.4338878842970354,0.47441996124632174,-0.20275747128416702,-0.2570448863721075,0.08289293386950941,0.21272847927468785,-2.411694648811189,-0.4446217838948134,-0.1743367147013514,-0.9611661901104669,-2.178626878141786,-2.2092565873775776,0.11851155009131632,0.2855166167337042,0.1910225945966759,0.01588138794550382
2026-06-18,1.6151772224075445,1.1470973113570226,0.38389136018593406,3.313617970459598,-0.09832993713031733,0.47373460669273326,-0.5615360914471451,-0.688759423574911,0.3882053912878723,0.4633244227048364,-0.7590725050297567,-0.658490927107005,0.06045099791578827,-0.10489910272957917,-3.969336238934377,0.6714746599555091,-0.2688185112632173,0.6805123772488769,0.11276576652419948,-0.7734894632796738,-0.8173087121962196,-0.5529886507127245
2026-06-22,1.0996695857168692,0.20214062203162894,0.49467828796967317,1.1088832486349693,-0.34559631356037845,0.13508801439820284,-0.11067888511023438,0.28543822096645255,0.2510951249265536,0.429817551721699,0.3470376488723493,0.27321247051363734,1.5894271645569267,-0.4188474743814571,0.3819510929089124,-1.3987022370463957,-0.13835395492530006,0.38858691782193355,0.08923916056824717,0.12328885896654548,0.13047596280016946,-0.05748116408674252
2026-06-23,-2.538203596525296,-1.3780086629857156,-1.1579800686016948,-5.755821008351303,0.640870630059499,0.21241777721455568,0.5472773582825573,0.8482402536528384,0.20427152413635719,-0.0027693073672805076,0.5344474868703561,0.20909487748973285,1.3911007403962248,-0.052480310971065376,-0.3910001936509624,-1.1922540746533992,-1.823582602664965,-3.8300269928891137,0.08483430350303699,-0.22777673769072082,0.3847988874429822,-0.030086365375855913
2026-06-24,-0.8448846009745017,-0.028420323525902295,-0.22329251042895343,0.13697477488078838,-0.4926133786160938,0.6639675530990323,-0.016090565292227053,0.12105330596908369,0.47598521155607754,-0.007105733299994963,-0.2572087398812342,-0.2963015184426318,0.02310140266949818,0.9404444892597554,1.1478437546008529,-4.5519186402892275,-3.049946493689671,-2.725672326871323,0.017942128562495677,-0.40161910505412957,-0.3402501852300291,-1.157950426656112
2026-06-25,1.4274270236232316,0.2458943507653948,1.108429528113013,1.151661705705584,0.24661002392732245,0.16474757661022585,-0.17006552077215326,-0.19074209145662535,0.18366386990780603,0.13899981375253892,-0.007572220562833321,-0.011462566481451197,0.28681148482301866,0.6995807388733447,0.5611384362349584,2.903099601890169,1.0642042238897833,1.9298342539598334,0.10143522068351211,-0.11536089457789606,-0.16516445074038125,-0.10031484529784207
2026-06-26,-1.3802927844399029,-0.6998089619142516,-0.7742366939311679,-1.1135262947215907,0.09847518005210046,0.2788212728807783,0.41351261159561553,-0.006835128451389539,0.02595571170381519,-0.03666301875347707,0.22283597772034713,0.09919234342052306,1.5372636793442032,1.588148645330062,1.089058594944612,-3.540690954360943,1.1483116099961972,0.9679685513720324,0.02595571170381519,0.08544161871821608,0.19797297552904183,0.03135578308662536
2026-06-29,0.37619450705788987,1.6229434103881584,1.0619534536968809,0.34543739095320286,-0.09847518005208711,0.02043819270563996,-0.11983228580581953,0.13823344494341605,0.1713609995130033,0.2141038557276662,-0.1044727523793817,0.08333749525144837,-0.5395184137707572,-0.43295840506700645,-0.6964839914468053,1.4943652346773233,-1.3719458107236113,-0.2793656482771821,-0.011119009485958427,0.19727714274747576,0.06138246277203183,-0.05376269969020193
2026-06-30,0.77148837647408,0.8596908413327519,0.6162756384444767,1.5269307124782558,-0.6424542155446861,-0.4327646605342868,0.3482626748214513,0.2537607142903967,-0.49192247072248635,0.03403186190928196,0.618003409248863,0.6308547051186728,-1.68393084894357,0.12753319073370767,0.30074303835624205,-0.5154498613215004,0.029754746528132377,1.4180914346934548,0.08402680923996707,0.38527052029866193,0.5101671986677077,-0.12107870653297438
2026-07-01,0.2093801825358046,0.2991061665586115,-0.4390237723866407,-2.4273383698799806,-0.14884572008305302,0.19121076499670067,-0.03041118750593834,0.4638215108122165,0.22444743636818054,0.42061864971993407,0.4456416361538312,0.2698430948445059,0.8380703235832572,-1.2569098540587302,-0.679793118902878,-2.589010230617064,1.0352784538065865,-0.9533522526098959,0.4344481563307361,0.38109542313145645,0.41248563377486874,0.842696052660321
2026-07-02,0.5099609869633458,-0.18623724310781808,1.7294067366824009,-1.2349760805884984,-0.44787109790052676,0.04092417884953594,-0.16512682713034132,0.006819603095489451,0.1110779492533345,0.09591205584048881,0.16090636308453005,0.29258941204353117,1.1770485070432868,0.6432528907479577,1.8043601308116355,0.6304281259075012,1.9567295626713013,0.16002621841099343,-0.05474388039756324,-0.37298363292050646,0.16090636308453005,-0.3414081504031802
2026-07-06,1.0492732115201597,0.19794225704979218,0.020494763941370963,2.135509117735589,-0.14988685744904998,-0.6072871048273527,-0.17510436902363138,-0.04669163129504954,-0.6434079253201486,-0.4704708177393906,0.0910904939848711,0.21719998431360088,-1.4699500584297693,0.6550810146692068,-0.5839782509003142,-0.31581091690924495,0.3812690046018276,0.793140664423142,0.0018524084145227783,0.132770352379898,0.10767261853765302,0.30226674457352787
2026-07-07,-0.8888922213519562,-0.08317031898005849,-0.6459055095958349,-2.3829258652807743,-0.4008021643399048,-0.11781444642260458,0.35064627246112123,0.4203739250040264,-0.3364708680790912,0.2553340929815948,0.48816583227316473,0.5725465927887786,1.5790214737291233,0.02510706609178176,0.8370071361398032,4.679455474551272,-0.8285302573299949,-0.8031952899562633,0.393152265146739,0.43502136368465394,0.703990489448748,0.6577112717165569
2026-07-08,-1.4528085558701465,-0.13989838047982797,-0.8010305810760735,0.9425499487627109,0.0,-0.03345268641423672,-0.9575103833096104,-1.1256595107866758,-0.025328353032477026,0.04406588195237649,-0.7083363980674604,-0.44423104590848733,-1.469856570804024,-0.5286327682459585,-3.2576903230785064,3.1453684571280514,-0.6390509058710976,-0.6900035686763077,0.1695228048112258,-0.18134151204479934,-0.19179898221743244,-0.30828592774260705
2026-07-09,-1.592163835448162,0.9512992836536064,0.36883155790195044,0.9353405183187989,-0.15071516885599565,0.3219799057143971,0.7195325544600537,1.009463808086152,0.14547760080801034,0.22124875791885643,0.7722224438102459,0.6173732185679468,0.4074691984425713,-0.20212483528271968,1.6897000418481194,-2.7849094650772512,1.099531022081924,1.92608388948476,0.10833721300354367,0.2783501249308734,0.46364595636500916,0.31006587165275823
2026-07-10,2.1039355080358417,0.32175254251409763,0.07246974062643562,0.07120015764649024,0.6523740362406548,-0.19373952605794126,-0.01107693704611818,0.29790362905165246,-0.34070916974485915,-0.15851512811698035,0.09731626577575175,0.10484972336387434,0.12827969861445768,-0.05059510847311555,0.00034907144525121584,-0.3931246814834784,-0.4181887318101331,0.5254163556269729,-0.10833721300355219,-0.0021536288688322074,0.039041275448968085,-0.007986307953031674
2026-07-13,-0.2594035177046647,-1.0677241621221434,-1.1040158687095991,-3.952537394650152,-0.1504136658614539,-0.6629447412270163,-0.7175282198558532,-1.1711446012463995,-0.7655380904921008,-0.5377970071469975,-0.788396393257964,-0.5405496287348177,0.22351746008204168,0.0,-0.903862302881321,7.732001188542598,-2.9547323938222725,-0.43086908765522636,-0.29916078056914186,-0.5493723581270155,-0.4966877219129908,-0.3127589234031755
2026-07-14,0.4946423935325617,0.6942339474443847,0.8393483100607548,2.1374934942436585,0.6003019527874942,0.6181072921012806,0.2965905749315892,0.20172502782479065,0.5732627704141294,0.5407994138990126,0.04567460584035281,-0.025656707342765386,0.07367552300084407,0.8315541334806636,0.6461606717132057,2.340199236672204,1.6978946763722569,1.9088744854940922,0.3397986423948865,0.14235983027597862,0.04567460584035281,-0.006232982364575538
2026-07-15,0.9587352753514722,0.24647816221006308,0.7752645028773586,-0.3014922496846163,0.5471289450589755,0.09644698132486491,-0.5491010748415021,0.45430908902659856,0.1954228532793769,0.013911768439125964,0.17895645487043968,0.23715834905980526,0.14768063079070895,0.32569329433065936,-0.5158861378524345,0.8527686295780349,-0.09537136546619002,0.08414977886475444,-0.14910197979612513,0.2242208028984605,0.22069404837476883,0.691779288640206
2026-07-16,-1.3118014300404366,-0.614260103861009,-0.4419014966302563,-2.1980045587384276,-0.44742803949210774,-0.1349138099400248,0.8603003030437685,0.7588006069521018,-0.1453164709026216,-0.08345279227518633,0.8535689134773659,0.895055472132129,2.1622796630977414,-1.1572474278113076,1.2578297475728493,-1.7993992419141531,-2.075580274956475,-1.5574555701610806,-0.07092493237996167,0.3184537226063932,0.9664259473878987,0.35555347699328504
2026-07-17,-2.6279582077826205,-0.8072500633528761,-0.03811404639896101,-1.2246162299750736,0.24881824232915925,0.3153408034946361,0.07941121690013939,-0.2328025622066927,0.24319641042861795,-0.0007494104042183677,-0.23328919114174426,-0.48419487610411527,0.13741521805800982,0.2779537332040273,0.6103752106173721,4.019152865466294,1.1282681043731337,-0.18113110455672618,0.18739578051879757,-0.026362259216841193,-0.25877560122847976,0.06427546363984679
2026-07-21,2.2736410779237373,0.8152903760944414,1.197441742862679,2.746617778055469,-0.3485191478960226,-0.26157709985807504,0.08493054504653845,-0.0434975984003002,-0.29575183767730573,-0.05304020964925206,-0.18983615822938438,-0.09982078804114419,0.02481335089478886,1.9738331454605356,-0.23746468868327889,2.6109721704110216,1.9270008235217275,2.8327927675992033,-0.01538090706626465,-0.12661498466238663,-0.12181317232314157,0.2817644594921981
2026-07-22,0.519236474577268,0.31292695115540503,0.8003618892635058,-0.10782836921355612,-0.04988775359140897,0.20395678189780891,-0.031146360129523258,-0.11730242884618888,0.2606594300768993,0.26592727084840656,-0.0627212454267538,0.006418069872119173,-0.07440918302220717,-0.17333079696217138,0.2898095246038003,2.601838423758049,1.572622778659664,-0.2815714802057466,0.42926873976957763,0.3197473397420121,0.039400070823030715,0.4395490840613343
2026-07-23,0.4228336109521105,-1.3069885362291085,-1.4887616843660678,-0.6662703861553863,-0.1498127621021992,-0.33326095000046696,-0.08936456727666363,-0.5084323731517627,-0.44946619102277124,-0.4297253565395765,-0.3024479690201714,-0.5081033420090666,-0.39818791032348755,-0.6215106079766904,-0.5231629050397417,5.6974560183496,-2.0893807835348097,-2.671302414583497,-0.06437119935773543,0.017195380938298907,-0.08936456727666363,-0.21909460839373607
2026-07-24,-0.9420700855293916,0.5610042609451767,1.1176524098749858,-1.5260661691003117,-0.40060143709386464,0.6531274147140047,0.13553039854252413,0.5963557775360261,0.43121684349037187,0.4594546035886106,0.17776969345575888,0.03864814065608924,2.584842996179101,0.2490691927989087,0.3513033094327968,-1.5682801423139825,0.5616861616968896,0.7466901984753326,0.4594546035886106,0.15571433087145503,-0.005512730456086781,0.14251153771339334
2026-07-27,1.2930707968944026,-0.1133352076106831,0.3501926774530444,0.3218785900072775,0.15041366586146462,0.13337976669070753,0.6478383883993019,0.48932093598150594,0.12824039395562048,-0.08452804237775957,0.3336826446980822,0.41529008836176373,-0.40317696681126514,1.4569923543661636,1.2421841582270923,-9.267360135382848,0.5963996551465361,0.9542371274282757,-0.13499041906899759,0.02359897663590316,0.15074201671054763,0.25063771496879
2026-07-28,-2.435396402843498,0.3369391635981858,0.5357859630152968,-1.9026341653102625,0.10015023370896003,0.3974720447404122,-0.04364931997981074,-0.15590026685554897,0.39774070467516465,0.2868033628366038,-0.21079181422958915,-0.3196725226803351,0.5047121059712357,0.14698860587842053,0.5839974295891294,-3.3847690754876556,-1.316257288925514,-1.0436362424953864,0.0977473901785384,-0.130424718576049,-0.36369730540554834,-0.006120771219081362
2026-07-29,0.38222693453541895,-1.4939370197584636,-0.35875200583963146,-2.033559264088361,0.05003752919012798,-0.3609373384985344,-0.23918943572584658,-0.4895141355343081,-0.5158617472581374,-0.17012845784296948,-0.2497197841078821,-0.24468672007502626,-0.2309057700918932,1.095566323002505,-0.7836951909212273,7.121357832018653,0.5186517227436743,0.1089279960111403,0.056771909834505405,0.20388722207161009,0.03078037887671975,-0.12067166476142062
2026-07-30,-0.7659204508285504,1.3179017749085273,2.0239695364955623,3.6987698291424516,-0.10010010845848878,-0.3018576196914654,0.20639428109874833,0.5479760109895188,-0.1660621067646896,-0.054945499960888516,0.3720722060861684,0.41032741698429187,-1.5139209749289027,-0.9732436626058806,0.7831281832115157,-1.7700874694898172,1.280408655810112,2.2039541665028106,-0.344778714955368,0.3659429209655053,0.2614785913223768,-0.5739033257993966
2026-07-31,1.407633882891893,-1.2098100613524514,-2.3677911031963785,-1.1440054699951356,-0.3511415697277095,-2.206545053930941,-1.7031748233261284,-1.5959862122936141,-2.0776949729800607,-1.9146219626221934,-1.3162757415845674,-1.231214088826466,-2.4714589319401026,-1.6020043370043462,-1.591335782038566,-0.6102279210879367,-3.428507274236166,-1.3695390768072306,-1.9272115397105118,-1.4382988493232784,-1.231214088826466,-0.9923085064482112
2026-08-03,-1.4076338828919046,-0.2228413012237722,-1.2624749078613755,-1.2788609166462053,0.15064024942565682,-1.434348790827076,-0.8063002907564134,-0.7889066635782902,-1.3369526176484934,-1.3669072402545372,-1.1329865742431051,-1.1658307421764602,-1.5158914219124566,-1.7291493189207068,-1.3280059716244466,-7.249610262735698,-1.591353650850486,-1.4350788320716332,-1.6370940916496473,-1.4631384366189895,-1.4134152294854736,-1.334091232838286
2026-08-04,0.0960614867337627,1.7532057739652531,0.9621559721740641,2.544777201971562,-0.10040161485984818,0.4285641291816206,-0.32232404378218715,-0.16558360457983456,0.5770708239935444,0.26852942872500263,-0.22259252237927304,-0.3484992824305005,-0.18515936424251547,-0.9396916109987554,-0.029071354057955162,-5.3648712130609715,0.6233215954623789,1.2198284217553235,-0.03363498806473346,-0.3414280072338962,-0.5022434302216723,-0.714141084953749
2026-08-05,2.2078048102296113,-0.09644383824260282,0.11430618464878413,-0.321727078860561,0.050213408034728124,0.16772884839224175,0.4975433694563214,0.40726007558664873,0.08467686444969201,0.06568443840214624,0.22729461589865732,0.2232030453886284,0.10341594944508166,0.5344238388117263,-0.6228699617579632,-0.6769587221465015,4.157390978682423,1.8567615284622905,0.10341594944508166,0.3188852845052354,0.27807975234120114,0.8068798322940132
2026-08-06,0.46849464936033575,-0.21826467225666626,-0.08012892963618497,-1.129200430985492,0.4008021397538868,-0.4449125271085778,-0.14340459015012183,-0.17747045082342192,-0.41499498433929216,-0.13383237774740403,0.021773191039729658,0.13593399405168832,-0.9519411957536897,-0.12698256833668875,-0.2529284234250295,3.3558844893654136,-0.05065677640030422,-0.27891725905325415,-0.058355581299750374,0.15549757631619301,0.08105728709909775,0.08905152757066953
2026-08-07,0.3732218001538805,1.121678383341817,1.3470121828438872,1.461045189643158,-0.15011261262670914,0.7484157706021985,0.39480144243447396,0.5082688657765592,0.690488108191459,0.7006055604176651,0.3878350071858495,0.6021090239242156,0.9090128962861763,-1.5365217850312112,0.7101855033521527,-0.23952768504313005,2.7452012824208136,-1.620474681734015,0.5120058219523118,0.21881423812481113,0.40478347174206636,0.17248318939859958
2026-08-10,0.6729344340743129,-0.3572772832069974,-0.6953735748034141,-1.0461356533928983,0.15011261262671913,-0.7685487217086622,-0.6366565746911631,-0.5062949890855983,-0.8828063612123824,-0.49095601014421447,-0.20985896669200166,-0.06571329161705648,-1.6776587708343949,1.0689171647166245,-1.196535116654782,6.185631124113048,0.6886964020920198,0.37176929853995533,-0.3275311858208576,-0.038902683960617176,-0.06571329161705648,0.09598901654657298
2026-08-12,0.8291157583981181,0.3186118582032546,0.014269593984664472,1.6303963196510194,-0.4008021397538822,0.1653194313281967,0.07233075919370918,0.06230104146066497,0.1910429713085995,0.19415238777868418,0.07078209977243231,0.007512181171344908,1.028763862166366,0.5917938280058771,0.043023932967223906,-0.17476254010281225,1.051248708693607,-0.43004865097142164,0.06845875914808634,0.04788347339644209,0.06230104146066497,0.1948544993459539
2026-08-13,0.8677834771626449,0.7348736991769894,0.1803703491029978,0.37003244490377907,-0.2513195592726726,0.40463305162058855,0.05955214829357154,0.053058981294760686,0.4439315040383913,0.26539458789748516,0.017125352808132946,0.0698113733078687,1.336219724714831,-0.05132153050804211,0.01677578974945964,-1.7597319652137355,-1.4432898931568379,-0.38614625077420517,0.039551114055666144,-0.09632157000874267,-0.05067783844052707,0.007113607122948549
2026-08-14,0.4763534016033486,-0.13668300482004148,0.05066487852119282,-0.04354931539288208,0.15086751667211717,-0.217577882383206,-0.3665451128557944,-0.4578925466804932,-0.3428960182591397,-0.038832887952400856,-0.15135197782957588,-0.055937337268281345,0.3147644781110951,-0.2055499182095999,-0.6183494050101938,1.3093642630928992,0.691145020753091,0.4621857689535217,0.06148437172356165,0.11535070967062587,0.009763014190798685,0.08795261916581636
2026-08-17,-0.3400207288169396,-0.6012627974828562,-0.42014056401854205,0.9328587206515706,-0.45328710199871586,-0.3426015532418981,0.17390654241995535,0.07096735757429255,-0.523975274277314,-0.2529314136386812,0.2031089958510674,0.29047861878291714,-0.9911862438292457,0.07713074042238267,-0.8709237619063621,2.7456134032610566,0.8664389950513058,0.17207779825137265,-0.1274051994728363,0.21404189439018229,0.27952277670706355,0.17390152663876096
2026-08-18,-1.1188608555967439,-0.6044200103665802,-0.5255141839604657,-2.911853426427054,-0.20212235279340016,0.17034824281282346,-0.06877412690337446,-0.04919105031270806,0.20580805801133029,-0.02709614983396449,-0.14760853081782693,-0.0514365669045202,-0.2946511478223514,-0.5411686960726133,-0.46285099763618404,0.3570354154898776,-1.6528777610910779,-2.3223310190561177,0.07344803991764333,0.13665515133859052,0.10751144935651072,0.39723973984314986
2026-08-19,-3.0068691110601184,0.34127509113884186,0.8717300072496645,1.3032791334206117,0.6051455683355282,0.6147758411942312,0.24617964939761833,0.36885090178566143,0.8190668424548683,0.3577814921477282,0.0466692691204683,-0.05266435186197067,1.1407374821645992,-0.3624130293391234,0.11836163495970257,0.3228645608181302,3.8963597483142784,0.6662652064562932,0.13171108823028407,0.0877447378875431,0.02964360459528965,-0.24311366469396944
2026-08-20,1.2229691466348895,-1.6452392439351422,-1.0405224787504364,-0.03321777388326382,-0.20130857326814042,-1.2094713099974657,-0.3248099997001356,-0.5434718600706511,-1.2814075810695988,-0.9900650373213917,-0.2838059045234225,-0.30194069205880136,-0.8118457554748458,1.0833224337069849,0.038849909517583436,1.933438937470694,-0.4591584401549855,-0.903304655551904,-0.8017021154104705,0.03789751757147915,-0.33487200460722605,-0.2215252542967227
2026-08-21,0.21015769556260908,0.7910617935956684,1.1514626122811058,1.130493302377772,0.05036514838270853,0.18903032985829876,0.716009264489856,0.8313491286592912,0.2506778846433027,0.4456071014929932,0.700921991956934,0.6570083723464857,0.2813005982378105,-0.5659907056849264,1.0830318969447406,0.4570746591747172,2.3145696664920923,1.996123268205735,0.3827703937479221,0.5080054625485664,0.700921991956934,0.3321041274134108
2026-08-24,0.25626106044787356,-0.2810501181911303,-0.10548429810004262,-1.502983705833246,0.0,0.21771548994717582,-0.005214140513822634,0.1425074204530932,0.25839640222417765,0.12619941272274307,0.1329216704484657,0.23302471106687103,0.6205113203772065,0.514669175176878,-0.3408219456297978,-1.8080691602256065,0.7967149089056097,0.213068764433598,0.01322354432383486,-0.042547042264339696,0.09038217213651847,0.746078331937044
2026-08-25,0.23239610738233848,0.46686331534559566,0.772110385735942,1.8574779538472228,-0.10075567602998278,0.6839210025433167,0.37166210126868954,0.5497105595087431,0.7861564539471846,0.42343718527001983,0.225396790560717,0.22713115262014053,0.29902852630969945,0.025664057628353516,0.5100440482472187,-4.5442139486653845,0.47067823828503447,1.8551041777646624,0.14777916343741035,0.026391653355190996,0.029956906581354543,-0.0895499423652818
2026-08-26,0.6017143820025159,0.07496897936299282,-0.47443074871740587,-0.06626276056489092,0.05039052764726709,-0.15062751402361613,0.15669127987406536,-0.1899559702296807,-0.022122994467775495,0.02775278836652122,0.011156267171363256,-0.00434713707977946,-0.5941538175977708,0.4097316871703276,-0.49610141290939824,0.9995201118409162,-1.5366394510599877,-1.6795103799199604,0.05276988575340086,0.11089043948888365,0.12157788805560417,0.18428413793877813
2026-08-27,0.20744504385174448,0.6732351163776717,-0.43400783497811585,0.6730159335285676,-0.05039052764726566,-0.0763927106266214,-0.45634030539097836,-0.28303312644685985,-0.026740632089302507,-0.017462471614421042,-0.4715497753351179,-0.3445789458433335,-0.9582068361169215,0.1532175989219005,-0.8341995839852531,2.0873080102457293,0.3234403496337945,-0.1798105672157454,0.02009412239310272,-0.15021333977340695,-0.3610125812019088,0.26093121234342653
2026-08-28,0.45945405887876883,-0.18577565952513309,-0.2841913656885851,-0.6561619856665866,-0.30287756621607037,-0.36700405711551637,-0.2719431232413839,-0.18930743969124275,-0.31524209040296786,-0.12147123431792449,-0.0999410283987832,0.022884390328545817,-0.3793237657109784,-1.103282518897464,-0.39093681924576784,-0.19729527168841626,-3.256560477317929,-0.7369821441068379,0.041430781229496984,0.02639506589534025,0.04479371764980796,0.2323337899251377
2026-09-01,0.8442719858129872,-0.9238844855574373,-1.2652976626498023,-0.6081915654423369,-0.45581238705315713,-0.5683308276911574,-0.34024236519756035,-0.6002548508902096,-0.7520398876996895,-0.5815312757247394,-0.3938011478891082,-0.23158343895958558,-0.37974391615601905,-0.05153311116364295,-1.7190798927080566,5.081671806818965,-3.133444118616065,-2.586926388545261,-0.2344711027495138,0.013468752145408304,-0.17081637192490276,-0.08203314003478074
2026-09-02,-2.3449350314809907,0.7233872542291098,0.5448769846083795,0.8481902003116456,-0.1524003342975114,0.36750478135154885,-0.0265667167339327,-0.06978741134431121,0.40415017663317676,0.29332251695595757,-0.09383481692458097,-0.2549581845402377,-0.26076844204613303,-0.43910699510378043,-0.6796169112803561,0.3870004984117227,1.789092864563389,1.4511729076323205,0.2806783904131542,0.05278856838287125,0.008784268522825912,-0.04715573023830507
2026-09-03,0.37148870212467217,0.24357716052462514,0.05604006132848915,-0.32240988537400045,0.4565059918754055,-0.6893996418633136,-0.8232573310856584,-0.38314721425560394,-0.6555398743097063,-0.6714980723493132,-0.8475191800147431,-0.7681628976015026,0.1167596240920787,-0.41504599139861625,0.3220584107259827,-0.13407034742585294,1.032487408854428,0.15888429162516307,-0.7978225892920645,-0.8502171299165991,-1.0099491741666147,-0.5684813036769467
2026-09-04,0.3008217008789143,-2.460735310796905,-2.074566924897976,-0.2679587174053899,0.6054508908706222,-2.1070806405643716,-1.5529496036497787,-1.6822070819894075,-2.0935228854706485,-2.137704417045536,-1.6830283204546963,-1.8166221644150338,-2.7388905410401065,0.07795245295346906,-1.6541041703187078,-2.1660928053424087,-2.919138524483626,-1.9743893176681127,-2.074566924897976,-1.6997869051838734,-1.7342644952523603,-1.5465017039322928
