date,strategy,asset,signal,weight
2022-07-12,Equal Weight,Japan Equity,-1.0,0.05555555555555555
2022-07-12,Equal Weight,US Equity,0.3333333333333333,0.05555555555555555
2022-07-12,Equal Weight,Europe Equity,-1.0,0.05555555555555555
2022-07-12,Equal Weight,Emerging Equity,-1.0,0.05555555555555555
2022-07-12,Equal Weight,Japan Government Bond,-1.0,0.05555555555555555
2022-07-12,Equal Weight,US Treasury 7-10Y,1.0,0.05555555555555555
2022-07-12,Equal Weight,Germany Government Bond,-1.0,0.05555555555555555
2022-07-12,Equal Weight,UK Gilt,-1.0,0.05555555555555555
2022-07-12,Equal Weight,US IG,1.0,0.05555555555555555
2022-07-12,Equal Weight,US HY,1.0,0.05555555555555555
2022-07-12,Equal Weight,Europe IG,-1.0,0.05555555555555555
2022-07-12,Equal Weight,Europe HY,-1.0,0.05555555555555555
2022-07-12,Equal Weight,US REIT,1.0,0.05555555555555555
2022-07-12,Equal Weight,Japan REIT,-1.0,0.05555555555555555
2022-07-12,Equal Weight,Europe REIT,-1.0,0.05555555555555555
2022-07-12,Equal Weight,Crude Oil,1.0,0.05555555555555555
2022-07-12,Equal Weight,Gold,0.3333333333333333,0.05555555555555555
2022-07-12,Equal Weight,Copper,-1.0,0.05555555555555555
2022-07-12,Equal Weight,USDJPY,1.0,0.0
2022-07-12,Equal Weight,EURJPY,-0.3333333333333333,0.0
2022-07-12,Equal Weight,GBPJPY,-0.3333333333333333,0.0
2022-07-12,Equal Weight,AUDJPY,0.3333333333333333,0.0
2022-07-12,TSMOM Inverse Volatility,Japan Equity,-1.0,-0.07205719584337987
2022-07-12,TSMOM Inverse Volatility,US Equity,0.3333333333333333,0.021776169666391683
2022-07-12,TSMOM Inverse Volatility,Europe Equity,-1.0,-0.06029185389429937
2022-07-12,TSMOM Inverse Volatility,Emerging Equity,-1.0,-0.05826748893366927
2022-07-12,TSMOM Inverse Volatility,Japan Government Bond,-1.0,-0.09718563982395197
2022-07-12,TSMOM Inverse Volatility,US Treasury 7-10Y,1.0,0.09718563982395197
2022-07-12,TSMOM Inverse Volatility,Germany Government Bond,-1.0,-0.09718563982395197
2022-07-12,TSMOM Inverse Volatility,UK Gilt,-1.0,-0.09718563982395197
2022-07-12,TSMOM Inverse Volatility,US IG,1.0,0.09718563982395197
2022-07-12,TSMOM Inverse Volatility,US HY,1.0,0.09718563982395197
2022-07-12,TSMOM Inverse Volatility,Europe IG,-1.0,-0.09718563982395197
2022-07-12,TSMOM Inverse Volatility,Europe HY,-1.0,-0.09718563982395197
2022-07-12,TSMOM Inverse Volatility,US REIT,1.0,0.05840869884126549
2022-07-12,TSMOM Inverse Volatility,Japan REIT,-1.0,-0.08315910984286681
2022-07-12,TSMOM Inverse Volatility,Europe REIT,-1.0,-0.056645026209768495
2022-07-12,TSMOM Inverse Volatility,Crude Oil,1.0,0.03384369526397061
2022-07-12,TSMOM Inverse Volatility,Gold,0.3333333333333333,0.025885266013076915
2022-07-12,TSMOM Inverse Volatility,Copper,-1.0,-0.05191304783096328
2022-07-12,TSMOM Inverse Volatility,USDJPY,1.0,0.06479042654930132
2022-07-12,TSMOM Inverse Volatility,EURJPY,-0.3333333333333333,-0.05162926804628224
2022-07-12,TSMOM Inverse Volatility,GBPJPY,-0.3333333333333333,-0.04528594340898451
2022-07-12,TSMOM Inverse Volatility,AUDJPY,0.3333333333333333,0.03856169106416478
2022-07-12,TSMOM Shrinkage Precision,Japan Equity,-1.0,-0.02907636075597442
2022-07-12,TSMOM Shrinkage Precision,US Equity,0.3333333333333333,0.07862223756176288
2022-07-12,TSMOM Shrinkage Precision,Europe Equity,-1.0,-0.0955827807120582
2022-07-12,TSMOM Shrinkage Precision,Emerging Equity,-1.0,-0.08306604814039675
2022-07-12,TSMOM Shrinkage Precision,Japan Government Bond,-1.0,-0.0955827807120582
2022-07-12,TSMOM Shrinkage Precision,US Treasury 7-10Y,1.0,0.08010164633577048
2022-07-12,TSMOM Shrinkage Precision,Germany Government Bond,-1.0,-0.0955827807120582
2022-07-12,TSMOM Shrinkage Precision,UK Gilt,-1.0,-0.0955827807120582
2022-07-12,TSMOM Shrinkage Precision,US IG,1.0,0.0955827807120582
2022-07-12,TSMOM Shrinkage Precision,US HY,1.0,0.0955827807120582
2022-07-12,TSMOM Shrinkage Precision,Europe IG,-1.0,-0.0955827807120582
2022-07-12,TSMOM Shrinkage Precision,Europe HY,-1.0,-0.06466731116860211
2022-07-12,TSMOM Shrinkage Precision,US REIT,1.0,0.0955827807120582
2022-07-12,TSMOM Shrinkage Precision,Japan REIT,-1.0,-0.056317645680535974
2022-07-12,TSMOM Shrinkage Precision,Europe REIT,-1.0,-0.0006288559267828492
2022-07-12,TSMOM Shrinkage Precision,Crude Oil,1.0,0.04455439374551492
2022-07-12,TSMOM Shrinkage Precision,Gold,0.3333333333333333,0.02800633008810204
2022-07-12,TSMOM Shrinkage Precision,Copper,-1.0,-0.07913136347597542
2022-07-12,TSMOM Shrinkage Precision,USDJPY,1.0,0.0637218538080388
2022-07-12,TSMOM Shrinkage Precision,EURJPY,-0.3333333333333333,-0.0637218538080388
2022-07-12,TSMOM Shrinkage Precision,GBPJPY,-0.3333333333333333,-0.0
2022-07-12,TSMOM Shrinkage Precision,AUDJPY,0.3333333333333333,0.0637218538080388
2022-07-12,TSMOM cDCC Precision,Japan Equity,-1.0,-0.04472289739446875
2022-07-12,TSMOM cDCC Precision,US Equity,0.3333333333333333,0.06799933714134003
2022-07-12,TSMOM cDCC Precision,Europe Equity,-1.0,-0.1015046409734585
2022-07-12,TSMOM cDCC Precision,Emerging Equity,-1.0,-0.08623935337996383
2022-07-12,TSMOM cDCC Precision,Japan Government Bond,-1.0,-0.1015046409734585
2022-07-12,TSMOM cDCC Precision,US Treasury 7-10Y,1.0,0.05051491768870226
2022-07-12,TSMOM cDCC Precision,Germany Government Bond,-1.0,-0.1015046409734585
2022-07-12,TSMOM cDCC Precision,UK Gilt,-1.0,-0.1015046409734585
2022-07-12,TSMOM cDCC Precision,US IG,1.0,0.1015046409734585
2022-07-12,TSMOM cDCC Precision,US HY,1.0,0.1015046409734585
2022-07-12,TSMOM cDCC Precision,Europe IG,-1.0,-0.1015046409734585
2022-07-12,TSMOM cDCC Precision,Europe HY,-1.0,-0.06434458744146916
2022-07-12,TSMOM cDCC Precision,US REIT,1.0,0.1015046409734585
2022-07-12,TSMOM cDCC Precision,Japan REIT,-1.0,-0.07364254203717967
2022-07-12,TSMOM cDCC Precision,Europe REIT,-1.0,-0.0
2022-07-12,TSMOM cDCC Precision,Crude Oil,1.0,0.0441699979460747
2022-07-12,TSMOM cDCC Precision,Gold,0.3333333333333333,0.046976033983118684
2022-07-12,TSMOM cDCC Precision,Copper,-1.0,-0.0740136839020703
2022-07-12,TSMOM cDCC Precision,USDJPY,1.0,0.0
2022-07-12,TSMOM cDCC Precision,EURJPY,-0.3333333333333333,-0.06766976064897233
2022-07-12,TSMOM cDCC Precision,GBPJPY,-0.3333333333333333,-0.0
2022-07-12,TSMOM cDCC Precision,AUDJPY,0.3333333333333333,0.06766976064897233
2022-10-03,Equal Weight,Japan Equity,-0.3333333333333333,0.05555555555555555
2022-10-03,Equal Weight,US Equity,1.0,0.05555555555555555
2022-10-03,Equal Weight,Europe Equity,-0.3333333333333333,0.05555555555555555
2022-10-03,Equal Weight,Emerging Equity,-0.3333333333333333,0.05555555555555555
2022-10-03,Equal Weight,Japan Government Bond,-1.0,0.05555555555555555
2022-10-03,Equal Weight,US Treasury 7-10Y,1.0,0.05555555555555555
2022-10-03,Equal Weight,Germany Government Bond,0.3333333333333333,0.05555555555555555
2022-10-03,Equal Weight,UK Gilt,-1.0,0.05555555555555555
2022-10-03,Equal Weight,US IG,1.0,0.05555555555555555
2022-10-03,Equal Weight,US HY,1.0,0.05555555555555555
2022-10-03,Equal Weight,Europe IG,-1.0,0.05555555555555555
2022-10-03,Equal Weight,Europe HY,0.3333333333333333,0.05555555555555555
2022-10-03,Equal Weight,US REIT,0.3333333333333333,0.05555555555555555
2022-10-03,Equal Weight,Japan REIT,0.3333333333333333,0.05555555555555555
2022-10-03,Equal Weight,Europe REIT,-1.0,0.05555555555555555
2022-10-03,Equal Weight,Crude Oil,-0.3333333333333333,0.05555555555555555
2022-10-03,Equal Weight,Gold,1.0,0.05555555555555555
2022-10-03,Equal Weight,Copper,0.3333333333333333,0.05555555555555555
2022-10-03,Equal Weight,USDJPY,1.0,0.0
2022-10-03,Equal Weight,EURJPY,1.0,0.0
2022-10-03,Equal Weight,GBPJPY,1.0,0.0
2022-10-03,Equal Weight,AUDJPY,1.0,0.0
2022-10-03,TSMOM Inverse Volatility,Japan Equity,-0.3333333333333333,-0.028380439427975388
2022-10-03,TSMOM Inverse Volatility,US Equity,1.0,0.07390371962676859
2022-10-03,TSMOM Inverse Volatility,Europe Equity,-0.3333333333333333,-0.02295456775191288
2022-10-03,TSMOM Inverse Volatility,Emerging Equity,-0.3333333333333333,-0.022824827454702074
2022-10-03,TSMOM Inverse Volatility,Japan Government Bond,-1.0,-0.12131897545786441
2022-10-03,TSMOM Inverse Volatility,US Treasury 7-10Y,1.0,0.12131897545786441
2022-10-03,TSMOM Inverse Volatility,Germany Government Bond,0.3333333333333333,0.04059416265449364
2022-10-03,TSMOM Inverse Volatility,UK Gilt,-1.0,-0.10057933793066004
2022-10-03,TSMOM Inverse Volatility,US IG,1.0,0.12131897545786441
2022-10-03,TSMOM Inverse Volatility,US HY,1.0,0.12131897545786441
2022-10-03,TSMOM Inverse Volatility,Europe IG,-1.0,-0.12131897545786441
2022-10-03,TSMOM Inverse Volatility,Europe HY,0.3333333333333333,0.04050942694371578
2022-10-03,TSMOM Inverse Volatility,US REIT,0.3333333333333333,0.02240143705580422
2022-10-03,TSMOM Inverse Volatility,Japan REIT,0.3333333333333333,0.03321528377639008
2022-10-03,TSMOM Inverse Volatility,Europe REIT,-1.0,-0.061264100923983086
2022-10-03,TSMOM Inverse Volatility,Crude Oil,-0.3333333333333333,-0.013140600628868461
2022-10-03,TSMOM Inverse Volatility,Gold,1.0,0.09001671406518402
2022-10-03,TSMOM Inverse Volatility,Copper,0.3333333333333333,0.02010323658258085
2022-10-03,TSMOM Inverse Volatility,USDJPY,1.0,0.08087931697190961
2022-10-03,TSMOM Inverse Volatility,EURJPY,1.0,0.08087931697190961
2022-10-03,TSMOM Inverse Volatility,GBPJPY,1.0,0.08087931697190961
2022-10-03,TSMOM Inverse Volatility,AUDJPY,1.0,0.08087931697190961
2022-10-03,TSMOM Shrinkage Precision,Japan Equity,-0.3333333333333333,-0.05648610511879068
2022-10-03,TSMOM Shrinkage Precision,US Equity,1.0,0.09397137579654417
2022-10-03,TSMOM Shrinkage Precision,Europe Equity,-0.3333333333333333,-0.09397137579654417
2022-10-03,TSMOM Shrinkage Precision,Emerging Equity,-0.3333333333333333,-0.09263349352640907
2022-10-03,TSMOM Shrinkage Precision,Japan Government Bond,-1.0,-0.09397137579654417
2022-10-03,TSMOM Shrinkage Precision,US Treasury 7-10Y,1.0,0.09397137579654417
2022-10-03,TSMOM Shrinkage Precision,Germany Government Bond,0.3333333333333333,0.09397137579654417
2022-10-03,TSMOM Shrinkage Precision,UK Gilt,-1.0,-0.09397137579654417
2022-10-03,TSMOM Shrinkage Precision,US IG,1.0,0.09397137579654417
2022-10-03,TSMOM Shrinkage Precision,US HY,1.0,0.09397137579654417
2022-10-03,TSMOM Shrinkage Precision,Europe IG,-1.0,-0.09397137579654417
2022-10-03,TSMOM Shrinkage Precision,Europe HY,0.3333333333333333,0.09397137579654417
2022-10-03,TSMOM Shrinkage Precision,US REIT,0.3333333333333333,0.0
2022-10-03,TSMOM Shrinkage Precision,Japan REIT,0.3333333333333333,0.06816141694125571
2022-10-03,TSMOM Shrinkage Precision,Europe REIT,-1.0,-0.0666702147129412
2022-10-03,TSMOM Shrinkage Precision,Crude Oil,-0.3333333333333333,-0.022855420760023244
2022-10-03,TSMOM Shrinkage Precision,Gold,1.0,0.06377250141506895
2022-10-03,TSMOM Shrinkage Precision,Copper,0.3333333333333333,0.015274963494468722
2022-10-03,TSMOM Shrinkage Precision,USDJPY,1.0,0.0
2022-10-03,TSMOM Shrinkage Precision,EURJPY,1.0,0.04913695833687508
2022-10-03,TSMOM Shrinkage Precision,GBPJPY,1.0,0.0626475838643628
2022-10-03,TSMOM Shrinkage Precision,AUDJPY,1.0,0.0626475838643628
2022-10-03,TSMOM cDCC Precision,Japan Equity,-0.3333333333333333,-0.06596003933288141
2022-10-03,TSMOM cDCC Precision,US Equity,1.0,0.10665990500576733
2022-10-03,TSMOM cDCC Precision,Europe Equity,-0.3333333333333333,-0.08918616306095056
2022-10-03,TSMOM cDCC Precision,Emerging Equity,-0.3333333333333333,-0.10665990500576733
2022-10-03,TSMOM cDCC Precision,Japan Government Bond,-1.0,-0.10665990500576733
2022-10-03,TSMOM cDCC Precision,US Treasury 7-10Y,1.0,0.1001576912978275
2022-10-03,TSMOM cDCC Precision,Germany Government Bond,0.3333333333333333,0.10665990500576733
2022-10-03,TSMOM cDCC Precision,UK Gilt,-1.0,-0.07122245879328097
2022-10-03,TSMOM cDCC Precision,US IG,1.0,0.08265934843095393
2022-10-03,TSMOM cDCC Precision,US HY,1.0,0.08435687204531161
2022-10-03,TSMOM cDCC Precision,Europe IG,-1.0,-0.10665990500576733
2022-10-03,TSMOM cDCC Precision,Europe HY,0.3333333333333333,0.10665990500576733
2022-10-03,TSMOM cDCC Precision,US REIT,0.3333333333333333,0.0
2022-10-03,TSMOM cDCC Precision,Japan REIT,0.3333333333333333,0.08071961690727529
2022-10-03,TSMOM cDCC Precision,Europe REIT,-1.0,-0.03199116375913883
2022-10-03,TSMOM cDCC Precision,Crude Oil,-0.3333333333333333,-0.01108394535813727
2022-10-03,TSMOM cDCC Precision,Gold,1.0,0.09123948235132132
2022-10-03,TSMOM cDCC Precision,Copper,0.3333333333333333,0.009250581953960925
2022-10-03,TSMOM cDCC Precision,USDJPY,1.0,0.0
2022-10-03,TSMOM cDCC Precision,EURJPY,1.0,0.0
2022-10-03,TSMOM cDCC Precision,GBPJPY,1.0,0.07110660333717822
2022-10-03,TSMOM cDCC Precision,AUDJPY,1.0,0.07110660333717822
2023-01-04,Equal Weight,Japan Equity,0.3333333333333333,0.05555555555555555
2023-01-04,Equal Weight,US Equity,0.3333333333333333,0.05555555555555555
2023-01-04,Equal Weight,Europe Equity,1.0,0.05555555555555555
2023-01-04,Equal Weight,Emerging Equity,-0.3333333333333333,0.05555555555555555
2023-01-04,Equal Weight,Japan Government Bond,-1.0,0.05555555555555555
2023-01-04,Equal Weight,US Treasury 7-10Y,0.3333333333333333,0.05555555555555555
2023-01-04,Equal Weight,Germany Government Bond,0.3333333333333333,0.05555555555555555
2023-01-04,Equal Weight,UK Gilt,0.3333333333333333,0.05555555555555555
2023-01-04,Equal Weight,US IG,0.3333333333333333,0.05555555555555555
2023-01-04,Equal Weight,US HY,0.3333333333333333,0.05555555555555555
2023-01-04,Equal Weight,Europe IG,0.3333333333333333,0.05555555555555555
2023-01-04,Equal Weight,Europe HY,0.3333333333333333,0.05555555555555555
2023-01-04,Equal Weight,US REIT,0.3333333333333333,0.05555555555555555
2023-01-04,Equal Weight,Japan REIT,-1.0,0.05555555555555555
2023-01-04,Equal Weight,Europe REIT,-0.3333333333333333,0.05555555555555555
2023-01-04,Equal Weight,Crude Oil,0.3333333333333333,0.05555555555555555
2023-01-04,Equal Weight,Gold,1.0,0.05555555555555555
2023-01-04,Equal Weight,Copper,0.3333333333333333,0.05555555555555555
2023-01-04,Equal Weight,USDJPY,0.3333333333333333,0.0
2023-01-04,Equal Weight,EURJPY,1.0,0.0
2023-01-04,Equal Weight,GBPJPY,1.0,0.0
2023-01-04,Equal Weight,AUDJPY,-0.3333333333333333,0.0
2023-01-04,TSMOM Inverse Volatility,Japan Equity,0.3333333333333333,0.03775226924240963
2023-01-04,TSMOM Inverse Volatility,US Equity,0.3333333333333333,0.03073238413682757
2023-01-04,TSMOM Inverse Volatility,Europe Equity,1.0,0.08635731897046417
2023-01-04,TSMOM Inverse Volatility,Emerging Equity,-0.3333333333333333,-0.02886903159876343
2023-01-04,TSMOM Inverse Volatility,Japan Government Bond,-1.0,-0.15
2023-01-04,TSMOM Inverse Volatility,US Treasury 7-10Y,0.3333333333333333,0.05815679910804122
2023-01-04,TSMOM Inverse Volatility,Germany Government Bond,0.3333333333333333,0.05177307312158633
2023-01-04,TSMOM Inverse Volatility,UK Gilt,0.3333333333333333,0.042243170433647496
2023-01-04,TSMOM Inverse Volatility,US IG,0.3333333333333333,0.05209138069773776
2023-01-04,TSMOM Inverse Volatility,US HY,0.3333333333333333,0.05204545937786382
2023-01-04,TSMOM Inverse Volatility,Europe IG,0.3333333333333333,0.057638157563960256
2023-01-04,TSMOM Inverse Volatility,Europe HY,0.3333333333333333,0.051443921192539044
2023-01-04,TSMOM Inverse Volatility,US REIT,0.3333333333333333,0.027725671867804978
2023-01-04,TSMOM Inverse Volatility,Japan REIT,-1.0,-0.12889740170054878
2023-01-04,TSMOM Inverse Volatility,Europe REIT,-0.3333333333333333,-0.02601261379429943
2023-01-04,TSMOM Inverse Volatility,Crude Oil,0.3333333333333333,0.017432023479897894
2023-01-04,TSMOM Inverse Volatility,Gold,1.0,0.11294971566398551
2023-01-04,TSMOM Inverse Volatility,Copper,0.3333333333333333,0.025229066179270437
2023-01-04,TSMOM Inverse Volatility,USDJPY,0.3333333333333333,0.07714240157047224
2023-01-04,TSMOM Inverse Volatility,EURJPY,1.0,0.1
2023-01-04,TSMOM Inverse Volatility,GBPJPY,1.0,0.1
2023-01-04,TSMOM Inverse Volatility,AUDJPY,-0.3333333333333333,-0.05845860566727355
2023-01-04,TSMOM Shrinkage Precision,Japan Equity,0.3333333333333333,0.10052301934725623
2023-01-04,TSMOM Shrinkage Precision,US Equity,0.3333333333333333,0.0
2023-01-04,TSMOM Shrinkage Precision,Europe Equity,1.0,0.15
2023-01-04,TSMOM Shrinkage Precision,Emerging Equity,-0.3333333333333333,-0.15
2023-01-04,TSMOM Shrinkage Precision,Japan Government Bond,-1.0,-0.15
2023-01-04,TSMOM Shrinkage Precision,US Treasury 7-10Y,0.3333333333333333,0.0
2023-01-04,TSMOM Shrinkage Precision,Germany Government Bond,0.3333333333333333,0.025932320886181453
2023-01-04,TSMOM Shrinkage Precision,UK Gilt,0.3333333333333333,0.0
2023-01-04,TSMOM Shrinkage Precision,US IG,0.3333333333333333,0.03590408164631435
2023-01-04,TSMOM Shrinkage Precision,US HY,0.3333333333333333,0.0
2023-01-04,TSMOM Shrinkage Precision,Europe IG,0.3333333333333333,0.0
2023-01-04,TSMOM Shrinkage Precision,Europe HY,0.3333333333333333,0.0
2023-01-04,TSMOM Shrinkage Precision,US REIT,0.3333333333333333,0.009254845449864327
2023-01-04,TSMOM Shrinkage Precision,Japan REIT,-1.0,-0.14799632978047356
2023-01-04,TSMOM Shrinkage Precision,Europe REIT,-0.3333333333333333,-0.10475807544283806
2023-01-04,TSMOM Shrinkage Precision,Crude Oil,0.3333333333333333,0.025220006900945557
2023-01-04,TSMOM Shrinkage Precision,Gold,1.0,0.14944701564485965
2023-01-04,TSMOM Shrinkage Precision,Copper,0.3333333333333333,0.0
2023-01-04,TSMOM Shrinkage Precision,USDJPY,0.3333333333333333,0.0
2023-01-04,TSMOM Shrinkage Precision,EURJPY,1.0,0.1
2023-01-04,TSMOM Shrinkage Precision,GBPJPY,1.0,0.1
2023-01-04,TSMOM Shrinkage Precision,AUDJPY,-0.3333333333333333,-0.1
2023-01-04,TSMOM cDCC Precision,Japan Equity,0.3333333333333333,0.10779010141368231
2023-01-04,TSMOM cDCC Precision,US Equity,0.3333333333333333,0.0
2023-01-04,TSMOM cDCC Precision,Europe Equity,1.0,0.15
2023-01-04,TSMOM cDCC Precision,Emerging Equity,-0.3333333333333333,-0.15
2023-01-04,TSMOM cDCC Precision,Japan Government Bond,-1.0,-0.15
2023-01-04,TSMOM cDCC Precision,US Treasury 7-10Y,0.3333333333333333,0.0
2023-01-04,TSMOM cDCC Precision,Germany Government Bond,0.3333333333333333,0.0
2023-01-04,TSMOM cDCC Precision,UK Gilt,0.3333333333333333,0.007510644934081913
2023-01-04,TSMOM cDCC Precision,US IG,0.3333333333333333,0.05160489068701533
2023-01-04,TSMOM cDCC Precision,US HY,0.3333333333333333,0.0
2023-01-04,TSMOM cDCC Precision,Europe IG,0.3333333333333333,0.0
2023-01-04,TSMOM cDCC Precision,Europe HY,0.3333333333333333,0.0
2023-01-04,TSMOM cDCC Precision,US REIT,0.3333333333333333,0.004836622071624006
2023-01-04,TSMOM cDCC Precision,Japan REIT,-1.0,-0.1297601283693788
2023-01-04,TSMOM cDCC Precision,Europe REIT,-0.3333333333333333,-0.05989447408572731
2023-01-04,TSMOM cDCC Precision,Crude Oil,0.3333333333333333,0.03501684668683135
2023-01-04,TSMOM cDCC Precision,Gold,1.0,0.1340868160488376
2023-01-04,TSMOM cDCC Precision,Copper,0.3333333333333333,0.0
2023-01-04,TSMOM cDCC Precision,USDJPY,0.3333333333333333,0.0
2023-01-04,TSMOM cDCC Precision,EURJPY,1.0,0.1
2023-01-04,TSMOM cDCC Precision,GBPJPY,1.0,0.1
2023-01-04,TSMOM cDCC Precision,AUDJPY,-0.3333333333333333,-0.1
2023-04-03,Equal Weight,Japan Equity,1.0,0.05555555555555555
2023-04-03,Equal Weight,US Equity,1.0,0.05555555555555555
2023-04-03,Equal Weight,Europe Equity,1.0,0.05555555555555555
2023-04-03,Equal Weight,Emerging Equity,1.0,0.05555555555555555
2023-04-03,Equal Weight,Japan Government Bond,-0.3333333333333333,0.05555555555555555
2023-04-03,Equal Weight,US Treasury 7-10Y,1.0,0.05555555555555555
2023-04-03,Equal Weight,Germany Government Bond,0.3333333333333333,0.05555555555555555
2023-04-03,Equal Weight,UK Gilt,1.0,0.05555555555555555
2023-04-03,Equal Weight,US IG,1.0,0.05555555555555555
2023-04-03,Equal Weight,US HY,1.0,0.05555555555555555
2023-04-03,Equal Weight,Europe IG,1.0,0.05555555555555555
2023-04-03,Equal Weight,Europe HY,1.0,0.05555555555555555
2023-04-03,Equal Weight,US REIT,0.3333333333333333,0.05555555555555555
2023-04-03,Equal Weight,Japan REIT,-1.0,0.05555555555555555
2023-04-03,Equal Weight,Europe REIT,-1.0,0.05555555555555555
2023-04-03,Equal Weight,Crude Oil,-0.3333333333333333,0.05555555555555555
2023-04-03,Equal Weight,Gold,1.0,0.05555555555555555
2023-04-03,Equal Weight,Copper,1.0,0.05555555555555555
2023-04-03,Equal Weight,USDJPY,1.0,0.0
2023-04-03,Equal Weight,EURJPY,1.0,0.0
2023-04-03,Equal Weight,GBPJPY,1.0,0.0
2023-04-03,Equal Weight,AUDJPY,0.3333333333333333,0.0
2023-04-03,TSMOM Inverse Volatility,Japan Equity,1.0,0.05830981580819486
2023-04-03,TSMOM Inverse Volatility,US Equity,1.0,0.04708860551082222
2023-04-03,TSMOM Inverse Volatility,Europe Equity,1.0,0.044194169245398575
2023-04-03,TSMOM Inverse Volatility,Emerging Equity,1.0,0.0443259827421797
2023-04-03,TSMOM Inverse Volatility,Japan Government Bond,-0.3333333333333333,-0.07945031815968069
2023-04-03,TSMOM Inverse Volatility,US Treasury 7-10Y,1.0,0.08402782952146398
2023-04-03,TSMOM Inverse Volatility,Germany Government Bond,0.3333333333333333,0.025642990280794458
2023-04-03,TSMOM Inverse Volatility,UK Gilt,1.0,0.06437881773697252
2023-04-03,TSMOM Inverse Volatility,US IG,1.0,0.07727547726514031
2023-04-03,TSMOM Inverse Volatility,US HY,1.0,0.0776769129994119
2023-04-03,TSMOM Inverse Volatility,Europe IG,1.0,0.0865896413302785
2023-04-03,TSMOM Inverse Volatility,Europe HY,1.0,0.07895408394254608
2023-04-03,TSMOM Inverse Volatility,US REIT,0.3333333333333333,0.01389346786021659
2023-04-03,TSMOM Inverse Volatility,Japan REIT,-1.0,-0.06608087327259908
2023-04-03,TSMOM Inverse Volatility,Europe REIT,-1.0,-0.03868072538685801
2023-04-03,TSMOM Inverse Volatility,Crude Oil,-0.3333333333333333,-0.008895629011277462
2023-04-03,TSMOM Inverse Volatility,Gold,1.0,0.05631049895588549
2023-04-03,TSMOM Inverse Volatility,Copper,1.0,0.03846338509329506
2023-04-03,TSMOM Inverse Volatility,USDJPY,1.0,0.1
2023-04-03,TSMOM Inverse Volatility,EURJPY,1.0,0.1
2023-04-03,TSMOM Inverse Volatility,GBPJPY,1.0,0.09658918448087099
2023-04-03,TSMOM Inverse Volatility,AUDJPY,0.3333333333333333,0.029436577025083868
2023-04-03,TSMOM Shrinkage Precision,Japan Equity,1.0,0.15
2023-04-03,TSMOM Shrinkage Precision,US Equity,1.0,0.06335076132560181
2023-04-03,TSMOM Shrinkage Precision,Europe Equity,1.0,0.1251406448971069
2023-04-03,TSMOM Shrinkage Precision,Emerging Equity,1.0,0.029996025496612157
2023-04-03,TSMOM Shrinkage Precision,Japan Government Bond,-0.3333333333333333,-0.0
2023-04-03,TSMOM Shrinkage Precision,US Treasury 7-10Y,1.0,0.0
2023-04-03,TSMOM Shrinkage Precision,Germany Government Bond,0.3333333333333333,0.0
2023-04-03,TSMOM Shrinkage Precision,UK Gilt,1.0,0.15
2023-04-03,TSMOM Shrinkage Precision,US IG,1.0,0.013245258224508614
2023-04-03,TSMOM Shrinkage Precision,US HY,1.0,0.0
2023-04-03,TSMOM Shrinkage Precision,Europe IG,1.0,0.12513520894729532
2023-04-03,TSMOM Shrinkage Precision,Europe HY,1.0,0.15
2023-04-03,TSMOM Shrinkage Precision,US REIT,0.3333333333333333,0.0
2023-04-03,TSMOM Shrinkage Precision,Japan REIT,-1.0,-0.15
2023-04-03,TSMOM Shrinkage Precision,Europe REIT,-1.0,-0.15
2023-04-03,TSMOM Shrinkage Precision,Crude Oil,-0.3333333333333333,-0.07326252224824295
2023-04-03,TSMOM Shrinkage Precision,Gold,1.0,0.04372931210518512
2023-04-03,TSMOM Shrinkage Precision,Copper,1.0,0.05353238105520484
2023-04-03,TSMOM Shrinkage Precision,USDJPY,1.0,0.0
2023-04-03,TSMOM Shrinkage Precision,EURJPY,1.0,0.09918083975249829
2023-04-03,TSMOM Shrinkage Precision,GBPJPY,1.0,0.1
2023-04-03,TSMOM Shrinkage Precision,AUDJPY,0.3333333333333333,0.0
2023-04-03,TSMOM cDCC Precision,Japan Equity,1.0,0.15
2023-04-03,TSMOM cDCC Precision,US Equity,1.0,0.11102704953614147
2023-04-03,TSMOM cDCC Precision,Europe Equity,1.0,0.14106472406489945
2023-04-03,TSMOM cDCC Precision,Emerging Equity,1.0,0.00434263853208985
2023-04-03,TSMOM cDCC Precision,Japan Government Bond,-0.3333333333333333,-0.0
2023-04-03,TSMOM cDCC Precision,US Treasury 7-10Y,1.0,0.0
2023-04-03,TSMOM cDCC Precision,Germany Government Bond,0.3333333333333333,0.0
2023-04-03,TSMOM cDCC Precision,UK Gilt,1.0,0.15
2023-04-03,TSMOM cDCC Precision,US IG,1.0,0.010621919430455469
2023-04-03,TSMOM cDCC Precision,US HY,1.0,0.0
2023-04-03,TSMOM cDCC Precision,Europe IG,1.0,0.06365255298608696
2023-04-03,TSMOM cDCC Precision,Europe HY,1.0,0.1163881728975292
2023-04-03,TSMOM cDCC Precision,US REIT,0.3333333333333333,0.0
2023-04-03,TSMOM cDCC Precision,Japan REIT,-1.0,-0.15
2023-04-03,TSMOM cDCC Precision,Europe REIT,-1.0,-0.13752178266614207
2023-04-03,TSMOM cDCC Precision,Crude Oil,-0.3333333333333333,-0.07171437139200441
2023-04-03,TSMOM cDCC Precision,Gold,1.0,0.024867817583058387
2023-04-03,TSMOM cDCC Precision,Copper,1.0,0.05143311068516469
2023-04-03,TSMOM cDCC Precision,USDJPY,1.0,0.0
2023-04-03,TSMOM cDCC Precision,EURJPY,1.0,0.1
2023-04-03,TSMOM cDCC Precision,GBPJPY,1.0,0.1
2023-04-03,TSMOM cDCC Precision,AUDJPY,0.3333333333333333,0.0
2023-07-03,Equal Weight,Japan Equity,1.0,0.05555555555555555
2023-07-03,Equal Weight,US Equity,1.0,0.05555555555555555
2023-07-03,Equal Weight,Europe Equity,1.0,0.05555555555555555
2023-07-03,Equal Weight,Emerging Equity,1.0,0.05555555555555555
2023-07-03,Equal Weight,Japan Government Bond,0.3333333333333333,0.05555555555555555
2023-07-03,Equal Weight,US Treasury 7-10Y,1.0,0.05555555555555555
2023-07-03,Equal Weight,Germany Government Bond,1.0,0.05555555555555555
2023-07-03,Equal Weight,UK Gilt,1.0,0.05555555555555555
2023-07-03,Equal Weight,US IG,1.0,0.05555555555555555
2023-07-03,Equal Weight,US HY,1.0,0.05555555555555555
2023-07-03,Equal Weight,Europe IG,1.0,0.05555555555555555
2023-07-03,Equal Weight,Europe HY,1.0,0.05555555555555555
2023-07-03,Equal Weight,US REIT,1.0,0.05555555555555555
2023-07-03,Equal Weight,Japan REIT,-0.3333333333333333,0.05555555555555555
2023-07-03,Equal Weight,Europe REIT,-0.3333333333333333,0.05555555555555555
2023-07-03,Equal Weight,Crude Oil,0.3333333333333333,0.05555555555555555
2023-07-03,Equal Weight,Gold,1.0,0.05555555555555555
2023-07-03,Equal Weight,Copper,0.3333333333333333,0.05555555555555555
2023-07-03,Equal Weight,USDJPY,1.0,0.0
2023-07-03,Equal Weight,EURJPY,1.0,0.0
2023-07-03,Equal Weight,GBPJPY,1.0,0.0
2023-07-03,Equal Weight,AUDJPY,0.3333333333333333,0.0
2023-07-03,TSMOM Inverse Volatility,Japan Equity,1.0,0.04701743547278055
2023-07-03,TSMOM Inverse Volatility,US Equity,1.0,0.03819508047014197
2023-07-03,TSMOM Inverse Volatility,Europe Equity,1.0,0.03589855873037656
2023-07-03,TSMOM Inverse Volatility,Emerging Equity,1.0,0.03587429826643776
2023-07-03,TSMOM Inverse Volatility,Japan Government Bond,0.3333333333333333,0.06340521065733022
2023-07-03,TSMOM Inverse Volatility,US Treasury 7-10Y,1.0,0.06672913250884904
2023-07-03,TSMOM Inverse Volatility,Germany Government Bond,1.0,0.061175480959656796
2023-07-03,TSMOM Inverse Volatility,UK Gilt,1.0,0.05165231209632543
2023-07-03,TSMOM Inverse Volatility,US IG,1.0,0.061884774206270345
2023-07-03,TSMOM Inverse Volatility,US HY,1.0,0.06262860080144382
2023-07-03,TSMOM Inverse Volatility,Europe IG,1.0,0.06898830561493643
2023-07-03,TSMOM Inverse Volatility,Europe HY,1.0,0.06331007288056886
2023-07-03,TSMOM Inverse Volatility,US REIT,1.0,0.033559440491627415
2023-07-03,TSMOM Inverse Volatility,Japan REIT,-0.3333333333333333,-0.017751890675600568
2023-07-03,TSMOM Inverse Volatility,Europe REIT,-0.3333333333333333,-0.010303884992472779
2023-07-03,TSMOM Inverse Volatility,Crude Oil,0.3333333333333333,0.0071024520266048845
2023-07-03,TSMOM Inverse Volatility,Gold,1.0,0.0450521764451412
2023-07-03,TSMOM Inverse Volatility,Copper,0.3333333333333333,0.010276833400156725
2023-07-03,TSMOM Inverse Volatility,USDJPY,1.0,0.08691235453163113
2023-07-03,TSMOM Inverse Volatility,EURJPY,1.0,0.08691235453163113
2023-07-03,TSMOM Inverse Volatility,GBPJPY,1.0,0.07804293564298719
2023-07-03,TSMOM Inverse Volatility,AUDJPY,0.3333333333333333,0.0234379659331758
2023-07-03,TSMOM Shrinkage Precision,Japan Equity,1.0,0.14203145471927575
2023-07-03,TSMOM Shrinkage Precision,US Equity,1.0,0.0
2023-07-03,TSMOM Shrinkage Precision,Europe Equity,1.0,0.11331695480502077
2023-07-03,TSMOM Shrinkage Precision,Emerging Equity,1.0,0.06259437277320264
2023-07-03,TSMOM Shrinkage Precision,Japan Government Bond,0.3333333333333333,0.14203145471927575
2023-07-03,TSMOM Shrinkage Precision,US Treasury 7-10Y,1.0,0.0
2023-07-03,TSMOM Shrinkage Precision,Germany Government Bond,1.0,0.14203145471927575
2023-07-03,TSMOM Shrinkage Precision,UK Gilt,1.0,0.08471078942079124
2023-07-03,TSMOM Shrinkage Precision,US IG,1.0,0.0
2023-07-03,TSMOM Shrinkage Precision,US HY,1.0,0.0
2023-07-03,TSMOM Shrinkage Precision,Europe IG,1.0,0.0
2023-07-03,TSMOM Shrinkage Precision,Europe HY,1.0,0.12759796461669204
2023-07-03,TSMOM Shrinkage Precision,US REIT,1.0,0.09143740549360586
2023-07-03,TSMOM Shrinkage Precision,Japan REIT,-0.3333333333333333,-0.12674551879619972
2023-07-03,TSMOM Shrinkage Precision,Europe REIT,-0.3333333333333333,-0.14203145471927575
2023-07-03,TSMOM Shrinkage Precision,Crude Oil,0.3333333333333333,0.008243666259932392
2023-07-03,TSMOM Shrinkage Precision,Gold,1.0,0.07143836459225843
2023-07-03,TSMOM Shrinkage Precision,Copper,0.3333333333333333,0.0
2023-07-03,TSMOM Shrinkage Precision,USDJPY,1.0,0.07416681382766017
2023-07-03,TSMOM Shrinkage Precision,EURJPY,1.0,0.09468763647951717
2023-07-03,TSMOM Shrinkage Precision,GBPJPY,1.0,0.0769346940580165
2023-07-03,TSMOM Shrinkage Precision,AUDJPY,0.3333333333333333,0.0
2023-07-03,TSMOM cDCC Precision,Japan Equity,1.0,0.12991561690234216
2023-07-03,TSMOM cDCC Precision,US Equity,1.0,0.023561895492106216
2023-07-03,TSMOM cDCC Precision,Europe Equity,1.0,0.12991561690234216
2023-07-03,TSMOM cDCC Precision,Emerging Equity,1.0,0.08139652159416647
2023-07-03,TSMOM cDCC Precision,Japan Government Bond,0.3333333333333333,0.12991561690234216
2023-07-03,TSMOM cDCC Precision,US Treasury 7-10Y,1.0,0.0176523268892141
2023-07-03,TSMOM cDCC Precision,Germany Government Bond,1.0,0.12991561690234216
2023-07-03,TSMOM cDCC Precision,UK Gilt,1.0,0.10414387476831681
2023-07-03,TSMOM cDCC Precision,US IG,1.0,0.0
2023-07-03,TSMOM cDCC Precision,US HY,1.0,0.0
2023-07-03,TSMOM cDCC Precision,Europe IG,1.0,0.0
2023-07-03,TSMOM cDCC Precision,Europe HY,1.0,0.10373900143314038
2023-07-03,TSMOM cDCC Precision,US REIT,1.0,0.09125431582960439
2023-07-03,TSMOM cDCC Precision,Japan REIT,-0.3333333333333333,-0.12991561690234216
2023-07-03,TSMOM cDCC Precision,Europe REIT,-0.3333333333333333,-0.12991561690234216
2023-07-03,TSMOM cDCC Precision,Crude Oil,0.3333333333333333,0.008002687301848707
2023-07-03,TSMOM cDCC Precision,Gold,1.0,0.0641303411791268
2023-07-03,TSMOM cDCC Precision,Copper,0.3333333333333333,0.0
2023-07-03,TSMOM cDCC Precision,USDJPY,1.0,0.0574456813601226
2023-07-03,TSMOM cDCC Precision,EURJPY,1.0,0.08661041126822812
2023-07-03,TSMOM cDCC Precision,GBPJPY,1.0,0.0825692414700723
2023-07-03,TSMOM cDCC Precision,AUDJPY,0.3333333333333333,0.0
2023-10-02,Equal Weight,Japan Equity,1.0,0.05555555555555555
2023-10-02,Equal Weight,US Equity,1.0,0.05555555555555555
2023-10-02,Equal Weight,Europe Equity,0.3333333333333333,0.05555555555555555
2023-10-02,Equal Weight,Emerging Equity,0.3333333333333333,0.05555555555555555
2023-10-02,Equal Weight,Japan Government Bond,-1.0,0.05555555555555555
2023-10-02,Equal Weight,US Treasury 7-10Y,0.3333333333333333,0.05555555555555555
2023-10-02,Equal Weight,Germany Government Bond,0.3333333333333333,0.05555555555555555
2023-10-02,Equal Weight,UK Gilt,0.3333333333333333,0.05555555555555555
2023-10-02,Equal Weight,US IG,0.3333333333333333,0.05555555555555555
2023-10-02,Equal Weight,US HY,1.0,0.05555555555555555
2023-10-02,Equal Weight,Europe IG,0.3333333333333333,0.05555555555555555
2023-10-02,Equal Weight,Europe HY,1.0,0.05555555555555555
2023-10-02,Equal Weight,US REIT,-0.3333333333333333,0.05555555555555555
2023-10-02,Equal Weight,Japan REIT,0.3333333333333333,0.05555555555555555
2023-10-02,Equal Weight,Europe REIT,0.3333333333333333,0.05555555555555555
2023-10-02,Equal Weight,Crude Oil,1.0,0.05555555555555555
2023-10-02,Equal Weight,Gold,0.3333333333333333,0.05555555555555555
2023-10-02,Equal Weight,Copper,1.0,0.05555555555555555
2023-10-02,Equal Weight,USDJPY,1.0,0.0
2023-10-02,Equal Weight,EURJPY,0.3333333333333333,0.0
2023-10-02,Equal Weight,GBPJPY,0.3333333333333333,0.0
2023-10-02,Equal Weight,AUDJPY,-0.3333333333333333,0.0
2023-10-02,TSMOM Inverse Volatility,Japan Equity,1.0,0.0933313445293049
2023-10-02,TSMOM Inverse Volatility,US Equity,1.0,0.07751637323225681
2023-10-02,TSMOM Inverse Volatility,Europe Equity,0.3333333333333333,0.024531168337023426
2023-10-02,TSMOM Inverse Volatility,Emerging Equity,0.3333333333333333,0.024109360655534692
2023-10-02,TSMOM Inverse Volatility,Japan Government Bond,-1.0,-0.15
2023-10-02,TSMOM Inverse Volatility,US Treasury 7-10Y,0.3333333333333333,0.04306282604595373
2023-10-02,TSMOM Inverse Volatility,Germany Government Bond,0.3333333333333333,0.04030670945326967
2023-10-02,TSMOM Inverse Volatility,UK Gilt,0.3333333333333333,0.03384432278945572
2023-10-02,TSMOM Inverse Volatility,US IG,0.3333333333333333,0.040441745689080634
2023-10-02,TSMOM Inverse Volatility,US HY,1.0,0.12567693939392874
2023-10-02,TSMOM Inverse Volatility,Europe IG,0.3333333333333333,0.045856451711414864
2023-10-02,TSMOM Inverse Volatility,Europe HY,1.0,0.12994647987990193
2023-10-02,TSMOM Inverse Volatility,US REIT,-0.3333333333333333,-0.023335025858678183
2023-10-02,TSMOM Inverse Volatility,Japan REIT,0.3333333333333333,0.03713318308065022
2023-10-02,TSMOM Inverse Volatility,Europe REIT,0.3333333333333333,0.02011982950504493
2023-10-02,TSMOM Inverse Volatility,Crude Oil,1.0,0.04327444891177438
2023-10-02,TSMOM Inverse Volatility,Gold,0.3333333333333333,0.029688805315591905
2023-10-02,TSMOM Inverse Volatility,Copper,1.0,0.061064704811277376
2023-10-02,TSMOM Inverse Volatility,USDJPY,1.0,0.1
2023-10-02,TSMOM Inverse Volatility,EURJPY,0.3333333333333333,0.05694919985074189
2023-10-02,TSMOM Inverse Volatility,GBPJPY,0.3333333333333333,0.051727401433830006
2023-10-02,TSMOM Inverse Volatility,AUDJPY,-0.3333333333333333,-0.04760032973207475
2023-10-02,TSMOM Shrinkage Precision,Japan Equity,1.0,0.09293453626701802
2023-10-02,TSMOM Shrinkage Precision,US Equity,1.0,0.15
2023-10-02,TSMOM Shrinkage Precision,Europe Equity,0.3333333333333333,0.0
2023-10-02,TSMOM Shrinkage Precision,Emerging Equity,0.3333333333333333,0.0
2023-10-02,TSMOM Shrinkage Precision,Japan Government Bond,-1.0,-0.15
2023-10-02,TSMOM Shrinkage Precision,US Treasury 7-10Y,0.3333333333333333,0.0
2023-10-02,TSMOM Shrinkage Precision,Germany Government Bond,0.3333333333333333,0.05850730103635975
2023-10-02,TSMOM Shrinkage Precision,UK Gilt,0.3333333333333333,0.07346988472555384
2023-10-02,TSMOM Shrinkage Precision,US IG,0.3333333333333333,0.0
2023-10-02,TSMOM Shrinkage Precision,US HY,1.0,0.15
2023-10-02,TSMOM Shrinkage Precision,Europe IG,0.3333333333333333,0.0
2023-10-02,TSMOM Shrinkage Precision,Europe HY,1.0,0.15
2023-10-02,TSMOM Shrinkage Precision,US REIT,-0.3333333333333333,-0.15
2023-10-02,TSMOM Shrinkage Precision,Japan REIT,0.3333333333333333,0.04962879906916983
2023-10-02,TSMOM Shrinkage Precision,Europe REIT,0.3333333333333333,0.025390027747233018
2023-10-02,TSMOM Shrinkage Precision,Crude Oil,1.0,0.03455384214586463
2023-10-02,TSMOM Shrinkage Precision,Gold,0.3333333333333333,0.0
2023-10-02,TSMOM Shrinkage Precision,Copper,1.0,0.0659408078613617
2023-10-02,TSMOM Shrinkage Precision,USDJPY,1.0,0.1
2023-10-02,TSMOM Shrinkage Precision,EURJPY,0.3333333333333333,0.0
2023-10-02,TSMOM Shrinkage Precision,GBPJPY,0.3333333333333333,0.0
2023-10-02,TSMOM Shrinkage Precision,AUDJPY,-0.3333333333333333,-0.1
2023-10-02,TSMOM cDCC Precision,Japan Equity,1.0,0.10143423986515816
2023-10-02,TSMOM cDCC Precision,US Equity,1.0,0.15
2023-10-02,TSMOM cDCC Precision,Europe Equity,0.3333333333333333,0.0
2023-10-02,TSMOM cDCC Precision,Emerging Equity,0.3333333333333333,0.0
2023-10-02,TSMOM cDCC Precision,Japan Government Bond,-1.0,-0.15
2023-10-02,TSMOM cDCC Precision,US Treasury 7-10Y,0.3333333333333333,0.0
2023-10-02,TSMOM cDCC Precision,Germany Government Bond,0.3333333333333333,0.09979162492055271
2023-10-02,TSMOM cDCC Precision,UK Gilt,0.3333333333333333,0.07841538712108327
2023-10-02,TSMOM cDCC Precision,US IG,0.3333333333333333,0.0
2023-10-02,TSMOM cDCC Precision,US HY,1.0,0.15
2023-10-02,TSMOM cDCC Precision,Europe IG,0.3333333333333333,0.0
2023-10-02,TSMOM cDCC Precision,Europe HY,1.0,0.15
2023-10-02,TSMOM cDCC Precision,US REIT,-0.3333333333333333,-0.15
2023-10-02,TSMOM cDCC Precision,Japan REIT,0.3333333333333333,0.05063808705662097
2023-10-02,TSMOM cDCC Precision,Europe REIT,0.3333333333333333,0.021367246558544016
2023-10-02,TSMOM cDCC Precision,Crude Oil,1.0,0.03544117792501521
2023-10-02,TSMOM cDCC Precision,Gold,0.3333333333333333,0.019472640844456764
2023-10-02,TSMOM cDCC Precision,Copper,1.0,0.08411674200184781
2023-10-02,TSMOM cDCC Precision,USDJPY,1.0,0.1
2023-10-02,TSMOM cDCC Precision,EURJPY,0.3333333333333333,0.0
2023-10-02,TSMOM cDCC Precision,GBPJPY,0.3333333333333333,0.0
2023-10-02,TSMOM cDCC Precision,AUDJPY,-0.3333333333333333,-0.1
2024-01-04,Equal Weight,Japan Equity,1.0,0.05555555555555555
2024-01-04,Equal Weight,US Equity,1.0,0.05555555555555555
2024-01-04,Equal Weight,Europe Equity,1.0,0.05555555555555555
2024-01-04,Equal Weight,Emerging Equity,0.3333333333333333,0.05555555555555555
2024-01-04,Equal Weight,Japan Government Bond,-0.3333333333333333,0.05555555555555555
2024-01-04,Equal Weight,US Treasury 7-10Y,-0.3333333333333333,0.05555555555555555
2024-01-04,Equal Weight,Germany Government Bond,1.0,0.05555555555555555
2024-01-04,Equal Weight,UK Gilt,1.0,0.05555555555555555
2024-01-04,Equal Weight,US IG,1.0,0.05555555555555555
2024-01-04,Equal Weight,US HY,0.3333333333333333,0.05555555555555555
2024-01-04,Equal Weight,Europe IG,1.0,0.05555555555555555
2024-01-04,Equal Weight,Europe HY,1.0,0.05555555555555555
2024-01-04,Equal Weight,US REIT,1.0,0.05555555555555555
2024-01-04,Equal Weight,Japan REIT,-1.0,0.05555555555555555
2024-01-04,Equal Weight,Europe REIT,1.0,0.05555555555555555
2024-01-04,Equal Weight,Crude Oil,-1.0,0.05555555555555555
2024-01-04,Equal Weight,Gold,0.3333333333333333,0.05555555555555555
2024-01-04,Equal Weight,Copper,1.0,0.05555555555555555
2024-01-04,Equal Weight,USDJPY,-0.3333333333333333,0.0
2024-01-04,Equal Weight,EURJPY,-0.3333333333333333,0.0
2024-01-04,Equal Weight,GBPJPY,-0.3333333333333333,0.0
2024-01-04,Equal Weight,AUDJPY,-1.0,0.0
2024-01-04,TSMOM Inverse Volatility,Japan Equity,1.0,0.08172401852660667
2024-01-04,TSMOM Inverse Volatility,US Equity,1.0,0.06920765484276682
2024-01-04,TSMOM Inverse Volatility,Europe Equity,1.0,0.0654740392438641
2024-01-04,TSMOM Inverse Volatility,Emerging Equity,0.3333333333333333,0.02152561310903941
2024-01-04,TSMOM Inverse Volatility,Japan Government Bond,-0.3333333333333333,-0.09823850231552504
2024-01-04,TSMOM Inverse Volatility,US Treasury 7-10Y,-0.3333333333333333,-0.03619065706116081
2024-01-04,TSMOM Inverse Volatility,Germany Government Bond,1.0,0.10519312876319901
2024-01-04,TSMOM Inverse Volatility,UK Gilt,1.0,0.0876397635144113
2024-01-04,TSMOM Inverse Volatility,US IG,1.0,0.10272915793231216
2024-01-04,TSMOM Inverse Volatility,US HY,0.3333333333333333,0.03626639156159854
2024-01-04,TSMOM Inverse Volatility,Europe IG,1.0,0.11914870449617145
2024-01-04,TSMOM Inverse Volatility,Europe HY,1.0,0.11366581956330256
2024-01-04,TSMOM Inverse Volatility,US REIT,1.0,0.061133998107635555
2024-01-04,TSMOM Inverse Volatility,Japan REIT,-1.0,-0.09883485978501456
2024-01-04,TSMOM Inverse Volatility,Europe REIT,1.0,0.05179585820365725
2024-01-04,TSMOM Inverse Volatility,Crude Oil,-1.0,-0.0376124487738674
2024-01-04,TSMOM Inverse Volatility,Gold,0.3333333333333333,0.026429117305366717
2024-01-04,TSMOM Inverse Volatility,Copper,1.0,0.05431855957207928
2024-01-04,TSMOM Inverse Volatility,USDJPY,-0.3333333333333333,-0.04971261403919961
2024-01-04,TSMOM Inverse Volatility,EURJPY,-0.3333333333333333,-0.04904169916366181
2024-01-04,TSMOM Inverse Volatility,GBPJPY,-0.3333333333333333,-0.04505170644384719
2024-01-04,TSMOM Inverse Volatility,AUDJPY,-1.0,-0.08906568767571274
2024-01-04,TSMOM Shrinkage Precision,Japan Equity,1.0,0.11207704894852707
2024-01-04,TSMOM Shrinkage Precision,US Equity,1.0,0.04097519067911743
2024-01-04,TSMOM Shrinkage Precision,Europe Equity,1.0,0.029670408166999493
2024-01-04,TSMOM Shrinkage Precision,Emerging Equity,0.3333333333333333,0.0
2024-01-04,TSMOM Shrinkage Precision,Japan Government Bond,-0.3333333333333333,-0.11207704894852707
2024-01-04,TSMOM Shrinkage Precision,US Treasury 7-10Y,-0.3333333333333333,-0.11207704894852707
2024-01-04,TSMOM Shrinkage Precision,Germany Government Bond,1.0,0.11207704894852707
2024-01-04,TSMOM Shrinkage Precision,UK Gilt,1.0,0.0537859154177537
2024-01-04,TSMOM Shrinkage Precision,US IG,1.0,0.11207704894852707
2024-01-04,TSMOM Shrinkage Precision,US HY,0.3333333333333333,0.0
2024-01-04,TSMOM Shrinkage Precision,Europe IG,1.0,0.11207704894852707
2024-01-04,TSMOM Shrinkage Precision,Europe HY,1.0,0.11207704894852707
2024-01-04,TSMOM Shrinkage Precision,US REIT,1.0,0.04286024685667605
2024-01-04,TSMOM Shrinkage Precision,Japan REIT,-1.0,-0.11207704894852707
2024-01-04,TSMOM Shrinkage Precision,Europe REIT,1.0,0.0
2024-01-04,TSMOM Shrinkage Precision,Crude Oil,-1.0,-0.0610100631303782
2024-01-04,TSMOM Shrinkage Precision,Gold,0.3333333333333333,0.04990934788369903
2024-01-04,TSMOM Shrinkage Precision,Copper,1.0,0.1010183383801053
2024-01-04,TSMOM Shrinkage Precision,USDJPY,-0.3333333333333333,-0.0
2024-01-04,TSMOM Shrinkage Precision,EURJPY,-0.3333333333333333,-0.07471803263235138
2024-01-04,TSMOM Shrinkage Precision,GBPJPY,-0.3333333333333333,-0.07471803263235138
2024-01-04,TSMOM Shrinkage Precision,AUDJPY,-1.0,-0.07471803263235138
2024-01-04,TSMOM cDCC Precision,Japan Equity,1.0,0.11033307921306094
2024-01-04,TSMOM cDCC Precision,US Equity,1.0,0.07460283034664134
2024-01-04,TSMOM cDCC Precision,Europe Equity,1.0,0.041884290148030356
2024-01-04,TSMOM cDCC Precision,Emerging Equity,0.3333333333333333,0.0
2024-01-04,TSMOM cDCC Precision,Japan Government Bond,-0.3333333333333333,-0.09796439088927791
2024-01-04,TSMOM cDCC Precision,US Treasury 7-10Y,-0.3333333333333333,-0.11033307921306094
2024-01-04,TSMOM cDCC Precision,Germany Government Bond,1.0,0.11033307921306094
2024-01-04,TSMOM cDCC Precision,UK Gilt,1.0,0.05881576782075118
2024-01-04,TSMOM cDCC Precision,US IG,1.0,0.11033307921306094
2024-01-04,TSMOM cDCC Precision,US HY,0.3333333333333333,0.0
2024-01-04,TSMOM cDCC Precision,Europe IG,1.0,0.11033307921306094
2024-01-04,TSMOM cDCC Precision,Europe HY,1.0,0.11033307921306094
2024-01-04,TSMOM cDCC Precision,US REIT,1.0,0.044401138910006514
2024-01-04,TSMOM cDCC Precision,Japan REIT,-1.0,-0.11033307921306094
2024-01-04,TSMOM cDCC Precision,Europe REIT,1.0,0.0
2024-01-04,TSMOM cDCC Precision,Crude Oil,-1.0,-0.055095110430639326
2024-01-04,TSMOM cDCC Precision,Gold,0.3333333333333333,0.03863021364221714
2024-01-04,TSMOM cDCC Precision,Copper,1.0,0.09560854489488763
2024-01-04,TSMOM cDCC Precision,USDJPY,-0.3333333333333333,-0.0
2024-01-04,TSMOM cDCC Precision,EURJPY,-0.3333333333333333,-0.07355538614204064
2024-01-04,TSMOM cDCC Precision,GBPJPY,-0.3333333333333333,-0.07355538614204064
2024-01-04,TSMOM cDCC Precision,AUDJPY,-1.0,-0.07355538614204064
2024-04-02,Equal Weight,Japan Equity,1.0,0.05555555555555555
2024-04-02,Equal Weight,US Equity,1.0,0.05555555555555555
2024-04-02,Equal Weight,Europe Equity,1.0,0.05555555555555555
2024-04-02,Equal Weight,Emerging Equity,1.0,0.05555555555555555
2024-04-02,Equal Weight,Japan Government Bond,-1.0,0.05555555555555555
2024-04-02,Equal Weight,US Treasury 7-10Y,0.3333333333333333,0.05555555555555555
2024-04-02,Equal Weight,Germany Government Bond,1.0,0.05555555555555555
2024-04-02,Equal Weight,UK Gilt,1.0,0.05555555555555555
2024-04-02,Equal Weight,US IG,1.0,0.05555555555555555
2024-04-02,Equal Weight,US HY,1.0,0.05555555555555555
2024-04-02,Equal Weight,Europe IG,1.0,0.05555555555555555
2024-04-02,Equal Weight,Europe HY,1.0,0.05555555555555555
2024-04-02,Equal Weight,US REIT,1.0,0.05555555555555555
2024-04-02,Equal Weight,Japan REIT,1.0,0.05555555555555555
2024-04-02,Equal Weight,Europe REIT,1.0,0.05555555555555555
2024-04-02,Equal Weight,Crude Oil,0.3333333333333333,0.05555555555555555
2024-04-02,Equal Weight,Gold,1.0,0.05555555555555555
2024-04-02,Equal Weight,Copper,1.0,0.05555555555555555
2024-04-02,Equal Weight,USDJPY,0.3333333333333333,0.0
2024-04-02,Equal Weight,EURJPY,1.0,0.0
2024-04-02,Equal Weight,GBPJPY,1.0,0.0
2024-04-02,Equal Weight,AUDJPY,0.3333333333333333,0.0
2024-04-02,TSMOM Inverse Volatility,Japan Equity,1.0,0.05282132088441643
2024-04-02,TSMOM Inverse Volatility,US Equity,1.0,0.0451869426376844
2024-04-02,TSMOM Inverse Volatility,Europe Equity,1.0,0.04313094370617631
2024-04-02,TSMOM Inverse Volatility,Emerging Equity,1.0,0.04188259952144626
2024-04-02,TSMOM Inverse Volatility,Japan Government Bond,-1.0,-0.15
2024-04-02,TSMOM Inverse Volatility,US Treasury 7-10Y,0.3333333333333333,0.023148596734309558
2024-04-02,TSMOM Inverse Volatility,Germany Government Bond,1.0,0.06905913986713513
2024-04-02,TSMOM Inverse Volatility,UK Gilt,1.0,0.05692791550142397
2024-04-02,TSMOM Inverse Volatility,US IG,1.0,0.06591180654749844
2024-04-02,TSMOM Inverse Volatility,US HY,1.0,0.06987615754889036
2024-04-02,TSMOM Inverse Volatility,Europe IG,1.0,0.07737982346696685
2024-04-02,TSMOM Inverse Volatility,Europe HY,1.0,0.07409562779190484
2024-04-02,TSMOM Inverse Volatility,US REIT,1.0,0.039901771096825675
2024-04-02,TSMOM Inverse Volatility,Japan REIT,1.0,0.06321844365251318
2024-04-02,TSMOM Inverse Volatility,Europe REIT,1.0,0.0336852787605434
2024-04-02,TSMOM Inverse Volatility,Crude Oil,0.3333333333333333,0.008271896502330331
2024-04-02,TSMOM Inverse Volatility,Gold,1.0,0.052511356212918026
2024-04-02,TSMOM Inverse Volatility,Copper,1.0,0.03507059907344752
2024-04-02,TSMOM Inverse Volatility,USDJPY,0.3333333333333333,0.03172058420117179
2024-04-02,TSMOM Inverse Volatility,EURJPY,1.0,0.09451787754853236
2024-04-02,TSMOM Inverse Volatility,GBPJPY,1.0,0.08789839845959878
2024-04-02,TSMOM Inverse Volatility,AUDJPY,0.3333333333333333,0.02710659040366371
2024-04-02,TSMOM Shrinkage Precision,Japan Equity,1.0,0.05576141637356538
2024-04-02,TSMOM Shrinkage Precision,US Equity,1.0,0.002274557341258396
2024-04-02,TSMOM Shrinkage Precision,Europe Equity,1.0,0.005645503797048378
2024-04-02,TSMOM Shrinkage Precision,Emerging Equity,1.0,0.003921271976413178
2024-04-02,TSMOM Shrinkage Precision,Japan Government Bond,-1.0,-0.15
2024-04-02,TSMOM Shrinkage Precision,US Treasury 7-10Y,0.3333333333333333,0.0
2024-04-02,TSMOM Shrinkage Precision,Germany Government Bond,1.0,0.10683911296911354
2024-04-02,TSMOM Shrinkage Precision,UK Gilt,1.0,0.06712709343191187
2024-04-02,TSMOM Shrinkage Precision,US IG,1.0,0.15
2024-04-02,TSMOM Shrinkage Precision,US HY,1.0,0.06387697907779663
2024-04-02,TSMOM Shrinkage Precision,Europe IG,1.0,0.0
2024-04-02,TSMOM Shrinkage Precision,Europe HY,1.0,0.0
2024-04-02,TSMOM Shrinkage Precision,US REIT,1.0,0.024679759335674963
2024-04-02,TSMOM Shrinkage Precision,Japan REIT,1.0,0.13357529626039513
2024-04-02,TSMOM Shrinkage Precision,Europe REIT,1.0,0.018864200860470574
2024-04-02,TSMOM Shrinkage Precision,Crude Oil,0.3333333333333333,0.0
2024-04-02,TSMOM Shrinkage Precision,Gold,1.0,0.09517784238586005
2024-04-02,TSMOM Shrinkage Precision,Copper,1.0,0.04201844042321123
2024-04-02,TSMOM Shrinkage Precision,USDJPY,0.3333333333333333,0.0
2024-04-02,TSMOM Shrinkage Precision,EURJPY,1.0,0.1
2024-04-02,TSMOM Shrinkage Precision,GBPJPY,1.0,0.1
2024-04-02,TSMOM Shrinkage Precision,AUDJPY,0.3333333333333333,0.0
2024-04-02,TSMOM cDCC Precision,Japan Equity,1.0,0.06449237080825443
2024-04-02,TSMOM cDCC Precision,US Equity,1.0,0.013446197473359081
2024-04-02,TSMOM cDCC Precision,Europe Equity,1.0,0.014310799995661481
2024-04-02,TSMOM cDCC Precision,Emerging Equity,1.0,0.0025058622814918474
2024-04-02,TSMOM cDCC Precision,Japan Government Bond,-1.0,-0.15
2024-04-02,TSMOM cDCC Precision,US Treasury 7-10Y,0.3333333333333333,0.0
2024-04-02,TSMOM cDCC Precision,Germany Government Bond,1.0,0.13003499762851453
2024-04-02,TSMOM cDCC Precision,UK Gilt,1.0,0.08918458990758864
2024-04-02,TSMOM cDCC Precision,US IG,1.0,0.15
2024-04-02,TSMOM cDCC Precision,US HY,1.0,0.07980206907582343
2024-04-02,TSMOM cDCC Precision,Europe IG,1.0,0.0
2024-04-02,TSMOM cDCC Precision,Europe HY,1.0,0.0
2024-04-02,TSMOM cDCC Precision,US REIT,1.0,0.027014631965850317
2024-04-02,TSMOM cDCC Precision,Japan REIT,1.0,0.15
2024-04-02,TSMOM cDCC Precision,Europe REIT,1.0,0.03173233351151434
2024-04-02,TSMOM cDCC Precision,Crude Oil,0.3333333333333333,0.0012319183649232705
2024-04-02,TSMOM cDCC Precision,Gold,1.0,0.12383389259223146
2024-04-02,TSMOM cDCC Precision,Copper,1.0,0.05656876649326978
2024-04-02,TSMOM cDCC Precision,USDJPY,0.3333333333333333,0.0
2024-04-02,TSMOM cDCC Precision,EURJPY,1.0,0.1
2024-04-02,TSMOM cDCC Precision,GBPJPY,1.0,0.1
2024-04-02,TSMOM cDCC Precision,AUDJPY,0.3333333333333333,0.0
2024-07-01,Equal Weight,Japan Equity,1.0,0.05555555555555555
2024-07-01,Equal Weight,US Equity,1.0,0.05555555555555555
2024-07-01,Equal Weight,Europe Equity,1.0,0.05555555555555555
2024-07-01,Equal Weight,Emerging Equity,1.0,0.05555555555555555
2024-07-01,Equal Weight,Japan Government Bond,-1.0,0.05555555555555555
2024-07-01,Equal Weight,US Treasury 7-10Y,1.0,0.05555555555555555
2024-07-01,Equal Weight,Germany Government Bond,1.0,0.05555555555555555
2024-07-01,Equal Weight,UK Gilt,1.0,0.05555555555555555
2024-07-01,Equal Weight,US IG,1.0,0.05555555555555555
2024-07-01,Equal Weight,US HY,1.0,0.05555555555555555
2024-07-01,Equal Weight,Europe IG,1.0,0.05555555555555555
2024-07-01,Equal Weight,Europe HY,1.0,0.05555555555555555
2024-07-01,Equal Weight,US REIT,1.0,0.05555555555555555
2024-07-01,Equal Weight,Japan REIT,-1.0,0.05555555555555555
2024-07-01,Equal Weight,Europe REIT,1.0,0.05555555555555555
2024-07-01,Equal Weight,Crude Oil,1.0,0.05555555555555555
2024-07-01,Equal Weight,Gold,1.0,0.05555555555555555
2024-07-01,Equal Weight,Copper,1.0,0.05555555555555555
2024-07-01,Equal Weight,USDJPY,1.0,0.0
2024-07-01,Equal Weight,EURJPY,1.0,0.0
2024-07-01,Equal Weight,GBPJPY,1.0,0.0
2024-07-01,Equal Weight,AUDJPY,1.0,0.0
2024-07-01,TSMOM Inverse Volatility,Japan Equity,1.0,0.04747140271720777
2024-07-01,TSMOM Inverse Volatility,US Equity,1.0,0.040700577262976656
2024-07-01,TSMOM Inverse Volatility,Europe Equity,1.0,0.03836187001115075
2024-07-01,TSMOM Inverse Volatility,Emerging Equity,1.0,0.03863788861771876
2024-07-01,TSMOM Inverse Volatility,Japan Government Bond,-1.0,-0.15
2024-07-01,TSMOM Inverse Volatility,US Treasury 7-10Y,1.0,0.060855386121076646
2024-07-01,TSMOM Inverse Volatility,Germany Government Bond,1.0,0.061345473071745454
2024-07-01,TSMOM Inverse Volatility,UK Gilt,1.0,0.0505032096140315
2024-07-01,TSMOM Inverse Volatility,US IG,1.0,0.05825270446634339
2024-07-01,TSMOM Inverse Volatility,US HY,1.0,0.06160751576793611
2024-07-01,TSMOM Inverse Volatility,Europe IG,1.0,0.06851420363682903
2024-07-01,TSMOM Inverse Volatility,Europe HY,1.0,0.06599739231758371
2024-07-01,TSMOM Inverse Volatility,US REIT,1.0,0.03528369094207147
2024-07-01,TSMOM Inverse Volatility,Japan REIT,-1.0,-0.058141575017752904
2024-07-01,TSMOM Inverse Volatility,Europe REIT,1.0,0.0295217599437479
2024-07-01,TSMOM Inverse Volatility,Crude Oil,1.0,0.02265216866010866
2024-07-01,TSMOM Inverse Volatility,Gold,1.0,0.045492423688912514
2024-07-01,TSMOM Inverse Volatility,Copper,1.0,0.030981770891958357
2024-07-01,TSMOM Inverse Volatility,USDJPY,1.0,0.08356437328505767
2024-07-01,TSMOM Inverse Volatility,EURJPY,1.0,0.0836529382739943
2024-07-01,TSMOM Inverse Volatility,GBPJPY,1.0,0.0783363638036197
2024-07-01,TSMOM Inverse Volatility,AUDJPY,1.0,0.07331058670921706
2024-07-01,TSMOM Shrinkage Precision,Japan Equity,1.0,0.15
2024-07-01,TSMOM Shrinkage Precision,US Equity,1.0,0.017925535467178937
2024-07-01,TSMOM Shrinkage Precision,Europe Equity,1.0,0.015130559915625234
2024-07-01,TSMOM Shrinkage Precision,Emerging Equity,1.0,0.04544839861629418
2024-07-01,TSMOM Shrinkage Precision,Japan Government Bond,-1.0,-0.15
2024-07-01,TSMOM Shrinkage Precision,US Treasury 7-10Y,1.0,0.0643294872818853
2024-07-01,TSMOM Shrinkage Precision,Germany Government Bond,1.0,0.09089181016512571
2024-07-01,TSMOM Shrinkage Precision,UK Gilt,1.0,0.10283131312913073
2024-07-01,TSMOM Shrinkage Precision,US IG,1.0,0.013920015334712068
2024-07-01,TSMOM Shrinkage Precision,US HY,1.0,0.0
2024-07-01,TSMOM Shrinkage Precision,Europe IG,1.0,0.0
2024-07-01,TSMOM Shrinkage Precision,Europe HY,1.0,0.0
2024-07-01,TSMOM Shrinkage Precision,US REIT,1.0,0.04139885442891506
2024-07-01,TSMOM Shrinkage Precision,Japan REIT,-1.0,-0.15
2024-07-01,TSMOM Shrinkage Precision,Europe REIT,1.0,0.08235802620991901
2024-07-01,TSMOM Shrinkage Precision,Crude Oil,1.0,0.06803367502385478
2024-07-01,TSMOM Shrinkage Precision,Gold,1.0,0.013894496389422133
2024-07-01,TSMOM Shrinkage Precision,Copper,1.0,0.028435520109118203
2024-07-01,TSMOM Shrinkage Precision,USDJPY,1.0,0.05129363713174811
2024-07-01,TSMOM Shrinkage Precision,EURJPY,1.0,0.005228341874468087
2024-07-01,TSMOM Shrinkage Precision,GBPJPY,1.0,0.034796672768397686
2024-07-01,TSMOM Shrinkage Precision,AUDJPY,1.0,0.07895452534715851
2024-07-01,TSMOM cDCC Precision,Japan Equity,1.0,0.15
2024-07-01,TSMOM cDCC Precision,US Equity,1.0,0.04637025112378299
2024-07-01,TSMOM cDCC Precision,Europe Equity,1.0,0.0072828901382424194
2024-07-01,TSMOM cDCC Precision,Emerging Equity,1.0,0.06582790428428292
2024-07-01,TSMOM cDCC Precision,Japan Government Bond,-1.0,-0.15
2024-07-01,TSMOM cDCC Precision,US Treasury 7-10Y,1.0,0.0637449835426993
2024-07-01,TSMOM cDCC Precision,Germany Government Bond,1.0,0.15
2024-07-01,TSMOM cDCC Precision,UK Gilt,1.0,0.12183507299508259
2024-07-01,TSMOM cDCC Precision,US IG,1.0,0.043256564982526564
2024-07-01,TSMOM cDCC Precision,US HY,1.0,0.0
2024-07-01,TSMOM cDCC Precision,Europe IG,1.0,0.0
2024-07-01,TSMOM cDCC Precision,Europe HY,1.0,0.0
2024-07-01,TSMOM cDCC Precision,US REIT,1.0,0.04526255219408686
2024-07-01,TSMOM cDCC Precision,Japan REIT,-1.0,-0.15
2024-07-01,TSMOM cDCC Precision,Europe REIT,1.0,0.08613262974282984
2024-07-01,TSMOM cDCC Precision,Crude Oil,1.0,0.08430791323797159
2024-07-01,TSMOM cDCC Precision,Gold,1.0,0.013571038785876682
2024-07-01,TSMOM cDCC Precision,Copper,1.0,0.03559276671216909
2024-07-01,TSMOM cDCC Precision,USDJPY,1.0,0.036697042087552735
2024-07-01,TSMOM cDCC Precision,EURJPY,1.0,0.04233918253156779
2024-07-01,TSMOM cDCC Precision,GBPJPY,1.0,0.05733318563486537
2024-07-01,TSMOM cDCC Precision,AUDJPY,1.0,0.1
2024-10-01,Equal Weight,Japan Equity,0.3333333333333333,0.05555555555555555
2024-10-01,Equal Weight,US Equity,0.3333333333333333,0.05555555555555555
2024-10-01,Equal Weight,Europe Equity,0.3333333333333333,0.05555555555555555
2024-10-01,Equal Weight,Emerging Equity,0.3333333333333333,0.05555555555555555
2024-10-01,Equal Weight,Japan Government Bond,-0.3333333333333333,0.05555555555555555
2024-10-01,Equal Weight,US Treasury 7-10Y,0.3333333333333333,0.05555555555555555
2024-10-01,Equal Weight,Germany Government Bond,-0.3333333333333333,0.05555555555555555
2024-10-01,Equal Weight,UK Gilt,-0.3333333333333333,0.05555555555555555
2024-10-01,Equal Weight,US IG,0.3333333333333333,0.05555555555555555
2024-10-01,Equal Weight,US HY,0.3333333333333333,0.05555555555555555
2024-10-01,Equal Weight,Europe IG,0.3333333333333333,0.05555555555555555
2024-10-01,Equal Weight,Europe HY,0.3333333333333333,0.05555555555555555
2024-10-01,Equal Weight,US REIT,1.0,0.05555555555555555
2024-10-01,Equal Weight,Japan REIT,-0.3333333333333333,0.05555555555555555
2024-10-01,Equal Weight,Europe REIT,1.0,0.05555555555555555
2024-10-01,Equal Weight,Crude Oil,-1.0,0.05555555555555555
2024-10-01,Equal Weight,Gold,0.3333333333333333,0.05555555555555555
2024-10-01,Equal Weight,Copper,-0.3333333333333333,0.05555555555555555
2024-10-01,Equal Weight,USDJPY,-1.0,0.0
2024-10-01,Equal Weight,EURJPY,-1.0,0.0
2024-10-01,Equal Weight,GBPJPY,-1.0,0.0
2024-10-01,Equal Weight,AUDJPY,-1.0,0.0
2024-10-01,TSMOM Inverse Volatility,Japan Equity,0.3333333333333333,0.04339999428671187
2024-10-01,TSMOM Inverse Volatility,US Equity,0.3333333333333333,0.0425941405627766
2024-10-01,TSMOM Inverse Volatility,Europe Equity,0.3333333333333333,0.04052095392833581
2024-10-01,TSMOM Inverse Volatility,Emerging Equity,0.3333333333333333,0.040311694604995695
2024-10-01,TSMOM Inverse Volatility,Japan Government Bond,-0.3333333333333333,-0.12555040277412383
2024-10-01,TSMOM Inverse Volatility,US Treasury 7-10Y,0.3333333333333333,0.06379705411797026
2024-10-01,TSMOM Inverse Volatility,Germany Government Bond,-0.3333333333333333,-0.06493471114348719
2024-10-01,TSMOM Inverse Volatility,UK Gilt,-0.3333333333333333,-0.05377442916257849
2024-10-01,TSMOM Inverse Volatility,US IG,0.3333333333333333,0.06135383837876868
2024-10-01,TSMOM Inverse Volatility,US HY,0.3333333333333333,0.06438875556589087
2024-10-01,TSMOM Inverse Volatility,Europe IG,0.3333333333333333,0.07169916786196859
2024-10-01,TSMOM Inverse Volatility,Europe HY,0.3333333333333333,0.06880363581475667
2024-10-01,TSMOM Inverse Volatility,US REIT,1.0,0.1129833544878482
2024-10-01,TSMOM Inverse Volatility,Japan REIT,-0.3333333333333333,-0.062283887226383575
2024-10-01,TSMOM Inverse Volatility,Europe REIT,1.0,0.09532935846795673
2024-10-01,TSMOM Inverse Volatility,Crude Oil,-1.0,-0.07272245482196023
2024-10-01,TSMOM Inverse Volatility,Gold,0.3333333333333333,0.04767734025280935
2024-10-01,TSMOM Inverse Volatility,Copper,-0.3333333333333333,-0.03307375247634696
2024-10-01,TSMOM Inverse Volatility,USDJPY,-1.0,-0.08370026851608256
2024-10-01,TSMOM Inverse Volatility,EURJPY,-1.0,-0.08370026851608256
2024-10-01,TSMOM Inverse Volatility,GBPJPY,-1.0,-0.08370026851608256
2024-10-01,TSMOM Inverse Volatility,AUDJPY,-1.0,-0.08370026851608256
2024-10-01,TSMOM Shrinkage Precision,Japan Equity,0.3333333333333333,0.090048766430418
2024-10-01,TSMOM Shrinkage Precision,US Equity,0.3333333333333333,0.0
2024-10-01,TSMOM Shrinkage Precision,Europe Equity,0.3333333333333333,0.0
2024-10-01,TSMOM Shrinkage Precision,Emerging Equity,0.3333333333333333,0.010171555516456392
2024-10-01,TSMOM Shrinkage Precision,Japan Government Bond,-0.3333333333333333,-0.10323512655291883
2024-10-01,TSMOM Shrinkage Precision,US Treasury 7-10Y,0.3333333333333333,0.10323512655291883
2024-10-01,TSMOM Shrinkage Precision,Germany Government Bond,-0.3333333333333333,-0.10323512655291883
2024-10-01,TSMOM Shrinkage Precision,UK Gilt,-0.3333333333333333,-0.10323512655291883
2024-10-01,TSMOM Shrinkage Precision,US IG,0.3333333333333333,0.0
2024-10-01,TSMOM Shrinkage Precision,US HY,0.3333333333333333,0.04693383633354746
2024-10-01,TSMOM Shrinkage Precision,Europe IG,0.3333333333333333,0.10323512655291883
2024-10-01,TSMOM Shrinkage Precision,Europe HY,0.3333333333333333,0.10323512655291883
2024-10-01,TSMOM Shrinkage Precision,US REIT,1.0,0.10323512655291883
2024-10-01,TSMOM Shrinkage Precision,Japan REIT,-0.3333333333333333,-0.0981611775601958
2024-10-01,TSMOM Shrinkage Precision,Europe REIT,1.0,0.0682960653216635
2024-10-01,TSMOM Shrinkage Precision,Crude Oil,-1.0,-0.06048914337700594
2024-10-01,TSMOM Shrinkage Precision,Gold,0.3333333333333333,0.10230456842662254
2024-10-01,TSMOM Shrinkage Precision,Copper,-0.3333333333333333,-0.025655330355875156
2024-10-01,TSMOM Shrinkage Precision,USDJPY,-1.0,-0.06882341770194589
2024-10-01,TSMOM Shrinkage Precision,EURJPY,-1.0,-0.06882341770194589
2024-10-01,TSMOM Shrinkage Precision,GBPJPY,-1.0,-0.06882341770194589
2024-10-01,TSMOM Shrinkage Precision,AUDJPY,-1.0,-0.06882341770194589
2024-10-01,TSMOM cDCC Precision,Japan Equity,0.3333333333333333,0.06384367812367411
2024-10-01,TSMOM cDCC Precision,US Equity,0.3333333333333333,0.0
2024-10-01,TSMOM cDCC Precision,Europe Equity,0.3333333333333333,0.0
2024-10-01,TSMOM cDCC Precision,Emerging Equity,0.3333333333333333,0.00819737243758353
2024-10-01,TSMOM cDCC Precision,Japan Government Bond,-0.3333333333333333,-0.1058068448256592
2024-10-01,TSMOM cDCC Precision,US Treasury 7-10Y,0.3333333333333333,0.1058068448256592
2024-10-01,TSMOM cDCC Precision,Germany Government Bond,-0.3333333333333333,-0.1058068448256592
2024-10-01,TSMOM cDCC Precision,UK Gilt,-0.3333333333333333,-0.1058068448256592
2024-10-01,TSMOM cDCC Precision,US IG,0.3333333333333333,0.0
2024-10-01,TSMOM cDCC Precision,US HY,0.3333333333333333,0.10103211505182516
2024-10-01,TSMOM cDCC Precision,Europe IG,0.3333333333333333,0.1058068448256592
2024-10-01,TSMOM cDCC Precision,Europe HY,0.3333333333333333,0.1058068448256592
2024-10-01,TSMOM cDCC Precision,US REIT,1.0,0.09748333201640812
2024-10-01,TSMOM cDCC Precision,Japan REIT,-0.3333333333333333,-0.05997466172589715
2024-10-01,TSMOM cDCC Precision,Europe REIT,1.0,0.07711671651339161
2024-10-01,TSMOM cDCC Precision,Crude Oil,-1.0,-0.05773865019043161
2024-10-01,TSMOM cDCC Precision,Gold,0.3333333333333333,0.08213312550591446
2024-10-01,TSMOM cDCC Precision,Copper,-0.3333333333333333,-0.035487693279161056
2024-10-01,TSMOM cDCC Precision,USDJPY,-1.0,-0.07053789655043947
2024-10-01,TSMOM cDCC Precision,EURJPY,-1.0,-0.07053789655043947
2024-10-01,TSMOM cDCC Precision,GBPJPY,-1.0,-0.07053789655043947
2024-10-01,TSMOM cDCC Precision,AUDJPY,-1.0,-0.07053789655043947
2025-01-06,Equal Weight,Japan Equity,1.0,0.05555555555555555
2025-01-06,Equal Weight,US Equity,1.0,0.05555555555555555
2025-01-06,Equal Weight,Europe Equity,-0.3333333333333333,0.05555555555555555
2025-01-06,Equal Weight,Emerging Equity,1.0,0.05555555555555555
2025-01-06,Equal Weight,Japan Government Bond,-1.0,0.05555555555555555
2025-01-06,Equal Weight,US Treasury 7-10Y,1.0,0.05555555555555555
2025-01-06,Equal Weight,Germany Government Bond,0.3333333333333333,0.05555555555555555
2025-01-06,Equal Weight,UK Gilt,0.3333333333333333,0.05555555555555555
2025-01-06,Equal Weight,US IG,1.0,0.05555555555555555
2025-01-06,Equal Weight,US HY,1.0,0.05555555555555555
2025-01-06,Equal Weight,Europe IG,1.0,0.05555555555555555
2025-01-06,Equal Weight,Europe HY,1.0,0.05555555555555555
2025-01-06,Equal Weight,US REIT,0.3333333333333333,0.05555555555555555
2025-01-06,Equal Weight,Japan REIT,-1.0,0.05555555555555555
2025-01-06,Equal Weight,Europe REIT,0.3333333333333333,0.05555555555555555
2025-01-06,Equal Weight,Crude Oil,0.3333333333333333,0.05555555555555555
2025-01-06,Equal Weight,Gold,1.0,0.05555555555555555
2025-01-06,Equal Weight,Copper,-0.3333333333333333,0.05555555555555555
2025-01-06,Equal Weight,USDJPY,1.0,0.0
2025-01-06,Equal Weight,EURJPY,-0.3333333333333333,0.0
2025-01-06,Equal Weight,GBPJPY,0.3333333333333333,0.0
2025-01-06,Equal Weight,AUDJPY,-1.0,0.0
2025-01-06,TSMOM Inverse Volatility,Japan Equity,1.0,0.06807889472816701
2025-01-06,TSMOM Inverse Volatility,US Equity,1.0,0.06607905006087315
2025-01-06,TSMOM Inverse Volatility,Europe Equity,-0.3333333333333333,-0.021086091388282213
2025-01-06,TSMOM Inverse Volatility,Emerging Equity,1.0,0.06273091085251838
2025-01-06,TSMOM Inverse Volatility,Japan Government Bond,-1.0,-0.15
2025-01-06,TSMOM Inverse Volatility,US Treasury 7-10Y,1.0,0.09767589332600962
2025-01-06,TSMOM Inverse Volatility,Germany Government Bond,0.3333333333333333,0.033240034942139195
2025-01-06,TSMOM Inverse Volatility,UK Gilt,0.3333333333333333,0.027766781808257056
2025-01-06,TSMOM Inverse Volatility,US IG,1.0,0.09395559032780322
2025-01-06,TSMOM Inverse Volatility,US HY,1.0,0.09886753893438974
2025-01-06,TSMOM Inverse Volatility,Europe IG,1.0,0.11059004721753786
2025-01-06,TSMOM Inverse Volatility,Europe HY,1.0,0.10626393336167157
2025-01-06,TSMOM Inverse Volatility,US REIT,0.3333333333333333,0.01937907950214519
2025-01-06,TSMOM Inverse Volatility,Japan REIT,-1.0,-0.09975992358406251
2025-01-06,TSMOM Inverse Volatility,Europe REIT,0.3333333333333333,0.01646499259983005
2025-01-06,TSMOM Inverse Volatility,Crude Oil,0.3333333333333333,0.012650535713579917
2025-01-06,TSMOM Inverse Volatility,Gold,1.0,0.07256316834217365
2025-01-06,TSMOM Inverse Volatility,Copper,-0.3333333333333333,-0.017301081266029795
2025-01-06,TSMOM Inverse Volatility,USDJPY,1.0,0.1
2025-01-06,TSMOM Inverse Volatility,EURJPY,-0.3333333333333333,-0.04422826694533445
2025-01-06,TSMOM Inverse Volatility,GBPJPY,0.3333333333333333,0.041796734890040974
2025-01-06,TSMOM Inverse Volatility,AUDJPY,-1.0,-0.1
2025-01-06,TSMOM Shrinkage Precision,Japan Equity,1.0,0.11286594845855275
2025-01-06,TSMOM Shrinkage Precision,US Equity,1.0,0.11286594845855275
2025-01-06,TSMOM Shrinkage Precision,Europe Equity,-0.3333333333333333,-0.11286594845855275
2025-01-06,TSMOM Shrinkage Precision,Emerging Equity,1.0,0.11286594845855275
2025-01-06,TSMOM Shrinkage Precision,Japan Government Bond,-1.0,-0.11286594845855275
2025-01-06,TSMOM Shrinkage Precision,US Treasury 7-10Y,1.0,0.06996439431701011
2025-01-06,TSMOM Shrinkage Precision,Germany Government Bond,0.3333333333333333,0.0
2025-01-06,TSMOM Shrinkage Precision,UK Gilt,0.3333333333333333,0.0
2025-01-06,TSMOM Shrinkage Precision,US IG,1.0,0.052168054528055834
2025-01-06,TSMOM Shrinkage Precision,US HY,1.0,0.0033552897894805517
2025-01-06,TSMOM Shrinkage Precision,Europe IG,1.0,0.11286594845855275
2025-01-06,TSMOM Shrinkage Precision,Europe HY,1.0,0.11286594845855275
2025-01-06,TSMOM Shrinkage Precision,US REIT,0.3333333333333333,0.0
2025-01-06,TSMOM Shrinkage Precision,Japan REIT,-1.0,-0.11286594845855275
2025-01-06,TSMOM Shrinkage Precision,Europe REIT,0.3333333333333333,0.05415496860046191
2025-01-06,TSMOM Shrinkage Precision,Crude Oil,0.3333333333333333,0.015972471925338592
2025-01-06,TSMOM Shrinkage Precision,Gold,1.0,0.08392685030353644
2025-01-06,TSMOM Shrinkage Precision,Copper,-0.3333333333333333,-0.0917984859505888
2025-01-06,TSMOM Shrinkage Precision,USDJPY,1.0,0.07524396563903518
2025-01-06,TSMOM Shrinkage Precision,EURJPY,-0.3333333333333333,-0.07524396563903518
2025-01-06,TSMOM Shrinkage Precision,GBPJPY,0.3333333333333333,0.0
2025-01-06,TSMOM Shrinkage Precision,AUDJPY,-1.0,-0.07524396563903518
2025-01-06,TSMOM cDCC Precision,Japan Equity,1.0,0.10936998778734798
2025-01-06,TSMOM cDCC Precision,US Equity,1.0,0.10936998778734798
2025-01-06,TSMOM cDCC Precision,Europe Equity,-0.3333333333333333,-0.10936998778734798
2025-01-06,TSMOM cDCC Precision,Emerging Equity,1.0,0.10936998778734798
2025-01-06,TSMOM cDCC Precision,Japan Government Bond,-1.0,-0.10936998778734798
2025-01-06,TSMOM cDCC Precision,US Treasury 7-10Y,1.0,0.09951278552103614
2025-01-06,TSMOM cDCC Precision,Germany Government Bond,0.3333333333333333,0.0
2025-01-06,TSMOM cDCC Precision,UK Gilt,0.3333333333333333,0.0
2025-01-06,TSMOM cDCC Precision,US IG,1.0,0.05172040329659975
2025-01-06,TSMOM cDCC Precision,US HY,1.0,0.0050136674144604385
2025-01-06,TSMOM cDCC Precision,Europe IG,1.0,0.10936998778734798
2025-01-06,TSMOM cDCC Precision,Europe HY,1.0,0.10936998778734798
2025-01-06,TSMOM cDCC Precision,US REIT,0.3333333333333333,0.0
2025-01-06,TSMOM cDCC Precision,Japan REIT,-1.0,-0.10936998778734798
2025-01-06,TSMOM cDCC Precision,Europe REIT,0.3333333333333333,0.05510440441543719
2025-01-06,TSMOM cDCC Precision,Crude Oil,0.3333333333333333,0.01687589707633561
2025-01-06,TSMOM cDCC Precision,Gold,1.0,0.07492131721837685
2025-01-06,TSMOM cDCC Precision,Copper,-0.3333333333333333,-0.10315164718427414
2025-01-06,TSMOM cDCC Precision,USDJPY,1.0,0.07291332519156533
2025-01-06,TSMOM cDCC Precision,EURJPY,-0.3333333333333333,-0.07291332519156533
2025-01-06,TSMOM cDCC Precision,GBPJPY,0.3333333333333333,0.0
2025-01-06,TSMOM cDCC Precision,AUDJPY,-1.0,-0.07291332519156533
2025-04-01,Equal Weight,Japan Equity,-0.3333333333333333,0.05555555555555555
2025-04-01,Equal Weight,US Equity,0.3333333333333333,0.05555555555555555
2025-04-01,Equal Weight,Europe Equity,1.0,0.05555555555555555
2025-04-01,Equal Weight,Emerging Equity,1.0,0.05555555555555555
2025-04-01,Equal Weight,Japan Government Bond,-1.0,0.05555555555555555
2025-04-01,Equal Weight,US Treasury 7-10Y,1.0,0.05555555555555555
2025-04-01,Equal Weight,Germany Government Bond,1.0,0.05555555555555555
2025-04-01,Equal Weight,UK Gilt,1.0,0.05555555555555555
2025-04-01,Equal Weight,US IG,1.0,0.05555555555555555
2025-04-01,Equal Weight,US HY,0.3333333333333333,0.05555555555555555
2025-04-01,Equal Weight,Europe IG,1.0,0.05555555555555555
2025-04-01,Equal Weight,Europe HY,1.0,0.05555555555555555
2025-04-01,Equal Weight,US REIT,-0.3333333333333333,0.05555555555555555
2025-04-01,Equal Weight,Japan REIT,0.3333333333333333,0.05555555555555555
2025-04-01,Equal Weight,Europe REIT,0.3333333333333333,0.05555555555555555
2025-04-01,Equal Weight,Crude Oil,-0.3333333333333333,0.05555555555555555
2025-04-01,Equal Weight,Gold,1.0,0.05555555555555555
2025-04-01,Equal Weight,Copper,1.0,0.05555555555555555
2025-04-01,Equal Weight,USDJPY,-0.3333333333333333,0.0
2025-04-01,Equal Weight,EURJPY,1.0,0.0
2025-04-01,Equal Weight,GBPJPY,1.0,0.0
2025-04-01,Equal Weight,AUDJPY,-0.3333333333333333,0.0
2025-04-01,TSMOM Inverse Volatility,Japan Equity,-0.3333333333333333,-0.019482102188934074
2025-04-01,TSMOM Inverse Volatility,US Equity,0.3333333333333333,0.018463899960359808
2025-04-01,TSMOM Inverse Volatility,Europe Equity,1.0,0.053322566495146266
2025-04-01,TSMOM Inverse Volatility,Emerging Equity,1.0,0.05336056585030028
2025-04-01,TSMOM Inverse Volatility,Japan Government Bond,-1.0,-0.15
2025-04-01,TSMOM Inverse Volatility,US Treasury 7-10Y,1.0,0.08290081195274297
2025-04-01,TSMOM Inverse Volatility,Germany Government Bond,1.0,0.08582036084897778
2025-04-01,TSMOM Inverse Volatility,UK Gilt,1.0,0.07184519644726169
2025-04-01,TSMOM Inverse Volatility,US IG,1.0,0.07967196145543035
2025-04-01,TSMOM Inverse Volatility,US HY,0.3333333333333333,0.02782134239147613
2025-04-01,TSMOM Inverse Volatility,Europe IG,1.0,0.0941172845237272
2025-04-01,TSMOM Inverse Volatility,Europe HY,1.0,0.0901860204391963
2025-04-01,TSMOM Inverse Volatility,US REIT,-0.3333333333333333,-0.016498564776402835
2025-04-01,TSMOM Inverse Volatility,Japan REIT,0.3333333333333333,0.028693367706927354
2025-04-01,TSMOM Inverse Volatility,Europe REIT,0.3333333333333333,0.014113279589610794
2025-04-01,TSMOM Inverse Volatility,Crude Oil,-0.3333333333333333,-0.011029066662979968
2025-04-01,TSMOM Inverse Volatility,Gold,1.0,0.061614084194894725
2025-04-01,TSMOM Inverse Volatility,Copper,1.0,0.04411419883136668
2025-04-01,TSMOM Inverse Volatility,USDJPY,-0.3333333333333333,-0.03641527397263894
2025-04-01,TSMOM Inverse Volatility,EURJPY,1.0,0.1
2025-04-01,TSMOM Inverse Volatility,GBPJPY,1.0,0.1
2025-04-01,TSMOM Inverse Volatility,AUDJPY,-0.3333333333333333,-0.033077672337430766
2025-04-01,TSMOM Shrinkage Precision,Japan Equity,-0.3333333333333333,-0.10072926802568413
2025-04-01,TSMOM Shrinkage Precision,US Equity,0.3333333333333333,0.03765089791093786
2025-04-01,TSMOM Shrinkage Precision,Europe Equity,1.0,0.11784066586918568
2025-04-01,TSMOM Shrinkage Precision,Emerging Equity,1.0,0.07461899966156069
2025-04-01,TSMOM Shrinkage Precision,Japan Government Bond,-1.0,-0.11784066586918568
2025-04-01,TSMOM Shrinkage Precision,US Treasury 7-10Y,1.0,0.11784066586918568
2025-04-01,TSMOM Shrinkage Precision,Germany Government Bond,1.0,0.04462923501609905
2025-04-01,TSMOM Shrinkage Precision,UK Gilt,1.0,0.012850039275841989
2025-04-01,TSMOM Shrinkage Precision,US IG,1.0,0.11784066586918568
2025-04-01,TSMOM Shrinkage Precision,US HY,0.3333333333333333,0.0
2025-04-01,TSMOM Shrinkage Precision,Europe IG,1.0,0.0021757823097776265
2025-04-01,TSMOM Shrinkage Precision,Europe HY,1.0,0.06641463305082634
2025-04-01,TSMOM Shrinkage Precision,US REIT,-0.3333333333333333,-0.11784066586918568
2025-04-01,TSMOM Shrinkage Precision,Japan REIT,0.3333333333333333,0.11335410593477559
2025-04-01,TSMOM Shrinkage Precision,Europe REIT,0.3333333333333333,0.0
2025-04-01,TSMOM Shrinkage Precision,Crude Oil,-0.3333333333333333,-0.023433583667161417
2025-04-01,TSMOM Shrinkage Precision,Gold,1.0,0.07344082696063388
2025-04-01,TSMOM Shrinkage Precision,Copper,1.0,0.04725752318961104
2025-04-01,TSMOM Shrinkage Precision,USDJPY,-0.3333333333333333,-0.07856044391279046
2025-04-01,TSMOM Shrinkage Precision,EURJPY,1.0,0.07856044391279046
2025-04-01,TSMOM Shrinkage Precision,GBPJPY,1.0,0.07856044391279046
2025-04-01,TSMOM Shrinkage Precision,AUDJPY,-0.3333333333333333,-0.07856044391279046
2025-04-01,TSMOM cDCC Precision,Japan Equity,-0.3333333333333333,-0.06975708781396056
2025-04-01,TSMOM cDCC Precision,US Equity,0.3333333333333333,0.05748885258202504
2025-04-01,TSMOM cDCC Precision,Europe Equity,1.0,0.09717592185525385
2025-04-01,TSMOM cDCC Precision,Emerging Equity,1.0,0.0969112158358501
2025-04-01,TSMOM cDCC Precision,Japan Government Bond,-1.0,-0.11853849696238784
2025-04-01,TSMOM cDCC Precision,US Treasury 7-10Y,1.0,0.11853849696238784
2025-04-01,TSMOM cDCC Precision,Germany Government Bond,1.0,0.048086829885189426
2025-04-01,TSMOM cDCC Precision,UK Gilt,1.0,0.008641900877145507
2025-04-01,TSMOM cDCC Precision,US IG,1.0,0.11853849696238784
2025-04-01,TSMOM cDCC Precision,US HY,0.3333333333333333,0.0
2025-04-01,TSMOM cDCC Precision,Europe IG,1.0,0.033954935174506484
2025-04-01,TSMOM cDCC Precision,Europe HY,1.0,0.09564682876187666
2025-04-01,TSMOM cDCC Precision,US REIT,-0.3333333333333333,-0.11853849696238784
2025-04-01,TSMOM cDCC Precision,Japan REIT,0.3333333333333333,0.0702660096509179
2025-04-01,TSMOM cDCC Precision,Europe REIT,0.3333333333333333,0.0
2025-04-01,TSMOM cDCC Precision,Crude Oil,-0.3333333333333333,-0.013672756736034804
2025-04-01,TSMOM cDCC Precision,Gold,1.0,0.0786000717914051
2025-04-01,TSMOM cDCC Precision,Copper,1.0,0.03954094261991526
2025-04-01,TSMOM cDCC Precision,USDJPY,-0.3333333333333333,-0.0790256646415919
2025-04-01,TSMOM cDCC Precision,EURJPY,1.0,0.0790256646415919
2025-04-01,TSMOM cDCC Precision,GBPJPY,1.0,0.0790256646415919
2025-04-01,TSMOM cDCC Precision,AUDJPY,-0.3333333333333333,-0.0790256646415919
2025-07-01,Equal Weight,Japan Equity,1.0,0.05555555555555555
2025-07-01,Equal Weight,US Equity,1.0,0.05555555555555555
2025-07-01,Equal Weight,Europe Equity,1.0,0.05555555555555555
2025-07-01,Equal Weight,Emerging Equity,1.0,0.05555555555555555
2025-07-01,Equal Weight,Japan Government Bond,-1.0,0.05555555555555555
2025-07-01,Equal Weight,US Treasury 7-10Y,1.0,0.05555555555555555
2025-07-01,Equal Weight,Germany Government Bond,1.0,0.05555555555555555
2025-07-01,Equal Weight,UK Gilt,1.0,0.05555555555555555
2025-07-01,Equal Weight,US IG,1.0,0.05555555555555555
2025-07-01,Equal Weight,US HY,1.0,0.05555555555555555
2025-07-01,Equal Weight,Europe IG,1.0,0.05555555555555555
2025-07-01,Equal Weight,Europe HY,1.0,0.05555555555555555
2025-07-01,Equal Weight,US REIT,0.3333333333333333,0.05555555555555555
2025-07-01,Equal Weight,Japan REIT,1.0,0.05555555555555555
2025-07-01,Equal Weight,Europe REIT,1.0,0.05555555555555555
2025-07-01,Equal Weight,Crude Oil,-1.0,0.05555555555555555
2025-07-01,Equal Weight,Gold,1.0,0.05555555555555555
2025-07-01,Equal Weight,Copper,0.3333333333333333,0.05555555555555555
2025-07-01,Equal Weight,USDJPY,-0.3333333333333333,0.0
2025-07-01,Equal Weight,EURJPY,1.0,0.0
2025-07-01,Equal Weight,GBPJPY,1.0,0.0
2025-07-01,Equal Weight,AUDJPY,-1.0,0.0
2025-07-01,TSMOM Inverse Volatility,Japan Equity,1.0,0.04776459668289371
2025-07-01,TSMOM Inverse Volatility,US Equity,1.0,0.044550337991640286
2025-07-01,TSMOM Inverse Volatility,Europe Equity,1.0,0.04544920128529042
2025-07-01,TSMOM Inverse Volatility,Emerging Equity,1.0,0.04519826350354008
2025-07-01,TSMOM Inverse Volatility,Japan Government Bond,-1.0,-0.15
2025-07-01,TSMOM Inverse Volatility,US Treasury 7-10Y,1.0,0.0686390959051747
2025-07-01,TSMOM Inverse Volatility,Germany Government Bond,1.0,0.07352255758178078
2025-07-01,TSMOM Inverse Volatility,UK Gilt,1.0,0.06098176901844819
2025-07-01,TSMOM Inverse Volatility,US IG,1.0,0.06642357492902194
2025-07-01,TSMOM Inverse Volatility,US HY,1.0,0.06877684447895073
2025-07-01,TSMOM Inverse Volatility,Europe IG,1.0,0.07945772597883713
2025-07-01,TSMOM Inverse Volatility,Europe HY,1.0,0.07529033435724732
2025-07-01,TSMOM Inverse Volatility,US REIT,0.3333333333333333,0.013714753072367619
2025-07-01,TSMOM Inverse Volatility,Japan REIT,1.0,0.07631163715856663
2025-07-01,TSMOM Inverse Volatility,Europe REIT,1.0,0.03636304406403975
2025-07-01,TSMOM Inverse Volatility,Crude Oil,-1.0,-0.028277144220064908
2025-07-01,TSMOM Inverse Volatility,Gold,1.0,0.04963375865990749
2025-07-01,TSMOM Inverse Volatility,Copper,0.3333333333333333,0.011796639615685367
2025-07-01,TSMOM Inverse Volatility,USDJPY,-0.3333333333333333,-0.02951252302518557
2025-07-01,TSMOM Inverse Volatility,EURJPY,1.0,0.0956942714101701
2025-07-01,TSMOM Inverse Volatility,GBPJPY,1.0,0.08973279230488954
2025-07-01,TSMOM Inverse Volatility,AUDJPY,-1.0,-0.07895269550039166
2025-07-01,TSMOM Shrinkage Precision,Japan Equity,1.0,0.11325909095467343
2025-07-01,TSMOM Shrinkage Precision,US Equity,1.0,0.11858106852343549
2025-07-01,TSMOM Shrinkage Precision,Europe Equity,1.0,0.006017400154740288
2025-07-01,TSMOM Shrinkage Precision,Emerging Equity,1.0,0.049587107508132396
2025-07-01,TSMOM Shrinkage Precision,Japan Government Bond,-1.0,-0.1392025182038406
2025-07-01,TSMOM Shrinkage Precision,US Treasury 7-10Y,1.0,0.1392025182038406
2025-07-01,TSMOM Shrinkage Precision,Germany Government Bond,1.0,0.0
2025-07-01,TSMOM Shrinkage Precision,UK Gilt,1.0,0.004757035809558768
2025-07-01,TSMOM Shrinkage Precision,US IG,1.0,0.030911769019227264
2025-07-01,TSMOM Shrinkage Precision,US HY,1.0,0.12203270873018826
2025-07-01,TSMOM Shrinkage Precision,Europe IG,1.0,0.0
2025-07-01,TSMOM Shrinkage Precision,Europe HY,1.0,0.0
2025-07-01,TSMOM Shrinkage Precision,US REIT,0.3333333333333333,0.0
2025-07-01,TSMOM Shrinkage Precision,Japan REIT,1.0,0.1363727374523356
2025-07-01,TSMOM Shrinkage Precision,Europe REIT,1.0,0.04514693767575712
2025-07-01,TSMOM Shrinkage Precision,Crude Oil,-1.0,-0.084578068187374
2025-07-01,TSMOM Shrinkage Precision,Gold,1.0,0.13914432436665408
2025-07-01,TSMOM Shrinkage Precision,Copper,0.3333333333333333,0.0
2025-07-01,TSMOM Shrinkage Precision,USDJPY,-0.3333333333333333,-0.09280167880256042
2025-07-01,TSMOM Shrinkage Precision,EURJPY,1.0,0.09280167880256042
2025-07-01,TSMOM Shrinkage Precision,GBPJPY,1.0,0.09280167880256042
2025-07-01,TSMOM Shrinkage Precision,AUDJPY,-1.0,-0.09280167880256042
2025-07-01,TSMOM cDCC Precision,Japan Equity,1.0,0.11954834348860773
2025-07-01,TSMOM cDCC Precision,US Equity,1.0,0.13196062557877836
2025-07-01,TSMOM cDCC Precision,Europe Equity,1.0,0.0
2025-07-01,TSMOM cDCC Precision,Emerging Equity,1.0,0.023883813896973527
2025-07-01,TSMOM cDCC Precision,Japan Government Bond,-1.0,-0.13780439556784624
2025-07-01,TSMOM cDCC Precision,US Treasury 7-10Y,1.0,0.13780439556784624
2025-07-01,TSMOM cDCC Precision,Germany Government Bond,1.0,0.0022433401197931445
2025-07-01,TSMOM cDCC Precision,UK Gilt,1.0,0.0
2025-07-01,TSMOM cDCC Precision,US IG,1.0,0.05084689030503694
2025-07-01,TSMOM cDCC Precision,US HY,1.0,0.13780439556784624
2025-07-01,TSMOM cDCC Precision,Europe IG,1.0,0.0
2025-07-01,TSMOM cDCC Precision,Europe HY,1.0,0.0
2025-07-01,TSMOM cDCC Precision,US REIT,0.3333333333333333,0.0
2025-07-01,TSMOM cDCC Precision,Japan REIT,1.0,0.13780439556784624
2025-07-01,TSMOM cDCC Precision,Europe REIT,1.0,0.07408307544429327
2025-07-01,TSMOM cDCC Precision,Crude Oil,-1.0,-0.043662503575285665
2025-07-01,TSMOM cDCC Precision,Gold,1.0,0.13507543713892278
2025-07-01,TSMOM cDCC Precision,Copper,0.3333333333333333,0.0
2025-07-01,TSMOM cDCC Precision,USDJPY,-0.3333333333333333,-0.09186959704523084
2025-07-01,TSMOM cDCC Precision,EURJPY,1.0,0.09186959704523084
2025-07-01,TSMOM cDCC Precision,GBPJPY,1.0,0.09186959704523084
2025-07-01,TSMOM cDCC Precision,AUDJPY,-1.0,-0.09186959704523084
2025-10-01,Equal Weight,Japan Equity,1.0,0.05555555555555555
2025-10-01,Equal Weight,US Equity,1.0,0.05555555555555555
2025-10-01,Equal Weight,Europe Equity,1.0,0.05555555555555555
2025-10-01,Equal Weight,Emerging Equity,1.0,0.05555555555555555
2025-10-01,Equal Weight,Japan Government Bond,-1.0,0.05555555555555555
2025-10-01,Equal Weight,US Treasury 7-10Y,1.0,0.05555555555555555
2025-10-01,Equal Weight,Germany Government Bond,1.0,0.05555555555555555
2025-10-01,Equal Weight,UK Gilt,0.3333333333333333,0.05555555555555555
2025-10-01,Equal Weight,US IG,1.0,0.05555555555555555
2025-10-01,Equal Weight,US HY,1.0,0.05555555555555555
2025-10-01,Equal Weight,Europe IG,1.0,0.05555555555555555
2025-10-01,Equal Weight,Europe HY,1.0,0.05555555555555555
2025-10-01,Equal Weight,US REIT,1.0,0.05555555555555555
2025-10-01,Equal Weight,Japan REIT,1.0,0.05555555555555555
2025-10-01,Equal Weight,Europe REIT,0.3333333333333333,0.05555555555555555
2025-10-01,Equal Weight,Crude Oil,-0.3333333333333333,0.05555555555555555
2025-10-01,Equal Weight,Gold,1.0,0.05555555555555555
2025-10-01,Equal Weight,Copper,-0.3333333333333333,0.05555555555555555
2025-10-01,Equal Weight,USDJPY,1.0,0.0
2025-10-01,Equal Weight,EURJPY,1.0,0.0
2025-10-01,Equal Weight,GBPJPY,0.3333333333333333,0.0
2025-10-01,Equal Weight,AUDJPY,0.3333333333333333,0.0
2025-10-01,TSMOM Inverse Volatility,Japan Equity,1.0,0.045055742320701406
2025-10-01,TSMOM Inverse Volatility,US Equity,1.0,0.044407803161586164
2025-10-01,TSMOM Inverse Volatility,Europe Equity,1.0,0.04453996310402242
2025-10-01,TSMOM Inverse Volatility,Emerging Equity,1.0,0.0439669535356408
2025-10-01,TSMOM Inverse Volatility,Japan Government Bond,-1.0,-0.14421367460491927
2025-10-01,TSMOM Inverse Volatility,US Treasury 7-10Y,1.0,0.0654959664206741
2025-10-01,TSMOM Inverse Volatility,Germany Government Bond,1.0,0.0714671773565057
2025-10-01,TSMOM Inverse Volatility,UK Gilt,0.3333333333333333,0.019746205328860206
2025-10-01,TSMOM Inverse Volatility,US IG,1.0,0.0636067207014346
2025-10-01,TSMOM Inverse Volatility,US HY,1.0,0.066985744327456
2025-10-01,TSMOM Inverse Volatility,Europe IG,1.0,0.07820766264457729
2025-10-01,TSMOM Inverse Volatility,Europe HY,1.0,0.07428050283377052
2025-10-01,TSMOM Inverse Volatility,US REIT,1.0,0.04028729413349781
2025-10-01,TSMOM Inverse Volatility,Japan REIT,1.0,0.07356394093126979
2025-10-01,TSMOM Inverse Volatility,Europe REIT,0.3333333333333333,0.011957554454771
2025-10-01,TSMOM Inverse Volatility,Crude Oil,-0.3333333333333333,-0.009229119761292443
2025-10-01,TSMOM Inverse Volatility,Gold,1.0,0.04662246152792196
2025-10-01,TSMOM Inverse Volatility,Copper,-0.3333333333333333,-0.010109317166028496
2025-10-01,TSMOM Inverse Volatility,USDJPY,1.0,0.0833001959593369
2025-10-01,TSMOM Inverse Volatility,EURJPY,1.0,0.09407498422535551
2025-10-01,TSMOM Inverse Volatility,GBPJPY,0.3333333333333333,0.029276943614783304
2025-10-01,TSMOM Inverse Volatility,AUDJPY,0.3333333333333333,0.02568571211297305
2025-10-01,TSMOM Shrinkage Precision,Japan Equity,1.0,0.054096064361602435
2025-10-01,TSMOM Shrinkage Precision,US Equity,1.0,0.02206729150923553
2025-10-01,TSMOM Shrinkage Precision,Europe Equity,1.0,0.04591113217942792
2025-10-01,TSMOM Shrinkage Precision,Emerging Equity,1.0,0.050989194581852144
2025-10-01,TSMOM Shrinkage Precision,Japan Government Bond,-1.0,-0.15
2025-10-01,TSMOM Shrinkage Precision,US Treasury 7-10Y,1.0,0.00017997345092667894
2025-10-01,TSMOM Shrinkage Precision,Germany Government Bond,1.0,0.15
2025-10-01,TSMOM Shrinkage Precision,UK Gilt,0.3333333333333333,0.0
2025-10-01,TSMOM Shrinkage Precision,US IG,1.0,0.0
2025-10-01,TSMOM Shrinkage Precision,US HY,1.0,0.0
2025-10-01,TSMOM Shrinkage Precision,Europe IG,1.0,0.13338712684874438
2025-10-01,TSMOM Shrinkage Precision,Europe HY,1.0,0.15
2025-10-01,TSMOM Shrinkage Precision,US REIT,1.0,0.041799084279167946
2025-10-01,TSMOM Shrinkage Precision,Japan REIT,1.0,0.11685090685925385
2025-10-01,TSMOM Shrinkage Precision,Europe REIT,0.3333333333333333,0.0
2025-10-01,TSMOM Shrinkage Precision,Crude Oil,-0.3333333333333333,-0.03311776983528425
2025-10-01,TSMOM Shrinkage Precision,Gold,1.0,0.08169190493259133
2025-10-01,TSMOM Shrinkage Precision,Copper,-0.3333333333333333,-0.08679971172212837
2025-10-01,TSMOM Shrinkage Precision,USDJPY,1.0,0.08580000436379882
2025-10-01,TSMOM Shrinkage Precision,EURJPY,1.0,0.1
2025-10-01,TSMOM Shrinkage Precision,GBPJPY,0.3333333333333333,0.0
2025-10-01,TSMOM Shrinkage Precision,AUDJPY,0.3333333333333333,0.0
2025-10-01,TSMOM cDCC Precision,Japan Equity,1.0,0.07860140189727777
2025-10-01,TSMOM cDCC Precision,US Equity,1.0,0.03149371067462305
2025-10-01,TSMOM cDCC Precision,Europe Equity,1.0,0.02946072399159261
2025-10-01,TSMOM cDCC Precision,Emerging Equity,1.0,0.04334615902785072
2025-10-01,TSMOM cDCC Precision,Japan Government Bond,-1.0,-0.15
2025-10-01,TSMOM cDCC Precision,US Treasury 7-10Y,1.0,0.00450695633647904
2025-10-01,TSMOM cDCC Precision,Germany Government Bond,1.0,0.15
2025-10-01,TSMOM cDCC Precision,UK Gilt,0.3333333333333333,0.0
2025-10-01,TSMOM cDCC Precision,US IG,1.0,0.0
2025-10-01,TSMOM cDCC Precision,US HY,1.0,0.0
2025-10-01,TSMOM cDCC Precision,Europe IG,1.0,0.15
2025-10-01,TSMOM cDCC Precision,Europe HY,1.0,0.15
2025-10-01,TSMOM cDCC Precision,US REIT,1.0,0.04327529602551339
2025-10-01,TSMOM cDCC Precision,Japan REIT,1.0,0.13027945911158953
2025-10-01,TSMOM cDCC Precision,Europe REIT,0.3333333333333333,0.0
2025-10-01,TSMOM cDCC Precision,Crude Oil,-0.3333333333333333,-0.03862188533223906
2025-10-01,TSMOM cDCC Precision,Gold,1.0,0.07623446312166507
2025-10-01,TSMOM cDCC Precision,Copper,-0.3333333333333333,-0.05553045825624535
2025-10-01,TSMOM cDCC Precision,USDJPY,1.0,0.1
2025-10-01,TSMOM cDCC Precision,EURJPY,1.0,0.1
2025-10-01,TSMOM cDCC Precision,GBPJPY,0.3333333333333333,0.0
2025-10-01,TSMOM cDCC Precision,AUDJPY,0.3333333333333333,0.0
2026-01-05,Equal Weight,Japan Equity,1.0,0.05555555555555555
2026-01-05,Equal Weight,US Equity,1.0,0.05555555555555555
2026-01-05,Equal Weight,Europe Equity,1.0,0.05555555555555555
2026-01-05,Equal Weight,Emerging Equity,1.0,0.05555555555555555
2026-01-05,Equal Weight,Japan Government Bond,-1.0,0.05555555555555555
2026-01-05,Equal Weight,US Treasury 7-10Y,1.0,0.05555555555555555
2026-01-05,Equal Weight,Germany Government Bond,1.0,0.05555555555555555
2026-01-05,Equal Weight,UK Gilt,1.0,0.05555555555555555
2026-01-05,Equal Weight,US IG,1.0,0.05555555555555555
2026-01-05,Equal Weight,US HY,1.0,0.05555555555555555
2026-01-05,Equal Weight,Europe IG,1.0,0.05555555555555555
2026-01-05,Equal Weight,Europe HY,1.0,0.05555555555555555
2026-01-05,Equal Weight,US REIT,1.0,0.05555555555555555
2026-01-05,Equal Weight,Japan REIT,1.0,0.05555555555555555
2026-01-05,Equal Weight,Europe REIT,1.0,0.05555555555555555
2026-01-05,Equal Weight,Crude Oil,-1.0,0.05555555555555555
2026-01-05,Equal Weight,Gold,1.0,0.05555555555555555
2026-01-05,Equal Weight,Copper,1.0,0.05555555555555555
2026-01-05,Equal Weight,USDJPY,1.0,0.0
2026-01-05,Equal Weight,EURJPY,1.0,0.0
2026-01-05,Equal Weight,GBPJPY,1.0,0.0
2026-01-05,Equal Weight,AUDJPY,1.0,0.0
2026-01-05,TSMOM Inverse Volatility,Japan Equity,1.0,0.03730324724122322
2026-01-05,TSMOM Inverse Volatility,US Equity,1.0,0.038357985697043025
2026-01-05,TSMOM Inverse Volatility,Europe Equity,1.0,0.03893552677191498
2026-01-05,TSMOM Inverse Volatility,Emerging Equity,1.0,0.03714462246954181
2026-01-05,TSMOM Inverse Volatility,Japan Government Bond,-1.0,-0.11797570120746824
2026-01-05,TSMOM Inverse Volatility,US Treasury 7-10Y,1.0,0.05664764146521901
2026-01-05,TSMOM Inverse Volatility,Germany Government Bond,1.0,0.06279448293458557
2026-01-05,TSMOM Inverse Volatility,UK Gilt,1.0,0.055180742525626304
2026-01-05,TSMOM Inverse Volatility,US IG,1.0,0.05550688098648021
2026-01-05,TSMOM Inverse Volatility,US HY,1.0,0.059040202004778046
2026-01-05,TSMOM Inverse Volatility,Europe IG,1.0,0.06815105910732945
2026-01-05,TSMOM Inverse Volatility,Europe HY,1.0,0.06585274203282043
2026-01-05,TSMOM Inverse Volatility,US REIT,1.0,0.034435874132864544
2026-01-05,TSMOM Inverse Volatility,Japan REIT,1.0,0.06150179926334792
2026-01-05,TSMOM Inverse Volatility,Europe REIT,1.0,0.031844850773791636
2026-01-05,TSMOM Inverse Volatility,Crude Oil,-1.0,-0.02390793296922304
2026-01-05,TSMOM Inverse Volatility,Gold,1.0,0.03723008027166478
2026-01-05,TSMOM Inverse Volatility,Copper,1.0,0.025483412170971262
2026-01-05,TSMOM Inverse Volatility,USDJPY,1.0,0.07072612537646754
2026-01-05,TSMOM Inverse Volatility,EURJPY,1.0,0.08084101452839125
2026-01-05,TSMOM Inverse Volatility,GBPJPY,1.0,0.0753875640012352
2026-01-05,TSMOM Inverse Volatility,AUDJPY,1.0,0.06509416208849482
2026-01-05,TSMOM Shrinkage Precision,Japan Equity,1.0,0.04055064043291533
2026-01-05,TSMOM Shrinkage Precision,US Equity,1.0,0.11800331723213799
2026-01-05,TSMOM Shrinkage Precision,Europe Equity,1.0,0.0
2026-01-05,TSMOM Shrinkage Precision,Emerging Equity,1.0,0.011354764963790438
2026-01-05,TSMOM Shrinkage Precision,Japan Government Bond,-1.0,-0.15
2026-01-05,TSMOM Shrinkage Precision,US Treasury 7-10Y,1.0,0.0
2026-01-05,TSMOM Shrinkage Precision,Germany Government Bond,1.0,0.061844208981163176
2026-01-05,TSMOM Shrinkage Precision,UK Gilt,1.0,0.05075319849358667
2026-01-05,TSMOM Shrinkage Precision,US IG,1.0,0.0
2026-01-05,TSMOM Shrinkage Precision,US HY,1.0,0.0
2026-01-05,TSMOM Shrinkage Precision,Europe IG,1.0,0.0
2026-01-05,TSMOM Shrinkage Precision,Europe HY,1.0,0.0
2026-01-05,TSMOM Shrinkage Precision,US REIT,1.0,0.03191859416164294
2026-01-05,TSMOM Shrinkage Precision,Japan REIT,1.0,0.15
2026-01-05,TSMOM Shrinkage Precision,Europe REIT,1.0,0.06605960940793848
2026-01-05,TSMOM Shrinkage Precision,Crude Oil,-1.0,-0.15
2026-01-05,TSMOM Shrinkage Precision,Gold,1.0,0.07911974377518265
2026-01-05,TSMOM Shrinkage Precision,Copper,1.0,0.08677245241479854
2026-01-05,TSMOM Shrinkage Precision,USDJPY,1.0,0.1
2026-01-05,TSMOM Shrinkage Precision,EURJPY,1.0,0.057841304708691914
2026-01-05,TSMOM Shrinkage Precision,GBPJPY,1.0,0.03667419369148269
2026-01-05,TSMOM Shrinkage Precision,AUDJPY,1.0,0.04851066305057492
2026-01-05,TSMOM cDCC Precision,Japan Equity,1.0,0.09740764764594154
2026-01-05,TSMOM cDCC Precision,US Equity,1.0,0.09959125839733872
2026-01-05,TSMOM cDCC Precision,Europe Equity,1.0,0.0
2026-01-05,TSMOM cDCC Precision,Emerging Equity,1.0,0.033474631169315525
2026-01-05,TSMOM cDCC Precision,Japan Government Bond,-1.0,-0.15
2026-01-05,TSMOM cDCC Precision,US Treasury 7-10Y,1.0,0.0
2026-01-05,TSMOM cDCC Precision,Germany Government Bond,1.0,0.08525198380814068
2026-01-05,TSMOM cDCC Precision,UK Gilt,1.0,0.06592959922016906
2026-01-05,TSMOM cDCC Precision,US IG,1.0,0.0
2026-01-05,TSMOM cDCC Precision,US HY,1.0,0.0
2026-01-05,TSMOM cDCC Precision,Europe IG,1.0,0.0
2026-01-05,TSMOM cDCC Precision,Europe HY,1.0,0.0
2026-01-05,TSMOM cDCC Precision,US REIT,1.0,0.07711517116129028
2026-01-05,TSMOM cDCC Precision,Japan REIT,1.0,0.15
2026-01-05,TSMOM cDCC Precision,Europe REIT,1.0,0.12425643210547564
2026-01-05,TSMOM cDCC Precision,Crude Oil,-1.0,-0.15
2026-01-05,TSMOM cDCC Precision,Gold,1.0,0.042752752382495755
2026-01-05,TSMOM cDCC Precision,Copper,1.0,0.06457776664687119
2026-01-05,TSMOM cDCC Precision,USDJPY,1.0,0.1
2026-01-05,TSMOM cDCC Precision,EURJPY,1.0,0.0011719533723308368
2026-01-05,TSMOM cDCC Precision,GBPJPY,1.0,0.04895302178824284
2026-01-05,TSMOM cDCC Precision,AUDJPY,1.0,0.1
2026-04-01,Equal Weight,Japan Equity,1.0,0.05555555555555555
2026-04-01,Equal Weight,US Equity,1.0,0.05555555555555555
2026-04-01,Equal Weight,Europe Equity,1.0,0.05555555555555555
2026-04-01,Equal Weight,Emerging Equity,1.0,0.05555555555555555
2026-04-01,Equal Weight,Japan Government Bond,-1.0,0.05555555555555555
2026-04-01,Equal Weight,US Treasury 7-10Y,1.0,0.05555555555555555
2026-04-01,Equal Weight,Germany Government Bond,1.0,0.05555555555555555
2026-04-01,Equal Weight,UK Gilt,1.0,0.05555555555555555
2026-04-01,Equal Weight,US IG,1.0,0.05555555555555555
2026-04-01,Equal Weight,US HY,1.0,0.05555555555555555
2026-04-01,Equal Weight,Europe IG,1.0,0.05555555555555555
2026-04-01,Equal Weight,Europe HY,1.0,0.05555555555555555
2026-04-01,Equal Weight,US REIT,1.0,0.05555555555555555
2026-04-01,Equal Weight,Japan REIT,-0.3333333333333333,0.05555555555555555
2026-04-01,Equal Weight,Europe REIT,1.0,0.05555555555555555
2026-04-01,Equal Weight,Crude Oil,1.0,0.05555555555555555
2026-04-01,Equal Weight,Gold,1.0,0.05555555555555555
2026-04-01,Equal Weight,Copper,1.0,0.05555555555555555
2026-04-01,Equal Weight,USDJPY,1.0,0.0
2026-04-01,Equal Weight,EURJPY,1.0,0.0
2026-04-01,Equal Weight,GBPJPY,1.0,0.0
2026-04-01,Equal Weight,AUDJPY,1.0,0.0
2026-04-01,TSMOM Inverse Volatility,Japan Equity,1.0,0.03520731630947125
2026-04-01,TSMOM Inverse Volatility,US Equity,1.0,0.04026882888456414
2026-04-01,TSMOM Inverse Volatility,Europe Equity,1.0,0.040487888455243405
2026-04-01,TSMOM Inverse Volatility,Emerging Equity,1.0,0.03709680110097807
2026-04-01,TSMOM Inverse Volatility,Japan Government Bond,-1.0,-0.11247523847808172
2026-04-01,TSMOM Inverse Volatility,US Treasury 7-10Y,1.0,0.05823435331337104
2026-04-01,TSMOM Inverse Volatility,Germany Government Bond,1.0,0.06434834509077499
2026-04-01,TSMOM Inverse Volatility,UK Gilt,1.0,0.059501918836818365
2026-04-01,TSMOM Inverse Volatility,US IG,1.0,0.0576885512752045
2026-04-01,TSMOM Inverse Volatility,US HY,1.0,0.06248338091815569
2026-04-01,TSMOM Inverse Volatility,Europe IG,1.0,0.07109130641490591
2026-04-01,TSMOM Inverse Volatility,Europe HY,1.0,0.06979264531568409
2026-04-01,TSMOM Inverse Volatility,US REIT,1.0,0.036618470432392455
2026-04-01,TSMOM Inverse Volatility,Japan REIT,-0.3333333333333333,-0.020695772554738413
2026-04-01,TSMOM Inverse Volatility,Europe REIT,1.0,0.03307076642010251
2026-04-01,TSMOM Inverse Volatility,Crude Oil,1.0,0.02235926248023537
2026-04-01,TSMOM Inverse Volatility,Gold,1.0,0.03320656907417382
2026-04-01,TSMOM Inverse Volatility,Copper,1.0,0.02489509273871078
2026-04-01,TSMOM Inverse Volatility,USDJPY,1.0,0.07165071624142126
2026-04-01,TSMOM Inverse Volatility,EURJPY,1.0,0.08160663506122799
2026-04-01,TSMOM Inverse Volatility,GBPJPY,1.0,0.07789337449370982
2026-04-01,TSMOM Inverse Volatility,AUDJPY,1.0,0.0635400966880195
2026-04-01,TSMOM Shrinkage Precision,Japan Equity,1.0,0.12154692751296531
2026-04-01,TSMOM Shrinkage Precision,US Equity,1.0,0.07046428483935598
2026-04-01,TSMOM Shrinkage Precision,Europe Equity,1.0,0.0
2026-04-01,TSMOM Shrinkage Precision,Emerging Equity,1.0,0.016309181415401785
2026-04-01,TSMOM Shrinkage Precision,Japan Government Bond,-1.0,-0.15
2026-04-01,TSMOM Shrinkage Precision,US Treasury 7-10Y,1.0,0.09088153143944933
2026-04-01,TSMOM Shrinkage Precision,Germany Government Bond,1.0,0.12022471666999579
2026-04-01,TSMOM Shrinkage Precision,UK Gilt,1.0,0.0709270898059427
2026-04-01,TSMOM Shrinkage Precision,US IG,1.0,0.0
2026-04-01,TSMOM Shrinkage Precision,US HY,1.0,0.0
2026-04-01,TSMOM Shrinkage Precision,Europe IG,1.0,0.0
2026-04-01,TSMOM Shrinkage Precision,Europe HY,1.0,0.0
2026-04-01,TSMOM Shrinkage Precision,US REIT,1.0,0.04874949990311371
2026-04-01,TSMOM Shrinkage Precision,Japan REIT,-0.3333333333333333,-0.15
2026-04-01,TSMOM Shrinkage Precision,Europe REIT,1.0,0.09925402963161092
2026-04-01,TSMOM Shrinkage Precision,Crude Oil,1.0,0.07044563336800384
2026-04-01,TSMOM Shrinkage Precision,Gold,1.0,0.034055008329590575
2026-04-01,TSMOM Shrinkage Precision,Copper,1.0,0.026807425515369826
2026-04-01,TSMOM Shrinkage Precision,USDJPY,1.0,0.002374413978037999
2026-04-01,TSMOM Shrinkage Precision,EURJPY,1.0,0.1
2026-04-01,TSMOM Shrinkage Precision,GBPJPY,1.0,0.0
2026-04-01,TSMOM Shrinkage Precision,AUDJPY,1.0,0.06921659121230739
2026-04-01,TSMOM cDCC Precision,Japan Equity,1.0,0.12285013674225913
2026-04-01,TSMOM cDCC Precision,US Equity,1.0,0.07339426406821066
2026-04-01,TSMOM cDCC Precision,Europe Equity,1.0,0.0
2026-04-01,TSMOM cDCC Precision,Emerging Equity,1.0,0.027163544355335526
2026-04-01,TSMOM cDCC Precision,Japan Government Bond,-1.0,-0.15
2026-04-01,TSMOM cDCC Precision,US Treasury 7-10Y,1.0,0.09661620467991555
2026-04-01,TSMOM cDCC Precision,Germany Government Bond,1.0,0.09176449571742068
2026-04-01,TSMOM cDCC Precision,UK Gilt,1.0,0.11554168577763924
2026-04-01,TSMOM cDCC Precision,US IG,1.0,0.028035565486615437
2026-04-01,TSMOM cDCC Precision,US HY,1.0,0.0
2026-04-01,TSMOM cDCC Precision,Europe IG,1.0,0.0
2026-04-01,TSMOM cDCC Precision,Europe HY,1.0,0.0
2026-04-01,TSMOM cDCC Precision,US REIT,1.0,0.049524563976562797
2026-04-01,TSMOM cDCC Precision,Japan REIT,-0.3333333333333333,-0.0996972296396099
2026-04-01,TSMOM cDCC Precision,Europe REIT,1.0,0.07878453604394091
2026-04-01,TSMOM cDCC Precision,Crude Oil,1.0,0.04344332660788846
2026-04-01,TSMOM cDCC Precision,Gold,1.0,0.0028659843003369435
2026-04-01,TSMOM cDCC Precision,Copper,1.0,0.03278759314476112
2026-04-01,TSMOM cDCC Precision,USDJPY,1.0,0.002958698607914224
2026-04-01,TSMOM cDCC Precision,EURJPY,1.0,0.1
2026-04-01,TSMOM cDCC Precision,GBPJPY,1.0,0.06572113844355222
2026-04-01,TSMOM cDCC Precision,AUDJPY,1.0,0.1
2026-07-01,Equal Weight,Japan Equity,1.0,0.05555555555555555
2026-07-01,Equal Weight,US Equity,1.0,0.05555555555555555
2026-07-01,Equal Weight,Europe Equity,1.0,0.05555555555555555
2026-07-01,Equal Weight,Emerging Equity,1.0,0.05555555555555555
2026-07-01,Equal Weight,Japan Government Bond,-1.0,0.05555555555555555
2026-07-01,Equal Weight,US Treasury 7-10Y,1.0,0.05555555555555555
2026-07-01,Equal Weight,Germany Government Bond,1.0,0.05555555555555555
2026-07-01,Equal Weight,UK Gilt,1.0,0.05555555555555555
2026-07-01,Equal Weight,US IG,1.0,0.05555555555555555
2026-07-01,Equal Weight,US HY,1.0,0.05555555555555555
2026-07-01,Equal Weight,Europe IG,1.0,0.05555555555555555
2026-07-01,Equal Weight,Europe HY,1.0,0.05555555555555555
2026-07-01,Equal Weight,US REIT,1.0,0.05555555555555555
2026-07-01,Equal Weight,Japan REIT,-0.3333333333333333,0.05555555555555555
2026-07-01,Equal Weight,Europe REIT,1.0,0.05555555555555555
2026-07-01,Equal Weight,Crude Oil,0.3333333333333333,0.05555555555555555
2026-07-01,Equal Weight,Gold,-0.3333333333333333,0.05555555555555555
2026-07-01,Equal Weight,Copper,1.0,0.05555555555555555
2026-07-01,Equal Weight,USDJPY,1.0,0.0
2026-07-01,Equal Weight,EURJPY,0.3333333333333333,0.0
2026-07-01,Equal Weight,GBPJPY,1.0,0.0
2026-07-01,Equal Weight,AUDJPY,0.3333333333333333,0.0
2026-07-01,TSMOM Inverse Volatility,Japan Equity,1.0,0.04015320826865046
2026-07-01,TSMOM Inverse Volatility,US Equity,1.0,0.04805970077287594
2026-07-01,TSMOM Inverse Volatility,Europe Equity,1.0,0.04749708426069054
2026-07-01,TSMOM Inverse Volatility,Emerging Equity,1.0,0.04081897841969814
2026-07-01,TSMOM Inverse Volatility,Japan Government Bond,-1.0,-0.13063793382600844
2026-07-01,TSMOM Inverse Volatility,US Treasury 7-10Y,1.0,0.07309592092101451
2026-07-01,TSMOM Inverse Volatility,Germany Government Bond,1.0,0.08109373736077236
2026-07-01,TSMOM Inverse Volatility,UK Gilt,1.0,0.07166060161704425
2026-07-01,TSMOM Inverse Volatility,US IG,1.0,0.07132913881396043
2026-07-01,TSMOM Inverse Volatility,US HY,1.0,0.07742399290116708
2026-07-01,TSMOM Inverse Volatility,Europe IG,1.0,0.08748959845795078
2026-07-01,TSMOM Inverse Volatility,Europe HY,1.0,0.08360036288885164
2026-07-01,TSMOM Inverse Volatility,US REIT,1.0,0.04454976630746119
2026-07-01,TSMOM Inverse Volatility,Japan REIT,-0.3333333333333333,-0.024272603513001225
2026-07-01,TSMOM Inverse Volatility,Europe REIT,1.0,0.04007062295055507
2026-07-01,TSMOM Inverse Volatility,Crude Oil,0.3333333333333333,0.008081177373675892
2026-07-01,TSMOM Inverse Volatility,Gold,-0.3333333333333333,-0.012803572439163032
2026-07-01,TSMOM Inverse Volatility,Copper,1.0,0.02879736079704362
2026-07-01,TSMOM Inverse Volatility,USDJPY,1.0,0.08889944911381681
2026-07-01,TSMOM Inverse Volatility,EURJPY,0.3333333333333333,0.034062308066796124
2026-07-01,TSMOM Inverse Volatility,GBPJPY,1.0,0.09629423136493917
2026-07-01,TSMOM Inverse Volatility,AUDJPY,0.3333333333333333,0.025813531153741236
2026-07-01,TSMOM Shrinkage Precision,Japan Equity,1.0,0.1376963945491878
2026-07-01,TSMOM Shrinkage Precision,US Equity,1.0,0.025004598636925883
2026-07-01,TSMOM Shrinkage Precision,Europe Equity,1.0,0.0
2026-07-01,TSMOM Shrinkage Precision,Emerging Equity,1.0,0.07449886807438703
2026-07-01,TSMOM Shrinkage Precision,Japan Government Bond,-1.0,-0.15
2026-07-01,TSMOM Shrinkage Precision,US Treasury 7-10Y,1.0,0.1304924130458427
2026-07-01,TSMOM Shrinkage Precision,Germany Government Bond,1.0,0.15
2026-07-01,TSMOM Shrinkage Precision,UK Gilt,1.0,0.07369834902273989
2026-07-01,TSMOM Shrinkage Precision,US IG,1.0,0.0
2026-07-01,TSMOM Shrinkage Precision,US HY,1.0,0.0
2026-07-01,TSMOM Shrinkage Precision,Europe IG,1.0,0.0006851032930519017
2026-07-01,TSMOM Shrinkage Precision,Europe HY,1.0,0.0
2026-07-01,TSMOM Shrinkage Precision,US REIT,1.0,0.04296050701246402
2026-07-01,TSMOM Shrinkage Precision,Japan REIT,-0.3333333333333333,-0.15
2026-07-01,TSMOM Shrinkage Precision,Europe REIT,1.0,0.0841780368329121
2026-07-01,TSMOM Shrinkage Precision,Crude Oil,0.3333333333333333,0.01984045166323389
2026-07-01,TSMOM Shrinkage Precision,Gold,-0.3333333333333333,-0.15
2026-07-01,TSMOM Shrinkage Precision,Copper,1.0,0.08071367707821706
2026-07-01,TSMOM Shrinkage Precision,USDJPY,1.0,0.1
2026-07-01,TSMOM Shrinkage Precision,EURJPY,0.3333333333333333,0.0
2026-07-01,TSMOM Shrinkage Precision,GBPJPY,1.0,0.1
2026-07-01,TSMOM Shrinkage Precision,AUDJPY,0.3333333333333333,0.0
2026-07-01,TSMOM cDCC Precision,Japan Equity,1.0,0.13253054062601588
2026-07-01,TSMOM cDCC Precision,US Equity,1.0,0.046140401714135734
2026-07-01,TSMOM cDCC Precision,Europe Equity,1.0,0.0
2026-07-01,TSMOM cDCC Precision,Emerging Equity,1.0,0.038428052028711544
2026-07-01,TSMOM cDCC Precision,Japan Government Bond,-1.0,-0.15
2026-07-01,TSMOM cDCC Precision,US Treasury 7-10Y,1.0,0.11554848285835757
2026-07-01,TSMOM cDCC Precision,Germany Government Bond,1.0,0.15
2026-07-01,TSMOM cDCC Precision,UK Gilt,1.0,0.07928664513921313
2026-07-01,TSMOM cDCC Precision,US IG,1.0,0.0
2026-07-01,TSMOM cDCC Precision,US HY,1.0,0.0
2026-07-01,TSMOM cDCC Precision,Europe IG,1.0,0.0
2026-07-01,TSMOM cDCC Precision,Europe HY,1.0,0.0
2026-07-01,TSMOM cDCC Precision,US REIT,1.0,0.07170376040320715
2026-07-01,TSMOM cDCC Precision,Japan REIT,-0.3333333333333333,-0.15
2026-07-01,TSMOM cDCC Precision,Europe REIT,1.0,0.09310662311086189
2026-07-01,TSMOM cDCC Precision,Crude Oil,0.3333333333333333,0.016832255840469216
2026-07-01,TSMOM cDCC Precision,Gold,-0.3333333333333333,-0.15
2026-07-01,TSMOM cDCC Precision,Copper,1.0,0.08556442939685813
2026-07-01,TSMOM cDCC Precision,USDJPY,1.0,0.1
2026-07-01,TSMOM cDCC Precision,EURJPY,0.3333333333333333,0.0
2026-07-01,TSMOM cDCC Precision,GBPJPY,1.0,0.1
2026-07-01,TSMOM cDCC Precision,AUDJPY,0.3333333333333333,0.0
