Date,Equal Weight,Shrinkage Risk Parity,cDCC Risk Parity,Shrinkage Minimum Variance,cDCC Minimum Variance
2022-07-12,0.996822200904819,0.9997700691319612,0.9997018996706706,1.0046935629328482,1.0028607468203887
2022-07-13,0.9936654700239466,0.9973672987387253,0.9971649163034888,1.0015758361599905,1.0002027273226932
2022-07-14,0.9916591827271967,0.9965548102650447,0.9961636401871358,1.0028175912234791,0.999465995471527
2022-07-15,1.0071079627660633,1.0083361821786745,1.0078037448604094,1.0133472171827396,1.0085274611247386
2022-07-19,1.0173706284566992,1.014795362713381,1.014831971655283,1.0168796722742446,1.013198205528631
2022-07-20,1.0193748922077057,1.0162473143586928,1.0161948140398875,1.0182015898229826,1.013373687982021
2022-07-21,1.0253821405398824,1.0225154739537146,1.0225127888317587,1.0257340870390208,1.0204748044949123
2022-07-22,1.0230916462425406,1.0224074485178414,1.022267326237104,1.0263692854829485,1.0225596578415566
2022-07-25,1.0186356606503524,1.0184452825503005,1.0185473944776358,1.0225279981635809,1.018293393918734
2022-07-26,1.0155742615097607,1.0166890408001115,1.0166789054239607,1.0212551162020775,1.017114319363137
2022-07-27,1.0288538094825224,1.0264442867138333,1.0266590505377664,1.0291000666245878,1.0257350407500863
2022-07-28,1.0349569433157113,1.0315869203704227,1.032004090954441,1.03322676237258,1.0307429165580495
2022-07-29,1.0310114036707276,1.0274334523013884,1.0282430229862354,1.0276354920978075,1.0270150904413775
2022-08-01,1.022278140078403,1.0223153484214815,1.023287168718492,1.025611990649596,1.025358508704914
2022-08-02,1.004874813755295,1.0082015327960696,1.009168326237013,1.0116098612185476,1.0116165638656331
2022-08-03,1.0162022710567693,1.016730140580321,1.0176875690947516,1.0200465808111794,1.0193368837852776
2022-08-04,1.0213846174577315,1.0223068663811263,1.023189311761417,1.0269729631101825,1.025056522893846
2022-08-05,1.009712315261607,1.0116780795536622,1.0132189285806201,1.0151934481420988,1.014593556505255
2022-08-08,1.0292960930297328,1.0271931424775456,1.0283225145088493,1.0285318718493024,1.0269934971304855
2022-08-09,1.0252780364240743,1.0236656563429931,1.0247817685601608,1.0237283003839213,1.0226436261608536
2022-08-10,1.0373188910769313,1.0322700940605787,1.033629525880631,1.030920699327888,1.030043011152138
2022-08-12,1.043201006993868,1.036310959633425,1.037984682087498,1.0335693569793483,1.0334450970252227
2022-08-15,1.0419330386161312,1.0369291478849196,1.0387314525807876,1.0361576713327851,1.0351009649851188
2022-08-16,1.0352487050908983,1.0314582512421524,1.033591376745293,1.0318219684828405,1.0309032517126409
2022-08-17,1.0367689760373786,1.0325609089230712,1.0346261189177206,1.0323912649146714,1.0308188221490775
2022-08-18,1.0415220368170655,1.0358130276446782,1.0375744432034741,1.0356131798641441,1.033164060189663
2022-08-19,1.0363823933194833,1.0312859202613591,1.0331451186099307,1.0327142753895167,1.0292683332590273
2022-08-22,1.0317372133944078,1.0272660573811117,1.0287819492797519,1.0298730564912828,1.0257707708698238
2022-08-23,1.0341276882802166,1.0281537753164098,1.0294309476165036,1.030336967644587,1.02653526166517
2022-08-24,1.0306787644775646,1.0246835701411487,1.0261264167143904,1.0263992391051941,1.0233509812920194
2022-08-25,1.0378161347786392,1.0300790714596983,1.0318536530610076,1.031686562058775,1.028701800137075
2022-08-26,1.0246802560308643,1.0217658216693202,1.0232157779021052,1.0263278754943903,1.0233087464158008
2022-08-30,1.0247528527968706,1.0235495775631822,1.0249301883301214,1.0304416295362395,1.0269298679893357
2022-08-31,1.0184554391262897,1.0189144948656654,1.0203167918492884,1.0274240594257067,1.021611507807061
2022-09-01,1.0107963042070485,1.012789441591009,1.0144409126566352,1.024619186198075,1.0177701435942172
2022-09-02,1.015100030585466,1.0166196278258102,1.017670037783293,1.0294597344250154,1.0214192105017152
2022-09-06,1.01688042380096,1.017056561372353,1.018444749893022,1.0288252726065075,1.0212793432536047
2022-09-07,1.0363487198995123,1.0332506040489695,1.0346200351596486,1.0463791728350154,1.0367492368560636
2022-09-08,1.0429276257057936,1.0373790891347827,1.038806334639218,1.0491831963991016,1.03863942335843
2022-09-09,1.0504975299278132,1.0417181965961717,1.0434351138666302,1.0503605566390684,1.0413306792033505
2022-09-12,1.0535755355215959,1.0426713463916588,1.0447025867499813,1.0479817963235405,1.0404993748451399
2022-09-13,1.0381428466150018,1.0336551253448176,1.0351280383566182,1.0421730680343688,1.036043036761746
2022-09-14,1.0421447924148235,1.0369932110713724,1.038130448398422,1.046538193462949,1.038841635653065
2022-09-15,1.02525045458022,1.024452811547589,1.0255266357202188,1.0368422953269176,1.0282074331263817
2022-09-16,1.0267899380748502,1.0251918040662071,1.0260938492871563,1.038848871786181,1.0279004344898819
2022-09-20,1.015715354147389,1.0166871242245128,1.0175938715157153,1.0327838197609651,1.0218037225185446
2022-09-21,1.0110524680547806,1.013695463756857,1.0141388813381673,1.0321982679751363,1.0211172541036666
2022-09-22,1.005001313895204,1.0086752220244115,1.0095377953246574,1.0285921580196231,1.0177411534276588
2022-09-26,0.985739340179213,0.9903907088305972,0.9912460941892495,1.0133377655163132,0.9994245476639858
2022-09-27,0.983711744051782,0.9872492531791814,0.9880195246457782,1.0116226615345398,0.9951431839255802
2022-09-28,1.001667439989884,1.0009760974836441,1.000696790306108,1.0203684528501498,1.0002787733637197
2022-09-29,0.9951756012777893,0.9976717320879618,0.9973547301782433,1.0184965404318351,1.0007393528724633
2022-09-30,1.0028241802600673,1.0055303644871734,1.0051431203072891,1.0245273784414093,1.0103128566054178
2022-10-03,1.0167311998631243,1.0161502301282492,1.0169557303332193,1.0334800373370763,1.0209250508048588
2022-10-04,1.036953224678422,1.0316755108268283,1.0334505749251297,1.045287649719436,1.0336863427157417
2022-10-05,1.0295921258211296,1.0253455671872393,1.0277402656840968,1.0390695921800752,1.0279337024283484
2022-10-06,1.0253022715415163,1.0218269418609374,1.0246633573920003,1.0368475680384985,1.0269846457979939
2022-10-07,1.0132823334870813,1.0115067976733632,1.0156104826690342,1.028632992613874,1.0197842490684095
2022-10-11,1.0091239438620643,1.0086492151288466,1.0113684006830062,1.0276058934484853,1.015353502240838
2022-10-12,1.0048319947010462,1.005261460691556,1.0091749128266516,1.026552287998089,1.0163745249534801
2022-10-13,1.0172323279514313,1.012864821741266,1.015290172771927,1.0281953635257846,1.0142144806924847
2022-10-14,1.0192947646272947,1.0163178689528576,1.0162207762117406,1.032983957896368,1.0156371636349977
2022-10-17,1.0364234043154315,1.0271882133502146,1.025864516576096,1.0373564817156877,1.0186849348546831
2022-10-18,1.0444873879706198,1.0337652019565007,1.0307084816845515,1.0426223822161313,1.0218954096428743
2022-10-19,1.0383093433659312,1.029219551947666,1.0253108695567332,1.037527664011298,1.0159750760231852
2022-10-20,1.0384360644738875,1.0280412421375666,1.025386158257432,1.0349222417202566,1.0156606175330976
2022-10-21,1.045473624596345,1.0313853490662237,1.0301474487071036,1.0371685441820238,1.0192702532400537
2022-10-24,1.0359233992064547,1.0245034622196736,1.0206496865256023,1.029365968902174,1.0083865408802717
2022-10-25,1.0532979248247492,1.0373133394429523,1.0329362383644203,1.0400762572312348,1.0174460140883042
2022-10-26,1.06119873432613,1.0456524969982115,1.042158697129736,1.0491762768748067,1.027673999883694
2022-10-27,1.058080257037221,1.0450835086070305,1.0395291359802035,1.0509257432548673,1.0253663607333914
2022-10-28,1.0552584215712548,1.0428193262261574,1.038176671242958,1.0492291701329908,1.0224114373227022
2022-10-31,1.0606055997743444,1.0480613397054563,1.0428065836874743,1.053378323270129,1.0279020864160442
2022-11-01,1.0723715596321137,1.0561772125993047,1.0524934804719233,1.0600685611306746,1.0372356918721177
2022-11-02,1.060037491635252,1.046639965546901,1.0421069312288844,1.0512649546783166,1.028108749281109
2022-11-04,1.075881489304767,1.0536394886922384,1.053097183904293,1.050431152258561,1.034693090513093
2022-11-07,1.0681104873887608,1.0474063071441657,1.0458184384040845,1.0431803432932039,1.026991404383813
2022-11-08,1.0767842102644796,1.0554445436734372,1.0526930567833315,1.0494169063815477,1.035781501755501
2022-11-09,1.064559034257063,1.0476514612870058,1.0429422704484468,1.043821343472604,1.029244954596712
2022-11-10,1.0934450278194017,1.0681079294658529,1.0651408394729702,1.0589301080199052,1.0456531725707372
2022-11-11,1.0851149730968876,1.062208085871661,1.0604045521801584,1.0507069973702052,1.0416398196752235
2022-11-14,1.0645532035395755,1.0469216269170094,1.0437059341462662,1.0381168264948435,1.029352762138651
2022-11-15,1.072195520794157,1.0528206667194968,1.050061580041378,1.0425518222552719,1.0340760187956415
2022-11-16,1.064687948954432,1.0493136809291992,1.044623816466338,1.0418462486612328,1.0308775090801081
2022-11-17,1.062139123806833,1.0484894663961617,1.043388695879927,1.0424767538802835,1.0309025588485152
2022-11-18,1.066471588173723,1.0508721174491857,1.045478480099087,1.0440689399958225,1.0306483796042845
2022-11-21,1.064542472112863,1.050587370905282,1.0445003899367606,1.0452607011622639,1.0303301812512211
2022-11-22,1.0794303579018178,1.0608346954188523,1.0548841889510396,1.0528013010377502,1.0366377529193096
2022-11-25,1.0660710821741552,1.0503256173300684,1.043960390461055,1.0429003795437304,1.026961495637364
2022-11-28,1.0617497180956248,1.0478746337870122,1.041333769527848,1.0432309118174072,1.0269396737144905
2022-11-29,1.0606099142558052,1.0455710862125631,1.040947779486894,1.0405815799527731,1.0268884405772583
2022-11-30,1.0713641221105523,1.0519083131389348,1.049088784481988,1.0441382681620026,1.031556454594919
2022-12-01,1.0697752214487262,1.0513795890176483,1.0474045200746642,1.0431118113386522,1.030256485193101
2022-12-02,1.0594919185278808,1.0432192658850798,1.0384322960224377,1.0351331016202723,1.0205015425402746
2022-12-05,1.0476989206041623,1.0351215827567368,1.0291514554817043,1.0291081311480585,1.0131287983994899
2022-12-06,1.0563409012383558,1.0432289071578493,1.0367210536059768,1.0385955795474244,1.022257069649233
2022-12-07,1.0573000520645648,1.0457387837802714,1.0398813852839548,1.044371057134402,1.028546446055649
2022-12-08,1.0562898976479422,1.044168133091801,1.0379128821118808,1.0404199370633906,1.0248376819095721
2022-12-09,1.0557164874029685,1.0434631380795532,1.037540530306718,1.0387434367459745,1.0247150103487477
2022-12-12,1.056866920495578,1.0435665049677725,1.037871618458896,1.0388998935225642,1.0225672882705656
2022-12-13,1.0726497461660196,1.0551216525772917,1.0492377787048366,1.0475374940506044,1.0310787049974854
2022-12-14,1.0638878759393127,1.0483868524465771,1.042995445037816,1.0414846657122225,1.0266315012951295
2022-12-15,1.0535408332528122,1.0423393930224858,1.0353503050460209,1.039735522089324,1.0219537700872396
2022-12-16,1.054836678905385,1.044430489884964,1.0394914108131443,1.0457114731620978,1.0311191560099662
2022-12-19,1.0427033459038315,1.0331650953519027,1.0290490821355762,1.0340152632963964,1.0204915237217136
2022-12-20,1.0386814711935186,1.0243896654690587,1.019686894679491,1.0196962724572467,1.0076326082903906
2022-12-21,1.0177129225446298,1.0081421040717762,1.005507995549609,1.0044330995614072,0.9964741617844126
2022-12-22,1.012895607260135,1.0052644367517327,1.0027541120456747,1.0042954031657938,0.9946977708524155
2022-12-23,1.0143267314652398,1.0047702302742236,1.0027692613436303,1.0013371775893116,0.9919560216555917
2022-12-28,1.013935403396945,1.004928579913897,1.0024661068533054,1.0017319133814793,0.9926225756531234
2022-12-29,1.02448237723554,1.0123699199330098,1.0096067264606887,1.0076710006824119,0.9967663443244554
2022-12-30,1.0164638226457254,1.005617586557375,1.0030667981317885,1.0017571959228713,0.9916487451601537
2023-01-04,1.0222723994131206,1.0090458056876417,1.0044909032205116,1.0031266238706864,0.9884857557223262
2023-01-05,1.0275834246036322,1.013751688338806,1.0088823134601497,1.0080783129235913,0.9912099274773724
2023-01-06,1.0427100644716165,1.0241682423664724,1.0179530737620395,1.0149324126619281,0.9952277683841332
2023-01-10,1.044473095994244,1.0243541325500218,1.0187033931035676,1.0133214307521015,0.9961178427210702
2023-01-11,1.0591860386931338,1.0346609412157588,1.0293558986871962,1.0202491577297244,1.002319827803283
2023-01-12,1.0643486140301868,1.0375313668914314,1.031844580837217,1.0211804643528377,1.0037436717395405
2023-01-13,1.0487114796677985,1.0245049407590237,1.0203957907260244,1.0081165776749228,0.9965310271470524
2023-01-17,1.0447723697825995,1.021674905405973,1.0179428737171548,1.0044315193221893,0.9937040930641293
2023-01-18,1.0448389145095849,1.024893359142953,1.0208188311984925,1.0123858163751545,0.9994717914522785
2023-01-19,1.045685388339742,1.0246685623164677,1.020192319624683,1.0091637042366206,0.9986993796101812
2023-01-20,1.0491392420592343,1.0267505573534437,1.0230769179820594,1.0088227047682594,1.0002267788291253
2023-01-23,1.0599819043427716,1.0353648304052347,1.0319612097325146,1.0154767054236244,1.0082058336929751
2023-01-24,1.0710226219160377,1.0457435495461462,1.0419598825505394,1.0270208566350087,1.0189969036136124
2023-01-25,1.0676745108743342,1.0425390975806097,1.0389830819008297,1.023781391351231,1.017007909250308
2023-01-26,1.0634072419286145,1.0383340659422553,1.035097868366223,1.0184263300107073,1.0114270279481057
2023-01-27,1.0658298517947582,1.0402224892728507,1.0369982959339812,1.0211709013367047,1.0140388986017734
2023-01-30,1.0588819397598037,1.0359543621573415,1.0328068923471678,1.0194819069987835,1.0129065396558883
2023-01-31,1.0662609198382678,1.039245743314351,1.0350558326501957,1.0200523528213328,1.011305947201334
2023-02-01,1.0666269036660432,1.0401520734843075,1.0352895600988226,1.0219833193440713,1.0126795632618342
2023-02-02,1.0652459214924537,1.0399127694495787,1.0348783268868762,1.0204443273760047,1.0073954143059198
2023-02-03,1.0515769126526386,1.0306590951001413,1.0259242439427545,1.0142956098009681,1.0000649466344789
2023-02-06,1.0640506687741085,1.0394536495164646,1.0346256457201624,1.0226697904850737,1.0091688893345128
2023-02-07,1.0699419469423443,1.0424270995188685,1.03805010000757,1.0240081652471278,1.0114177164633038
2023-02-08,1.0589544162493818,1.0341958410557963,1.0307886295041706,1.0170755762844719,1.0068356603404918
2023-02-09,1.0586136663396228,1.0337149906339471,1.029863834773428,1.0147124994948649,1.0033726240472818
2023-02-10,1.0577571613246883,1.032775359042541,1.0298039538427444,1.0140871566047138,1.0059473357721345
2023-02-13,1.0593885682065567,1.0330914226680545,1.0297928185816507,1.0131624792573435,1.0027544268610218
2023-02-14,1.0669997173473806,1.0400092939958905,1.0369251070796517,1.0191308738578564,1.0099734235231062
2023-02-15,1.068928393559769,1.0413605080990718,1.0375721212049975,1.0198461286153975,1.0087036753704055
2023-02-16,1.0697618178377453,1.0419701053945674,1.0385824544979845,1.0210687979124993,1.0108772553278613
2023-02-17,1.0674703041327853,1.0397541103707033,1.0357141040862594,1.0204612257121366,1.0083691665189702
2023-02-21,1.059421425161509,1.033650136286704,1.0303239889433302,1.0150420452223727,1.0052178679436103
2023-02-22,1.0614650834374282,1.0364046136886917,1.0316766870088,1.0194715009257744,1.0050530944937817
2023-02-24,1.0512602355259182,1.030442597837742,1.026769096638251,1.017445050528977,1.0055990599239815
2023-02-27,1.0643961950794711,1.0402780812064503,1.035976823966271,1.0256797294567697,1.0114323104254623
2023-02-28,1.06607580281289,1.0421823062340043,1.0381318506520236,1.0267172507472546,1.0132872934765567
2023-03-01,1.0660560339137026,1.0415958206601228,1.0377306478011548,1.0238705597498485,1.0136945480795758
2023-03-02,1.0650398498214335,1.0403701343041885,1.0367707522212704,1.0221629463433883,1.0132227643400622
2023-03-03,1.0755489188980638,1.0473224903833456,1.0439034577357933,1.0271341084041081,1.019223756596264
2023-03-06,1.0738811503056027,1.046471400204463,1.0439385662119622,1.0264002428557395,1.0201855445400072
2023-03-07,1.063384579656432,1.0401076283385096,1.036711095714575,1.0246341001647856,1.0152662368582317
2023-03-08,1.0687326542363977,1.04356860477261,1.0397460005614432,1.0267065261899382,1.0163773303132517
2023-03-09,1.0614762751966875,1.0395226186354858,1.0357185917754743,1.0270982971945983,1.0183593443859875
2023-03-10,1.056611541201056,1.0382795503058238,1.0335110846907638,1.0297098707734185,1.0197103075525302
2023-03-13,1.0541769045949534,1.0395021948529057,1.033902576242922,1.0322319222715128,1.0226080173087324
2023-03-14,1.042286659386904,1.031644869260047,1.0259321566636985,1.0234138308189298,1.0122892088389739
2023-03-15,1.0437766246880331,1.0348240864151745,1.0267491040510615,1.0315996470926465,1.016371165404253
2023-03-16,1.0322085526213551,1.0242702004294053,1.0167734696129331,1.0186454298833725,1.0065243045371624
2023-03-17,1.033909459623369,1.0273425305431394,1.0189037567173185,1.0235299914665814,1.01412685077823
2023-03-20,1.0319995025672575,1.0246510279123404,1.0163948538279308,1.0175913194769004,1.0082972893010556
2023-03-22,1.0355294175051297,1.028874706572501,1.0206854523275395,1.026072475951871,1.0184068930407792
2023-03-23,1.0317295984653132,1.0259548640689933,1.0176324141819868,1.0232127936357571,1.0172277973456476
2023-03-24,1.028506816418782,1.0236907085541909,1.0151415785926725,1.0216185675312681,1.0135537200915354
2023-03-27,1.0274331118659301,1.0206360386113387,1.0137583528588794,1.016065816441697,1.0111897229674698
2023-03-28,1.0316742656933138,1.0254294845247809,1.0186312773634416,1.0209079643995536,1.0180586719925897
2023-03-29,1.037608371512189,1.0306831132015426,1.0240524878448392,1.0243367581113831,1.0210746930575167
2023-03-30,1.0543547850296129,1.042010820649121,1.0354682571868132,1.0324461675095908,1.0299645186643236
2023-03-31,1.0652848358686615,1.0505121428365798,1.0433804885896685,1.03991075603863,1.0346799564739144
2023-04-03,1.0712257855148175,1.0550643890601779,1.048914514701517,1.046675432323119,1.041551311532929
2023-04-04,1.066951000902565,1.0521201239727849,1.0458656094802097,1.044994277333391,1.040565064515179
2023-04-05,1.058913173200381,1.0457150469129817,1.039080332158556,1.0396360268838503,1.033193190327965
2023-04-06,1.0573526370825221,1.0432722270904051,1.0365873095809832,1.0361594115155954,1.0288374253513592
2023-04-11,1.0705559836642977,1.0530246711919897,1.0461370199661293,1.0431370553790285,1.0364065821632014
2023-04-12,1.0750447867319077,1.0560229194588522,1.048788180785329,1.0447979869027777,1.0379795019542701
2023-04-13,1.0767724476750782,1.0569777863762575,1.050062227528456,1.044163166831664,1.0398126261816498
2023-04-14,1.0721724812308728,1.0540177863721747,1.047311818950717,1.042482676332056,1.0375562124092579
2023-04-17,1.0774742504251924,1.0565391403380722,1.0497988905796236,1.0433519870326722,1.0384014637960939
2023-04-18,1.0813887843948808,1.060140227942963,1.053554671910362,1.0475138260864845,1.0422217110778322
2023-04-19,1.0753728949377066,1.0563749310946386,1.0499695432215062,1.0455215255692585,1.040099059466871
2023-04-20,1.0777123328378486,1.0594312832797168,1.052754365395359,1.0503537046630493,1.0441245394762004
2023-04-21,1.073035674264077,1.0556586473856109,1.049021101753779,1.046966157971846,1.0401752212439064
2023-04-24,1.0743577465436127,1.0563087141433747,1.049552059469858,1.048037974940633,1.0402585492158762
2023-04-25,1.0718070607108412,1.0575067503781281,1.050186701249415,1.0542969432170366,1.0438474359531897
2023-04-26,1.0630656523341875,1.0507784779094234,1.0438559361793343,1.0492784879233186,1.037687283393366
2023-04-27,1.0669005911781355,1.0524895517721522,1.0458151523265649,1.0469097402075902,1.0386891245638579
2023-04-28,1.077726534375174,1.0625561048335515,1.055923597907684,1.0573472889853262,1.0487434638812747
2023-05-02,1.0850994880410993,1.0708806932924446,1.0629185547733415,1.0682498251312302,1.0582967722470835
2023-05-09,1.0831443424181222,1.0691674877276987,1.061054085235317,1.0661449609135203,1.0583851826531636
2023-05-10,1.086683884996039,1.0730649159224495,1.064437424148599,1.071152935998269,1.0606937228639317
2023-05-11,1.0757336486790037,1.0657373098812317,1.0568638712089717,1.0665529843073194,1.0548431465386576
2023-05-12,1.0714261533379297,1.062415103538203,1.053903400086465,1.0637977410804502,1.0527276136300439
2023-05-15,1.0825302027896426,1.0700677016509086,1.06198764586584,1.0701044361207088,1.0597775960415343
2023-05-16,1.0794404756110687,1.069264738087161,1.0610986576808747,1.0711432696113492,1.061181925165815
2023-05-17,1.0853036863444838,1.073037403341207,1.0651214679302188,1.0722657936051896,1.0633677522725105
2023-05-18,1.088780742744312,1.0748963116012356,1.066631832491358,1.073021350876442,1.0641050853705403
2023-05-19,1.0955893147454636,1.0801545267957913,1.0718361518492496,1.0769574880340198,1.0680615203790487
2023-05-22,1.0913594286825123,1.0773866644754717,1.0692735214893336,1.0751867138188753,1.0660676150939832
2023-05-23,1.0937232118640885,1.0787915711765166,1.069829871689587,1.0764073387018416,1.0643003007872986
2023-05-24,1.0856974233220191,1.0725054904780733,1.0633687506380478,1.0723583467987134,1.0581318022749515
2023-05-25,1.084941990758466,1.071189484928463,1.0620568779180257,1.0705439918175281,1.0559841921405237
2023-05-26,1.094152802099076,1.0775473755232754,1.068796963147386,1.0748106900601937,1.0610723034104808
2023-05-30,1.0969498591348663,1.0816235389307816,1.0723720753058452,1.0817016607882597,1.0663990340911396
2023-05-31,1.090997132354203,1.0782592222638567,1.0689028858372767,1.0797374370383543,1.06482101189353
2023-06-01,1.093637334678371,1.0790785367056255,1.0698464561659753,1.077904157554122,1.0653433414523739
2023-06-02,1.1018611482307978,1.0841960151730001,1.0752620658525676,1.079122586107215,1.0695267451737251
2023-06-05,1.1097251539718263,1.0901293100024643,1.0811072620151378,1.0849845056677956,1.0747962774841888
2023-06-06,1.1068519152846832,1.0874755852515874,1.0787060592955917,1.0818017824113548,1.0731494969041007
2023-06-07,1.1052613126216104,1.085316669431185,1.076579457044098,1.0776020386769234,1.0695877295868779
2023-06-08,1.10962131391346,1.0886459959707486,1.079604152937987,1.0805520155707236,1.0717825342025251
2023-06-09,1.1064789246922435,1.087579928564352,1.0790563222299447,1.080689415225646,1.0748503792450823
2023-06-12,1.1085216489081613,1.0897326047033558,1.0807761038529766,1.0832716806085907,1.0761794799616515
2023-06-13,1.1098692276527786,1.0894310625879435,1.0809684128851176,1.0804979737036364,1.0745082129090435
2023-06-14,1.1198398258633357,1.0972746794986747,1.0885274672481902,1.0860306552972085,1.0824064964117117
2023-06-15,1.1244097466769596,1.1006103141529842,1.0923510204791331,1.0895657963362015,1.0865524337938344
2023-06-16,1.1293957404786104,1.1055931994672792,1.0971506572334881,1.093109229379092,1.0921604813014087
2023-06-20,1.1330728375980597,1.1096045303348419,1.1006142502789045,1.0987955287833022,1.094600385583733
2023-06-21,1.127900001895646,1.10600327855745,1.0971847640010646,1.0972984463872872,1.0907861520485786
2023-06-22,1.12442275063317,1.1036262080451609,1.0949815181314226,1.0950700677707086,1.0909978335171462
2023-06-23,1.127211911905391,1.1064272650422244,1.0968815067672795,1.0993444305382467,1.0917167621293986
2023-06-26,1.1326021908305228,1.1107052148930092,1.1009097296270336,1.1033369546620182,1.0942435660041563
2023-06-27,1.1327045991030789,1.110231797841976,1.1009468141803556,1.10254503873242,1.0944128317800967
2023-06-28,1.1407410438100352,1.1170278547179364,1.1071077473032576,1.109894775505114,1.1000754817345082
2023-06-29,1.1389344294027368,1.1143960764898688,1.104766197002753,1.105421983342528,1.0973112590439542
2023-06-30,1.1471120357773061,1.119645646104286,1.1100924734039592,1.1078120357866001,1.100598158713157
2023-07-03,1.149428229119838,1.1213072544945728,1.1117138894275993,1.1084700652382298,1.101695341319325
2023-07-05,1.147417183801014,1.1197661231889873,1.1101865921794076,1.1074588293704846,1.1008047761064488
2023-07-06,1.1364440664336048,1.111841835062116,1.1023043080459718,1.1019070787545413,1.09559132276717
2023-07-07,1.1346703705980985,1.1082049360270518,1.0988824463712001,1.0960139123791197,1.090680270074959
2023-07-10,1.1280987228545403,1.1025761279724264,1.093103781770012,1.0921243290869804,1.0862432163653943
2023-07-11,1.1287466880692436,1.1025190836866339,1.0933642456105093,1.0906531548026925,1.085906531022719
2023-07-12,1.134499241078705,1.105841411666992,1.0966551064279109,1.0911478348909098,1.0862541351343278
2023-07-13,1.132356480054485,1.103967285804249,1.0948072979111783,1.0895151945882355,1.0833574430045905
2023-07-14,1.1294010190286097,1.1024668871520578,1.0931863766695524,1.0889704676360088,1.0834390883700027
2023-07-18,1.1339094476794431,1.1056114558964143,1.0962046518127713,1.0905678362803526,1.0851593895904945
2023-07-19,1.1408406010565955,1.1112331704930534,1.1016620402281398,1.095287395749497,1.089556881154642
2023-07-20,1.1388210051866,1.1096662602530927,1.1002798726978715,1.093621560176401,1.0884195264308512
2023-07-21,1.1403003488124632,1.1102535044990642,1.1009800355715758,1.0937756703276775,1.08826819118384
2023-07-24,1.15707293994865,1.1234306854642384,1.1142107531315038,1.1044916868051842,1.0988561461897335
2023-07-25,1.155529277163478,1.1211111663502293,1.1120439923913992,1.1009008018900739,1.0956200950727846
2023-07-26,1.1544845892610416,1.12120620075997,1.112185958340873,1.1018405004233747,1.0971951036042606
2023-07-27,1.1460652684972028,1.1152812514314114,1.1061950850543325,1.0975184912895029,1.0937424713479527
2023-07-28,1.1383697434731117,1.1075793011282413,1.0988632207206006,1.0899845556293002,1.086003786076041
2023-07-31,1.1556733638008276,1.1177235251078557,1.1087771126216381,1.0959648870304841,1.0914277116712838
2023-08-01,1.1587006371769943,1.1200928878536642,1.1110890109164195,1.098600920130798,1.0938177279671975
2023-08-02,1.1524694943605964,1.1159929260722212,1.1067310185683357,1.0974930100559914,1.0923075813994672
2023-08-03,1.1515727406733918,1.1132299276923419,1.104162691515028,1.0933838687319934,1.088701149822588
2023-08-04,1.1492063162881307,1.1115182921145752,1.102139368207389,1.0931483635302834,1.0872508668938654
2023-08-07,1.1462355551930898,1.1098707256645233,1.100872958916091,1.092933778634312,1.0879375154426094
2023-08-08,1.1499119584016502,1.1144009260348808,1.1050286438115275,1.0991586472041772,1.092935953117312
2023-08-09,1.1553727649087417,1.117933889889379,1.1084772767648639,1.1002685941707824,1.0936293485085413
2023-08-10,1.1588463783036578,1.1210333961976178,1.1117315269678167,1.1035191660121557,1.0988137381601795
2023-08-14,1.1560324139495162,1.1175696600419598,1.1083706098565174,1.0997574442004885,1.096053022218806
2023-08-15,1.1522547571472064,1.1159748731681192,1.106561340609329,1.0996494471960405,1.0958393496837875
2023-08-16,1.1474198948877925,1.1121084640355392,1.1025887251268307,1.0973033825357834,1.0934891917321636
2023-08-17,1.1492855491519232,1.1130562407059033,1.1034021686711766,1.0978262718606109,1.093253524562954
2023-08-18,1.1464839211115976,1.111395764820728,1.1016256060321146,1.0968692351616767,1.0915253671260918
2023-08-21,1.141570209965844,1.1072463026309005,1.0977662980722156,1.0926208251941938,1.0887665129074253
2023-08-22,1.151049406114407,1.1145439569015876,1.1048217080299358,1.0987684763274164,1.0948602951463942
2023-08-23,1.1569366699790746,1.119083973635685,1.1093284738824452,1.1028813225061023,1.0984960525274827
2023-08-24,1.1469751897014273,1.1123847946007037,1.1023798705729864,1.0982219725876392,1.0931930904343912
2023-08-25,1.1542697762018037,1.116750269926083,1.1071076526009496,1.1011757947513543,1.0968898625734758
2023-08-29,1.165759546221273,1.1254910207050277,1.115936160245617,1.10807765364669,1.104528443226741
2023-08-30,1.1637494299379478,1.12354290540142,1.1140477598714085,1.106327312331864,1.1031184955086668
2023-08-31,1.1678323784590119,1.127212608645808,1.1172723894823895,1.1091643410120446,1.1049609644733571
2023-09-01,1.164366696716182,1.1243292804810787,1.1146904943669413,1.1066102558332853,1.103253650266067
2023-09-05,1.167118961569939,1.1264067733549858,1.1167155655881227,1.1086981867402903,1.1056489057160657
2023-09-06,1.171083058466879,1.129192212139484,1.119378515362101,1.1109633049038226,1.1075651171433898
2023-09-07,1.170026509606256,1.1286827283461112,1.1187788648679964,1.1113716678907701,1.1076619508317234
2023-09-08,1.1663204842189592,1.1257977530572612,1.1160049636642737,1.1086527551885101,1.1053356832133496
2023-09-11,1.168111131182654,1.1245345658388395,1.1149259149540016,1.1042717338095371,1.1015423190744396
2023-09-12,1.165550942127532,1.122929538511403,1.1131420664410179,1.1037895509628861,1.0999800490365657
2023-09-13,1.1674514818308854,1.124068403437167,1.1141595861647011,1.1033329963876872,1.0997682280242638
2023-09-14,1.1769245033083735,1.1305646050216749,1.1208582945608774,1.1071456951964376,1.1040143329652667
2023-09-15,1.173010335611268,1.1279741857515906,1.1182487578658127,1.1055985568149789,1.1022517813681232
2023-09-19,1.169653404465968,1.1251533251195855,1.1154472794603971,1.1024011496359376,1.0995271354322973
2023-09-20,1.16999021474393,1.125474924027058,1.1156138554606505,1.1024713910384616,1.099744824253032
2023-09-21,1.162402396029943,1.1202392863916766,1.1101091633384104,1.0996290688940182,1.0963972740550423
2023-09-22,1.1580507965691456,1.1166972513534572,1.106501015527164,1.0967376278815506,1.0929232362357528
2023-09-25,1.1579482025745296,1.1161888743546968,1.106218921362126,1.09591320279396,1.0930092174202493
2023-09-26,1.1528713624499383,1.1132447597720845,1.102976204136887,1.0958647819482845,1.0915815067928276
2023-09-27,1.150827068600553,1.1111626332248423,1.101183393143474,1.0947343910140417,1.0906818086028196
2023-09-28,1.1523003615297003,1.1101701953038565,1.100406638974202,1.091833200858871,1.0877200857557765
2023-09-29,1.155575594836192,1.113494068735118,1.1035404223680823,1.095635775721719,1.090902702198859
2023-10-02,1.146724223420085,1.1063896150019938,1.0963510973675306,1.0901309499405882,1.0853889943927517
2023-10-03,1.136367006978483,1.0978049266610046,1.0882664533552053,1.0823279765519342,1.0780909440039446
2023-10-04,1.1274033215602277,1.0896641464734393,1.0807594469160788,1.0747583565599312,1.0729364259701475
2023-10-05,1.1296509047936918,1.0930693492404477,1.0833646839521713,1.079993268655012,1.076077143948921
2023-10-06,1.1318622881595737,1.0939974963015775,1.084181259502184,1.0789292083425381,1.0740191231728387
2023-10-10,1.1326333530559405,1.0961608303352766,1.085643414376733,1.080844830388913,1.0743754358934015
2023-10-11,1.1389028458237298,1.1004251299193788,1.089978721330789,1.0834668327038284,1.0774876728914664
2023-10-12,1.1371652694510086,1.100650411440379,1.0898154551340968,1.0845487985972573,1.0778219229921255
2023-10-13,1.1408558021207147,1.102681967982974,1.0930166709555174,1.0847613268553018,1.0807472673986418
2023-10-16,1.1370498945922896,1.0973197252539355,1.0882824833600484,1.0767587859808856,1.0743037969373121
2023-10-17,1.1375059586764715,1.0977132290100817,1.0879778494953016,1.077809576596715,1.073240589935469
2023-10-18,1.1319837598660956,1.0940532232612064,1.0843151621223222,1.0761770014628604,1.0714443766928303
2023-10-19,1.1274713508951464,1.0899735557182857,1.080497585412076,1.0724790607904244,1.0681352497556065
2023-10-20,1.123634336088557,1.0872405566618468,1.0780370004839999,1.0714974868618763,1.0679265183892166
2023-10-23,1.123121345960602,1.0864878360390648,1.0776167239662109,1.0712521568567157,1.0690036069283977
2023-10-24,1.128539701834837,1.0905875156765827,1.0815588218362155,1.0739532352040986,1.0718050175610618
2023-10-25,1.1220807581797019,1.0867448082448885,1.0774207271425211,1.0727847681563891,1.0696145329056153
2023-10-26,1.1210090430890944,1.0856619420771934,1.076775594024588,1.0719731305202371,1.070571149025632
2023-10-27,1.1274812684129623,1.091229596447417,1.0817136052930878,1.078084725207848,1.0751578855884476
2023-10-30,1.122254362769518,1.085363356855116,1.0762976061697342,1.0702067183621224,1.0681551906482363
2023-10-31,1.1221767126822482,1.085062695436417,1.0752870737454319,1.0697227889626406,1.0668857236277303
2023-11-01,1.1421117627853876,1.1000889390142066,1.0907821376705156,1.083700027135356,1.0829323678968001
2023-11-02,1.1535271914175538,1.1083545129005024,1.0987448218463234,1.0883137315860907,1.0875092542707925
2023-11-06,1.1491429316808277,1.1074698235532374,1.0971269480801396,1.0890658075455464,1.0853401011056574
2023-11-07,1.1493054404493346,1.1078653458035985,1.0976835830185427,1.090268201190066,1.0875843660349995
2023-11-08,1.1482791333474536,1.1081347380154178,1.098416044996795,1.0908884238078145,1.0893600017456018
2023-11-09,1.1481603106325924,1.106939773598879,1.0973089646121923,1.08695186739515,1.0863479942415912
2023-11-10,1.1520077875523511,1.1100300389970104,1.1005757028504974,1.0909266854400061,1.089820656343384
2023-11-13,1.1540536647775836,1.110519092188024,1.1012672925642693,1.0903474350214624,1.0895785254840598
2023-11-14,1.175459446412361,1.1258502708438847,1.116408340617977,1.1002048862905611,1.1001257574870815
2023-11-15,1.1736271002686993,1.12758359901793,1.1169208867517884,1.1035191903692534,1.099460211556833
2023-11-16,1.1745990337580927,1.1290194506784048,1.1187945176431708,1.105886522599434,1.1034718416216087
2023-11-17,1.177701559795303,1.131127977898616,1.1208662102357667,1.1059809193431887,1.103214595826146
2023-11-20,1.1782373990315955,1.1306550112445402,1.1203685768869847,1.1039931843735495,1.1006606953786082
2023-11-21,1.1678238788838735,1.1247164292072882,1.1144180965249006,1.1000140003822678,1.0961957193621197
2023-11-22,1.1675143917854722,1.1238791349132122,1.113257315214309,1.0996555288249157,1.0955882159405392
2023-11-24,1.175234240594451,1.1280503149125722,1.1178718752809544,1.1020115793552372,1.0993363545754107
2023-11-27,1.1779659151870772,1.131072841851411,1.120741440864553,1.105424219295965,1.1028365984034725
2023-11-28,1.1761671693822557,1.1296364779554156,1.119369887121674,1.1037987714046718,1.1007674889764398
2023-11-29,1.1732613653742343,1.128239920184657,1.1177065454426998,1.1025094042760035,1.0991433954237493
2023-11-30,1.170369060246415,1.126509127964787,1.1156929788241015,1.1019394241347462,1.0981017173025387
2023-12-01,1.1830686080853765,1.1345970566004515,1.1247187320149636,1.1060323104593746,1.1057217842630465
2023-12-04,1.1688506684889814,1.1250034576081975,1.1141757288281824,1.0999862873484725,1.096969119291482
2023-12-05,1.1739192919607933,1.1291879731248464,1.118506998607058,1.1042216346485694,1.101919149849959
2023-12-06,1.1721502640894848,1.1296867969590842,1.1186164910044414,1.106175144950057,1.1038364215079473
2023-12-07,1.171941378446139,1.1266671744307304,1.1161490756121673,1.1014166544323871,1.0999339666760406
2023-12-08,1.150936237700988,1.1099001769004229,1.098871615276495,1.0867888229764975,1.0826922031040487
2023-12-11,1.1551122640609572,1.1123629470404763,1.1012360291086336,1.0894612467170892,1.0850970093989323
2023-12-12,1.1621922327858738,1.1187483967529814,1.1079266817787266,1.095200740143672,1.0917493876400786
2023-12-13,1.1709352066248095,1.1260861551568475,1.115791497509448,1.0998955435652287,1.098178339522283
2023-12-14,1.1674805025690667,1.1223719594072468,1.1114679866412551,1.0940002359025809,1.0916118592773036
2023-12-15,1.1656488243936363,1.12179091065062,1.110224069757376,1.0949709057456383,1.0903014685466486
2023-12-18,1.1630912458462384,1.1190592611850758,1.1080908066294781,1.0908576845401754,1.0878631802472505
2023-12-19,1.171842576434082,1.1256312657732093,1.1150017014924176,1.094758449398683,1.0926020247156991
2023-12-20,1.1810845094009996,1.1359931677282225,1.1247194086108971,1.1067906452344085,1.1040277271224488
2023-12-21,1.1801885172283948,1.1337498616057398,1.123323882720716,1.1020249243315736,1.1004344516676576
2023-12-22,1.1709804755952733,1.126138472934155,1.1151698172931286,1.0958793843931178,1.0930446637873892
2023-12-27,1.1802462088825665,1.1337826837211293,1.1224577430361329,1.1031292498166592,1.0998973216898318
2023-12-28,1.172871729428762,1.1296177150065094,1.1173883276832983,1.1013276435600894,1.095725441556717
2023-12-29,1.1683860698734825,1.1262831452619393,1.1139321662439734,1.0994675512256709,1.0934957037275144
2024-01-04,1.1728134788931313,1.1284980396108437,1.116090638554462,1.0997422253538374,1.0947572360259707
2024-01-05,1.1855934266386319,1.1396097557595901,1.1273791785138583,1.11098344449218,1.1070819110191994
2024-01-09,1.1809623722920954,1.1389991808381932,1.1267369236012963,1.1120406439044563,1.1085024653392912
2024-01-10,1.1824664479016214,1.138236279801988,1.1261446323940982,1.110784587520696,1.1084105939091369
2024-01-11,1.1940019628349576,1.1479434727360887,1.135651293572737,1.1204561247213953,1.117614843736572
2024-01-12,1.1941461507231497,1.1481034067829914,1.135760562232127,1.120712699311523,1.1184130666079544
2024-01-16,1.1910892139932485,1.1463814267881804,1.1338606800416637,1.1202151715001543,1.1181492098381454
2024-01-17,1.1902235177738574,1.144527479126401,1.1320847387045339,1.1189523837705326,1.1164863008146737
2024-01-18,1.1999417964394463,1.1505160829025873,1.1382175078887218,1.1215909225147993,1.1210497290542087
2024-01-19,1.205163639129452,1.1538611910300127,1.1417356869907944,1.124160937403231,1.1253675876917337
2024-01-22,1.207872067540886,1.1568225390468936,1.1448357772392295,1.1287415274971226,1.130744416739848
2024-01-23,1.206969910175836,1.1560241254596666,1.1442777137924696,1.127202015662056,1.1301678946978717
2024-01-24,1.20924304883286,1.155095194533244,1.1436538754793661,1.124313140390219,1.1275376461420812
2024-01-25,1.210331461797676,1.1547230983602461,1.1433611764621043,1.1226051836750248,1.1257208341036269
2024-01-26,1.2112657925120456,1.1551142072401694,1.1438914554069741,1.1223409833571054,1.1253451088220465
2024-01-29,1.2171646236338738,1.1591257347776058,1.147733900060409,1.1254853912821763,1.1286813724033395
2024-01-30,1.213549122629409,1.1566720493483675,1.1452816713502008,1.1233627389095837,1.126640006300033
2024-01-31,1.20995460166075,1.1552811883829377,1.1431388603677435,1.1242145980379523,1.1236606767587731
2024-02-01,1.2074633408564137,1.1531106412811414,1.1408536961375384,1.1210079902322696,1.1207782887886915
2024-02-02,1.1992206455563756,1.1490184839604978,1.1371460489209226,1.1195132214606873,1.122837774670635
2024-02-05,1.2044953142886585,1.151632620030365,1.140103423639573,1.121289442245078,1.125417427574668
2024-02-06,1.207746112114045,1.152494582284199,1.1412253280220042,1.1197775374719061,1.123607298400489
2024-02-07,1.2033787460607888,1.1498782795957165,1.1388201628293186,1.1177135981587618,1.1234704297755875
2024-02-08,1.2066412251245393,1.1519729241673107,1.1412073596622188,1.1185640052396204,1.1257230906793214
2024-02-09,1.2135828991662094,1.156614093713343,1.1459662168152787,1.1223135950178227,1.1303090927799788
2024-02-13,1.2053843751014248,1.1511918543278887,1.1406752162800555,1.1193707082192614,1.1272901402225912
2024-02-14,1.2159378820692048,1.1573915746831438,1.1467001025633505,1.122829071578536,1.130411709820869
2024-02-15,1.2214520303048535,1.159596142006477,1.1491999018802057,1.121028750151704,1.1294626258238956
2024-02-16,1.21903868160032,1.1577411414590382,1.1475983140139423,1.118324528539448,1.1273825024815882
2024-02-20,1.220891155866135,1.1593692760758987,1.148972387930335,1.1200517844481759,1.1272914664356104
2024-02-21,1.219901690160636,1.1583535780627785,1.1482220009962234,1.1186509432203757,1.1270518725449394
2024-02-22,1.2290267824115486,1.1649340513027218,1.1552284248648752,1.1225400517711925,1.1341753651376552
2024-02-26,1.2272609612005463,1.1651269910866708,1.1555976470891431,1.1248928293013494,1.1370074550089782
2024-02-27,1.2297519257896752,1.166232172149313,1.156952935246105,1.125029614122281,1.137726451161433
2024-02-28,1.2270374984565053,1.1650665399409468,1.1555986757048051,1.1254474242176713,1.1375723443232384
2024-02-29,1.2288721148196076,1.1650476782638832,1.155471784891109,1.124192013635757,1.1363174828077551
2024-03-01,1.2333627313696047,1.1672428437379427,1.1580577300094537,1.1231514643758462,1.137278404731627
2024-03-04,1.2344682543768928,1.169359796181909,1.160025225964846,1.1260288361847945,1.1407092398431364
2024-03-05,1.2365037927401752,1.1715950421281154,1.161545994886799,1.1290045438013325,1.1414585618044157
2024-03-06,1.2397084025638845,1.1737072147371195,1.1639538943857988,1.1297706483358891,1.143024376530876
2024-03-07,1.2392492505040835,1.1715554993609905,1.161929838188844,1.124802633625795,1.1392572107892789
2024-03-08,1.232113341808922,1.1666757449598644,1.1567838465242701,1.121087869552438,1.1348630631056171
2024-03-11,1.2254295352370943,1.1607032011566913,1.1507826595752912,1.115386662805491,1.1289418221453995
2024-03-12,1.223913989593046,1.1588962661009832,1.1494474640193786,1.112785898765942,1.1279518155463344
2024-03-13,1.2322270376264572,1.1640419556005315,1.154721722009651,1.114917907417468,1.13007146700217
2024-03-14,1.22947022550061,1.1620366234244872,1.1531042216319598,1.114715495347854,1.1309971587871857
2024-03-15,1.2320778854116958,1.1648997684224787,1.1560559840978633,1.1193412421235363,1.1344878576655637
2024-03-18,1.2405511311143886,1.1718768394393373,1.163324068119379,1.12482813053496,1.1416738766683763
2024-03-19,1.2454341730517253,1.1785161738280467,1.1701074715451043,1.1350319185409254,1.1523535184950093
2024-03-21,1.2496632849498104,1.182790471584779,1.1742531451637792,1.1404370977113667,1.1580970365652485
2024-03-22,1.2514635322734016,1.185100735684156,1.1764339665175665,1.1444895276942537,1.1603648115478005
2024-03-25,1.247080745767594,1.1807996207662232,1.1724392687277112,1.1397462685136965,1.1563059715421726
2024-03-26,1.2481963937680696,1.1821408076281814,1.1735425529506764,1.1408312207260656,1.157022906189365
2024-03-27,1.2550535427806004,1.1869711469581528,1.1784063739286308,1.1439417963210972,1.1602696222813011
2024-03-28,1.25542417884407,1.1869924932581686,1.178533780910731,1.1419556909298403,1.1591837436371903
2024-04-02,1.2519391410826428,1.1836118901952057,1.175125645980195,1.1385330905608497,1.1556877369560925
2024-04-03,1.2571064677470702,1.186967496631545,1.1783903875428468,1.139775816834126,1.1565583671038517
2024-04-04,1.2583454779103271,1.1879080085606373,1.1794107326540435,1.141867964456571,1.1591407710186996
2024-04-05,1.2566943796344296,1.1859151955459053,1.1776640553268973,1.1379843533990164,1.1566040385228804
2024-04-08,1.2635569309021042,1.1910265000273033,1.1825451102506792,1.142793379701131,1.161417511204211
2024-04-09,1.2687153722325042,1.1961731559642328,1.187402935055727,1.148749267247822,1.1666259233761018
2024-04-10,1.2572705314256685,1.1873684074807331,1.1786810560330865,1.1422025833559157,1.1607222837277744
2024-04-11,1.2618965302709328,1.188996549250101,1.1802619838565158,1.1424206756762665,1.16069288364926
2024-04-12,1.259818039539037,1.1877879091981887,1.1789015055837115,1.1426734086378874,1.159414586754745
2024-04-15,1.2552276854582518,1.1843667247852607,1.175294560327686,1.1388148512557088,1.1555080084558278
2024-04-16,1.2533832103684655,1.1828278806840653,1.1740944966070193,1.138934861234735,1.157262437748657
2024-04-17,1.2543912809262896,1.183903246516156,1.1753575176025388,1.1412884145311084,1.1601656079624394
2024-04-18,1.2556866308847843,1.185327087885821,1.176685816521328,1.1414599359667175,1.1603211861354312
2024-04-19,1.2583811133962954,1.1871152756294696,1.1787451717715898,1.1425100317314894,1.16254903917273
2024-04-22,1.261200348426846,1.1883702878184688,1.1797405822272025,1.1442045805474044,1.1623983738251906
2024-04-23,1.265170321579633,1.1905350097492358,1.1822040063977493,1.1454036870363218,1.1650676940683113
2024-04-24,1.2654516232735695,1.1910876285621994,1.1825454904030086,1.1456128296964314,1.1645183277240554
2024-04-25,1.2674836209085922,1.1916627332149707,1.1835103065214567,1.1449052571837763,1.1654250960074368
2024-04-26,1.277522357888076,1.1992206746380547,1.1911682591076351,1.1508380222376762,1.1720129734306504
2024-04-30,1.2572392880393564,1.1870815809453639,1.178016669145777,1.144363595237309,1.1621223111110641
2024-05-01,1.2633248957514522,1.1910032506110775,1.1821061578470453,1.148424816081781,1.166597674627836
2024-05-02,1.2582466187740813,1.1877880743746694,1.178710216918108,1.145756225981156,1.1630873533526296
2024-05-07,1.2681953614583492,1.1962425850906553,1.1872318714109822,1.1538140395247583,1.1718995342924203
2024-05-08,1.267558475838527,1.1943736996313563,1.1855220707628058,1.1505959431106962,1.1686993481145438
2024-05-09,1.2752427808256555,1.1980946654698272,1.1899088085301162,1.1503211067593064,1.1710287123942105
2024-05-10,1.275472314576652,1.1983254534854106,1.1900679046485798,1.150348279961343,1.1713817319728161
2024-05-13,1.2811505368133802,1.2012520039617791,1.1930140402920495,1.1523970825313088,1.1729556336910465
2024-05-14,1.2877693083679176,1.2056306191439714,1.197557431355314,1.155216201131218,1.1767832831403349
2024-05-15,1.301875976044698,1.2148143679075223,1.207088663394845,1.1597798212661685,1.1823630398973255
2024-05-16,1.288109804617612,1.2055984549125733,1.1975067859734625,1.1528196707219,1.1743046068819034
2024-05-17,1.2989356903443674,1.2123648967628127,1.2044124441818933,1.1559738411984724,1.1783210412684477
2024-05-20,1.3014054420385444,1.213022912811037,1.205111098290145,1.156096998391668,1.1788950908032425
2024-05-21,1.3042645181416817,1.214943055982041,1.2072754448572036,1.1574889605861696,1.1810458565338282
2024-05-22,1.2929744405673447,1.207172226066603,1.1997280233974164,1.152663764159524,1.176870890567248
2024-05-23,1.2877579140596205,1.203611230765632,1.1961446376728033,1.1511640267677052,1.1748686789183387
2024-05-24,1.2903569886586883,1.204279112148817,1.197118949593875,1.1507333968216586,1.1751603189238868
2024-05-28,1.295982605545102,1.208511961463725,1.2013224870832584,1.1534918944238113,1.178929353887186
2024-05-29,1.286108843922011,1.2003041706794164,1.193336169653901,1.14734536978182,1.1734417232059586
2024-05-30,1.2871058433256661,1.2006485808836929,1.1939287236652254,1.146854053740778,1.1737076488799905
2024-05-31,1.2875015583800982,1.201356750799457,1.194162365610805,1.1483643940804962,1.1734932010688714
2024-06-03,1.2928404959681188,1.2063145705111065,1.1990513275030612,1.152498945310284,1.177313654726186
2024-06-04,1.284551284386236,1.2014315939420908,1.194058730688379,1.1502438135461632,1.174752473069811
2024-06-05,1.2829291222808068,1.199740616176522,1.1926090369445428,1.1473858953315939,1.1724607886878897
2024-06-06,1.2922591113535602,1.207251316692027,1.2002652820490054,1.1528727522558873,1.1789824842781964
2024-06-07,1.2758065517414654,1.1958888287510365,1.188998674983338,1.1453284931491692,1.1711220911133748
2024-06-10,1.2852232880657002,1.2007096056147293,1.193724557196414,1.1475002533761838,1.1726990452992636
2024-06-11,1.2842734380261593,1.2004867071800145,1.1935187253981683,1.1484920921800943,1.1730189910455942
2024-06-12,1.2936562931940054,1.2068649442727397,1.2003714871332296,1.1519596671059296,1.1781918773603282
2024-06-13,1.2879453857677319,1.203851213148956,1.1973658003048437,1.1515032031856498,1.1767365904405414
2024-06-14,1.2909523569513366,1.2080116406334644,1.2010969507043263,1.1563357939618764,1.1793642951132821
2024-06-17,1.2902939053042086,1.2059189941251927,1.1995977874656412,1.1529487708567403,1.1777736106333212
2024-06-18,1.2979852630760487,1.210575525983357,1.204357433428753,1.1558742156017132,1.181003980359989
2024-06-20,1.3030204798709741,1.214260947404889,1.2080979618749021,1.1578471360162736,1.1838081613477776
2024-06-21,1.3029879965959865,1.2137523643225911,1.2076733699065965,1.1586944995933501,1.1841412338745512
2024-06-24,1.312347712119477,1.220270751585897,1.2142642776665815,1.1633576686929,1.189803013854809
2024-06-25,1.3105783006737235,1.2204823379042582,1.2140701197448283,1.1663967625920468,1.191417638410305
2024-06-26,1.3069281255677356,1.217640307709949,1.2110651168182247,1.1645570044157518,1.1888633405389366
2024-06-27,1.3135345212851344,1.2200212216887718,1.2137576438305795,1.164065154278728,1.1890903258830763
2024-06-28,1.3151844826401478,1.2216393363678986,1.2152057607169144,1.1651184183186742,1.1900617826598867
2024-07-01,1.3171423253551193,1.2215892349625384,1.2151693680687945,1.16290997719225,1.1888095184046479
2024-07-02,1.3236395786816795,1.2259690593477874,1.2197157228515831,1.16654724229818,1.1928310724602396
2024-07-03,1.333365286214511,1.2324470238930219,1.2259023312095454,1.1703946717465032,1.1961040877672626
2024-07-05,1.3385468974918995,1.235205283322478,1.2284035576713992,1.1706415360859919,1.1960766435360033
2024-07-08,1.3315849064541314,1.2306172671592461,1.2242657352414967,1.1681622588522578,1.1947649584309266
2024-07-09,1.3307187702869376,1.22999179193206,1.2236859726143052,1.1676927681809754,1.1949318844567565
2024-07-10,1.3406506990717437,1.2362503673936214,1.2298418785737575,1.1713149676748722,1.1977493317603958
2024-07-11,1.3518242353214793,1.244888905810948,1.2381648735006516,1.1785471325406431,1.204340065046362
2024-07-12,1.3325544605724609,1.2325890693669956,1.2254807554498506,1.169161219840822,1.1945756022339133
2024-07-16,1.3350749486083282,1.234914173752284,1.2277051658517872,1.1708997427284322,1.1959635188597786
2024-07-17,1.3352211212827954,1.2356981526296567,1.2283382361472075,1.1731184214852115,1.1969258380376155
2024-07-18,1.3098655033834639,1.2188006941146547,1.2114500295086328,1.1616370976293633,1.184988707990854
2024-07-19,1.3109504519554116,1.2189901726415586,1.2121783066514746,1.16232382578749,1.1873329952469809
2024-07-22,1.3135391855383214,1.2191423874652785,1.2128862695613332,1.160058014620489,1.1875372348227673
2024-07-23,1.3066704584875233,1.2150206523725295,1.2087392349084136,1.158355104943155,1.1851968263298671
2024-07-24,1.2902422420901376,1.2033300148575246,1.196726727733248,1.1503828980343052,1.1754790892691944
2024-07-25,1.2739464592921481,1.1910254397532893,1.1846875841158957,1.1396682262744917,1.1654504225540632
2024-07-26,1.276294095743425,1.1923830995288764,1.1860342939780313,1.1397224666594916,1.1657448209369121
2024-07-29,1.281233594111888,1.198117854398259,1.1916267969105916,1.1458591724413798,1.1707235607439537
2024-07-30,1.2799971717853458,1.197342762734745,1.1905690450577093,1.1450857340908571,1.1693671457095458
2024-07-31,1.2833427221182419,1.1985557769582262,1.1911470823999002,1.1450790864249158,1.1663696347417065
2024-08-01,1.2565627454357025,1.1798402723007217,1.1724595001494427,1.1303565019132087,1.1512462460316404
2024-08-02,1.2434388795730844,1.169898644316723,1.1624429804066134,1.1205737593739415,1.1408523769165553
2024-08-05,1.1994024496632958,1.1393496734008801,1.1329332161453127,1.094351413525176,1.1182925426656207
2024-08-06,1.2064434369304065,1.1446652037357141,1.1376218667539366,1.1025887653363304,1.1236151356295812
2024-08-07,1.200470693087434,1.14101801090395,1.133072410294323,1.1015377090536702,1.1195264492264436
2024-08-08,1.2140097329204889,1.1493834355273722,1.142239221075852,1.1042299047654693,1.1265938438584624
2024-08-09,1.2330570601298152,1.1637917197287468,1.156586203706925,1.1161438202691252,1.138089924308329
2024-08-13,1.2394744375711364,1.1693510735329407,1.1621244761197354,1.1220574900022278,1.143500687654206
2024-08-14,1.2449638480446685,1.1755020669266356,1.1683123509522189,1.129178308624989,1.15055870959752
2024-08-15,1.2493812693656814,1.1780905440552192,1.1708274522394564,1.1297604517039777,1.1524573547919295
2024-08-16,1.268903974801021,1.1925995474122928,1.185078427596505,1.1421300387699769,1.1644383011142043
2024-08-19,1.2637977188155143,1.187822144715823,1.1805072982704357,1.1367856330826291,1.160656689441398
2024-08-20,1.2565801327429316,1.1838472870907288,1.176162065577573,1.1355670249693783,1.1572402136847302
2024-08-21,1.249302910326383,1.1783863784903172,1.1707289916912427,1.1304011195613095,1.152010595803796
2024-08-22,1.2454589614561304,1.1759240850600152,1.1684041450682778,1.1293046854089526,1.1516657007781999
2024-08-23,1.264246082744411,1.1876409867619226,1.1801418579115317,1.1359114712595213,1.1593201761516252
2024-08-27,1.2665765213560818,1.1905719995203945,1.1825275818282004,1.1395440194274116,1.1624152740944649
2024-08-28,1.2605223135417039,1.186975132026824,1.1789995394702755,1.1383227957847668,1.1606394695669953
2024-08-29,1.2612111212085106,1.186943255469739,1.1791460291603606,1.13786379259162,1.1607209620280503
2024-08-30,1.2639395775140847,1.1881235895020237,1.180606925228698,1.1370899372677576,1.1607600682866264
2024-09-03,1.265668697918164,1.1905720986407575,1.1831136107234417,1.1423034812444541,1.164212445882681
2024-09-04,1.2529646875332523,1.18058135211512,1.173378888636961,1.1324805892720566,1.1558960056281047
2024-09-05,1.2425175151667394,1.1733820053787825,1.1656097409363637,1.1261656860021005,1.148203461531067
2024-09-06,1.2394829814344435,1.1728492085996873,1.1650467801402138,1.1283237136187612,1.1502534877822421
2024-09-09,1.2353439624259661,1.1683006603233275,1.1604282510588748,1.1227951847523614,1.1444878767632845
2024-09-10,1.2398288189098203,1.17141306303293,1.1633553349334766,1.1252583614456029,1.1467662856854626
2024-09-11,1.234850498268902,1.1672362156534195,1.1594932235634476,1.119911010311766,1.1421145475900056
2024-09-12,1.2431640950717566,1.1733687409430116,1.165136032954138,1.1241688546315336,1.1452783883676996
2024-09-13,1.2423040968391152,1.1733134977153366,1.1649772888645291,1.123785279050389,1.1459365924157188
2024-09-17,1.243073856268507,1.1741247782377457,1.1660191498757617,1.1249722757018372,1.1480943230082927
2024-09-18,1.246251165890692,1.1761875793816257,1.168418345798959,1.1269376890610574,1.1515236895625662
2024-09-19,1.261245475585072,1.185619143240752,1.177915422470917,1.1324964653621004,1.1580854584875753
2024-09-20,1.2634700086546862,1.1873947657918744,1.1794778864420465,1.1351380195104412,1.160180852750649
2024-09-24,1.2699298949496722,1.1920166004308919,1.1836967370169262,1.1364869588799635,1.160550589465721
2024-09-25,1.2618340195314492,1.1872798609203716,1.1788657194964507,1.1349413286897856,1.1592243763844652
2024-09-26,1.278196371665688,1.1977547592892366,1.1889874089247905,1.141293190202506,1.1652129271662781
2024-09-27,1.2868966291834611,1.2057154856774144,1.1970269814951549,1.150038364348536,1.1733201189462443
2024-09-30,1.260984697676286,1.1846626990140545,1.1766907468111407,1.1302985330381068,1.1553641730127684
2024-10-01,1.2736104958334025,1.1939712250738739,1.1861730908211963,1.1375947323783553,1.163468553859007
2024-10-02,1.271352035102562,1.1911070845515759,1.1832847614382929,1.1332017458785963,1.1587368855689717
2024-10-03,1.2912611471196707,1.2061384465737577,1.1993804228918181,1.1477107312169454,1.1763625502680914
2024-10-04,1.2893046324189623,1.2037819093397168,1.1964926986719795,1.1432161444701217,1.1708101622596172
2024-10-07,1.30367574237421,1.2125280557678262,1.2056735027170085,1.1495529516538294,1.1787677673258774
2024-10-08,1.2892984610995244,1.202174459186471,1.1956182782056086,1.1424038001894263,1.17207304516078
2024-10-09,1.288308120230478,1.2014936085008026,1.1949716046436476,1.1420574940983064,1.171694397656328
2024-10-10,1.296978370920798,1.206990957807756,1.2007440059081667,1.146485680238865,1.1770704319719831
2024-10-11,1.298021305969643,1.2070636852999075,1.2011024262983476,1.1443078211035926,1.1748814888116426
2024-10-15,1.296494051043549,1.207091489883883,1.201555505264701,1.145183113053211,1.1758951270664904
2024-10-16,1.2956282355749054,1.2057253118488631,1.2007676967170167,1.1431223126366863,1.1748867581868434
2024-10-17,1.2940779661160864,1.2045716376453746,1.1992319698443767,1.1418827275995722,1.1732346878954185
2024-10-18,1.3015198809591593,1.2103116711451254,1.2051253386277088,1.1461489000308285,1.1783257234518214
2024-10-21,1.2924068048450748,1.2042030157912607,1.1981876696169642,1.1420679135123433,1.1730820960619466
2024-10-22,1.2979394416554506,1.2062644440560142,1.2008404681211917,1.1423559513985453,1.1742680687419706
2024-10-23,1.2974032730504153,1.2066364630356592,1.2015886347182987,1.1447585982362884,1.17693977870201
2024-10-24,1.3091661081512198,1.2144306878634044,1.2106619913662142,1.1501022329498254,1.1850422926291466
2024-10-25,1.3030715628171161,1.2109330539421006,1.2067458606059076,1.1476902011223027,1.1817490724747053
2024-10-28,1.310172147865086,1.2161105659797555,1.211552653022335,1.152262852527985,1.185962135692619
2024-10-29,1.3097612313369533,1.2161389450684517,1.21097378153592,1.152468402429431,1.1853350272280145
2024-10-30,1.3137124466305312,1.219445809224908,1.2137788324894732,1.1552658799110682,1.1875313699248486
2024-10-31,1.305775436110671,1.2135698744208565,1.2084332700100555,1.1530709624484643,1.1860746029938527
2024-11-01,1.2911990613286426,1.20322195139304,1.1973216846809285,1.1440535748913219,1.1752930541154674
2024-11-05,1.2954800488879659,1.2048937971308047,1.1993448455494153,1.142997320238754,1.1749721265304869
2024-11-06,1.282578886000115,1.197350200011063,1.1903090888895875,1.1415177954556721,1.1730638580169745
2024-11-07,1.30845326698347,1.2122570199419433,1.207194849204615,1.1467446463148383,1.181572630661342
2024-11-08,1.3009531200636906,1.2096576790496316,1.2043454004539837,1.1488666726052807,1.1827784785464748
2024-11-11,1.2908110589110267,1.2025781154932331,1.1969124670454523,1.1441572245768616,1.177528758236871
2024-11-12,1.2847811589193363,1.1988487305121562,1.1927807666164663,1.1441695452846805,1.1778256441781172
2024-11-13,1.2843214396709357,1.1972522112596224,1.1923147390430116,1.1424322016063522,1.1779472374253586
2024-11-14,1.2885667735939037,1.1988030466685935,1.1946225407723514,1.142907414913763,1.1795623594116242
2024-11-15,1.293771185347488,1.2033637156359926,1.1991555724960101,1.1469927776282827,1.183032540085093
2024-11-18,1.2862432393268743,1.1976190995113387,1.1922792405610114,1.1410274200488968,1.1748845945909376
2024-11-19,1.2909502495965821,1.2015888298095672,1.19625949188532,1.144407503050633,1.1784948989910646
2024-11-20,1.290357943187112,1.2016787489137568,1.1963462910056812,1.1445576416574743,1.1786763252958479
2024-11-21,1.2944562248662927,1.2033658362112256,1.199042284449271,1.1446966313553706,1.1809170303048666
2024-11-22,1.2908281119540597,1.200990686668833,1.1962958772301722,1.1411120680979248,1.1761318616041965
2024-11-25,1.292718641494458,1.2027221860861799,1.1983518441477914,1.1440366968529583,1.17964749831028
2024-11-26,1.2896859136147567,1.2006811568833324,1.1965685840464768,1.1424203595992364,1.1790612988177784
2024-11-27,1.2841075279103566,1.1960638133415329,1.1920546207969778,1.138022677562699,1.1739331123175274
2024-11-29,1.278023999263642,1.191973709734165,1.1877988609564447,1.1346348938024589,1.170407372033411
2024-12-02,1.2676122380852852,1.1843938105918825,1.1790862594740845,1.1284807415455615,1.163214231550733
2024-12-03,1.2666599625550352,1.18279401628166,1.1768079885109504,1.125892486672215,1.1594905697315414
2024-12-04,1.2689854315871507,1.1849181350613458,1.1792660922171645,1.12746030899278,1.1616240396958688
2024-12-05,1.275083959260621,1.1889762103225139,1.1836136608491057,1.1308975619038086,1.1656774181679526
2024-12-06,1.2733420848744639,1.1879845758639975,1.182948488778103,1.130403827832391,1.1656322421470766
2024-12-09,1.27324392775358,1.187214478432263,1.1817759379981057,1.1277150969553458,1.1624745160848933
2024-12-10,1.2806372333759262,1.192712398791534,1.1876971469736164,1.1329064217267675,1.1686753072043732
2024-12-11,1.2882165717316711,1.1978911214591494,1.1929936045406517,1.1362978734206903,1.1725183241537747
2024-12-12,1.2877847338571091,1.1982348124536648,1.1932007501755009,1.137434229277508,1.1730438721255592
2024-12-13,1.2845229623096537,1.1956975120868463,1.1908576968364113,1.1357347616427544,1.172104540419338
2024-12-16,1.2860279211188315,1.1957584938585537,1.1912168829699739,1.1355580517999448,1.1729810650070718
2024-12-17,1.2885368584930024,1.1978540806964795,1.1937745588600621,1.1385255986237053,1.177055759685756
2024-12-18,1.272128126913517,1.1876208206124843,1.182174906842447,1.1340929222899756,1.1693780710666608
2024-12-19,1.2703613466530328,1.1852219822625953,1.1797326510688697,1.1308299967574778,1.1667572734623883
2024-12-20,1.2965248152802833,1.2046447294843285,1.200948095752447,1.146613750586192,1.1860156939744335
2024-12-23,1.2916808756596216,1.2014544132186793,1.1969750444333203,1.1441644072611123,1.1824192590319624
2024-12-24,1.2990803279309415,1.207021152754071,1.2027236925503535,1.1482594377891315,1.1868800073311339
2024-12-27,1.3008796221938834,1.2086061056932675,1.203746057345987,1.1505082442952437,1.1875323895974244
2024-12-30,1.3016235888580112,1.2092416929603798,1.2049465022472503,1.1529714237401611,1.1907475801418863
2025-01-06,1.3046298222318575,1.2115568859193169,1.207283435188005,1.1560288991838283,1.1936573222983033
2025-01-07,1.3072643386542007,1.2136768975557897,1.2096809882058774,1.1577962555742691,1.197013739343607
2025-01-08,1.3088662364968253,1.2131836993340026,1.2088391136842396,1.1570493235865378,1.1951284428431228
2025-01-10,1.3021269740976278,1.208825494241875,1.2047753147087734,1.1538214553023618,1.1915238332060698
2025-01-14,1.3010762066500277,1.2063442895569974,1.2020132619311892,1.1502802420846197,1.1872616051147435
2025-01-15,1.3188557913821304,1.2177052087362261,1.213165206042961,1.1572208858443271,1.1942419372776987
2025-01-16,1.310129049331532,1.2124693377496185,1.2080337457089656,1.1523835130901854,1.1903531742914963
2025-01-17,1.3041951172614337,1.2081473182428168,1.2037098471856618,1.148612220297513,1.186544385179551
2025-01-21,1.3120647756659902,1.2138751623839197,1.2091165209558512,1.1514157126944315,1.1908496157346855
2025-01-22,1.3133437799327368,1.2153513183707054,1.210574588009242,1.1533099912240727,1.1927908047360436
2025-01-23,1.3186102072191164,1.218223501222509,1.2133445808218872,1.1539142914759097,1.194128592288484
2025-01-24,1.3190713384639625,1.2195289616926026,1.214790677046776,1.1563735288815693,1.1967237718435613
2025-01-27,1.318879141125426,1.221476675046761,1.2169549407937905,1.1621873933308378,1.203125953657862
2025-01-28,1.3158760409695411,1.2209886982836462,1.2167483851133083,1.1620047079379028,1.2032964086649687
2025-01-29,1.3179117369437965,1.2231060929201225,1.2190436199199468,1.1647381456079884,1.2065406011188122
2025-01-30,1.3234208667626988,1.2262788480414433,1.2220662418265416,1.1648423141454352,1.2075124308092646
2025-01-31,1.3126872276107178,1.2185456627469835,1.2145671441701618,1.1591927405909457,1.2023129433783881
2025-02-03,1.3131655280884915,1.2175626673859365,1.212818938492871,1.1575133531049364,1.1977071542568087
2025-02-04,1.321831146101269,1.223380077774127,1.218597914544947,1.1621320119122003,1.2032894328502204
2025-02-05,1.3201322368895883,1.2204810793786527,1.2156225760275916,1.1573386009416764,1.1992971022844297
2025-02-06,1.3116669224800137,1.215175363595063,1.210744057294282,1.152948885283781,1.1962739356026915
2025-02-07,1.29709505263781,1.203176728263051,1.1989067625957912,1.140151431411741,1.1831360543433733
2025-02-10,1.3078249030031082,1.2096664525984522,1.205300076793265,1.143240158426783,1.1866712499799144
2025-02-12,1.3157662241365475,1.2151567651727844,1.2107494986014167,1.1482143422223865,1.192081884283876
2025-02-13,1.3361773699911481,1.2298858910558494,1.2252099438102513,1.1593872341630904,1.2042666388953576
2025-02-14,1.3271299773178553,1.2248606774482218,1.2203831789913255,1.1578190291659103,1.2025219711093287
2025-02-18,1.3210740544310022,1.2205975875492643,1.2164107414991767,1.1540150923119976,1.2003474097997011
2025-02-19,1.3218879201128564,1.2211122534917342,1.21668936848052,1.1548182803495473,1.1995929608640696
2025-02-20,1.318135934621127,1.2178699307345282,1.2134351130579197,1.1509712412482802,1.1956230326357216
2025-02-21,1.303030414930366,1.2088387573581252,1.204668108162832,1.146344976657425,1.1913740754063304
2025-02-25,1.3065056565881055,1.2119667075040883,1.2076173742134217,1.1497635992620552,1.1945336724201785
2025-02-26,1.3039716234560739,1.210984780130503,1.2067575720324943,1.1496263401254219,1.194501186366032
2025-02-27,1.299779942309602,1.2090318956010448,1.2053923090636094,1.1509217403893166,1.1961311819137272
2025-02-28,1.3050147432871633,1.2112639684782447,1.2068487603416058,1.1521290828588733,1.1953529990051222
2025-03-03,1.3099137264301675,1.2149283030492857,1.2105450067962336,1.154677491638242,1.199858357544765
2025-03-04,1.3001639390894506,1.2073705077615497,1.203092758844813,1.1479047923009735,1.193003995874263
2025-03-05,1.3107119318447715,1.2131390637001942,1.2089463354170369,1.1492608883854685,1.1959814651880407
2025-03-06,1.2978242386021561,1.2027858874328332,1.1992113285998542,1.1430345761084206,1.1904760943752744
2025-03-07,1.2939303908707922,1.199272394843857,1.19553452124015,1.1386402725849623,1.186121556229645
2025-03-10,1.2825504322056045,1.1917234787194453,1.1879966755323286,1.1359796326446734,1.181992079379946
2025-03-11,1.2770666033040747,1.1868621428369788,1.1832410680480474,1.1300942857773577,1.1759191152936956
2025-03-12,1.289664351310361,1.1957033411224347,1.1922152996801632,1.1375281391406515,1.184222894059481
2025-03-13,1.2912543465561914,1.19964556653414,1.1960948497562147,1.1417493984931015,1.1886198533762544
2025-03-14,1.295662685979111,1.2015563272375134,1.1980671663863673,1.14090951930787,1.1891340469111167
2025-03-17,1.309663120737317,1.2123107881360047,1.2089215506509527,1.148040757824583,1.1979701623694077
2025-03-18,1.317304741771785,1.217980083055274,1.2146322350849013,1.1541012388003322,1.2049491990839691
2025-03-19,1.3227315425174508,1.2214822666435432,1.2181158099535552,1.1567129446789648,1.207318661372184
2025-03-21,1.3198456192156125,1.2199602988649736,1.2167339027126873,1.1567060232308022,1.2070671291174677
2025-03-24,1.3278172545932214,1.2253617719830452,1.2218936542243561,1.1611266048950082,1.2105411589476185
2025-03-25,1.337965753466494,1.2317094985474375,1.2281916651783333,1.1654211886634032,1.215657328081452
2025-03-26,1.3316522798813935,1.2280010852173793,1.2248436644155507,1.1631492318057086,1.21368653607359
2025-03-27,1.3319197684984085,1.2284466010013924,1.2250718081842285,1.1633223230387761,1.2141961256124179
2025-03-28,1.3367140805207534,1.2336921059701182,1.2299361815686247,1.1696042626658647,1.2195192763608573
2025-03-31,1.3258554327093044,1.2240397266254277,1.2195113916711358,1.1589959836334893,1.205777554419
2025-04-01,1.3298836172820954,1.227381686166906,1.222742995057724,1.1623625977320553,1.2090954890764034
2025-04-02,1.3295773896427359,1.2265958705469295,1.2227795386787281,1.1602908169653643,1.2088815904067327
2025-04-03,1.3034663588271673,1.2138900124903265,1.2082996236165144,1.1555955480123468,1.1975976041845207
2025-04-04,1.2624704364505366,1.193145897926326,1.1854147478028663,1.1495261910902694,1.1859639360557546
2025-04-07,1.226316285303167,1.1644812058604037,1.157480387640985,1.1266497202792354,1.1640627639229277
2025-04-08,1.2322187306485235,1.1664582703944884,1.1570531954253656,1.1315466602280668,1.1653385163766254
2025-04-09,1.248608930686791,1.1726326436719854,1.16480986352008,1.1282610601915621,1.1632962798788022
2025-04-10,1.260949352435164,1.1852911746422756,1.1751753510627518,1.1413988484417168,1.1703686101324442
2025-04-11,1.249679066518322,1.1745523673973512,1.1639323021022558,1.1293709224553683,1.1538606510978018
2025-04-14,1.2600542094518123,1.1809372061989432,1.1706204064849532,1.133331592196608,1.1598178085267525
2025-04-15,1.2612492180688093,1.1821220876042957,1.172198370793321,1.1332164848132364,1.1613919423754557
2025-04-16,1.2669007138942308,1.188274709329875,1.1788422383479407,1.1395638206135144,1.167651116821341
2025-04-17,1.2639227972476557,1.18546637790362,1.1758438073835744,1.136452365043643,1.1639159352749913
2025-04-22,1.2681309912616163,1.1866938116354064,1.176850297646555,1.1362207272341682,1.1626868738518412
2025-04-23,1.279564475159117,1.1961525849023666,1.1863612998620219,1.1439495997006788,1.172653624499377
2025-04-24,1.2911819558798565,1.2027668034345684,1.1943030201518807,1.1465492473989385,1.1781981092071805
2025-04-25,1.291534232162029,1.203311072655835,1.1945981198220954,1.147484012660195,1.178745303458499
2025-04-28,1.2991828641991767,1.2089088118955176,1.1998832270591009,1.1513902054736997,1.1828559785484967
2025-04-30,1.2954351997200444,1.2076160192620273,1.1980894088164216,1.151079982556901,1.1804407732404567
2025-05-01,1.2995354888583337,1.2111642191687517,1.20098793301356,1.1551526552999367,1.1844390419490194
2025-05-02,1.324015027193816,1.2282723188702862,1.2188530119894865,1.1672680305773178,1.1982256507405395
2025-05-07,1.3174810493421942,1.2236572595209203,1.214147000399935,1.1650796138230903,1.1951882265813156
2025-05-08,1.3175591603877068,1.2202882474859755,1.2124570793437424,1.1602534685355748,1.1952642712271757
2025-05-09,1.3379506988018557,1.2345737749054673,1.227059397499422,1.1719513027082609,1.2082827106410547
2025-05-12,1.3397255192257123,1.234965147771502,1.2266909710552816,1.1724923537665772,1.2103250305884474
2025-05-13,1.3572097350686252,1.244566323344885,1.2385306063945944,1.177819942269205,1.2215533694199345
2025-05-14,1.3506942762348066,1.2427114720940537,1.2355898818193498,1.1789024917797124,1.2203178335449438
2025-05-15,1.3472164976223224,1.2403017310104454,1.2327508000973157,1.1765021137999272,1.2162056794358158
2025-05-16,1.3423987480543589,1.235245561280673,1.2278886369279138,1.1708337865734761,1.2104260602403347
2025-05-19,1.343796168056326,1.2348332459508038,1.2278907007744502,1.16831953483205,1.2075963983158082
2025-05-20,1.3435336249611975,1.2331776051373033,1.2266252740758692,1.1658387518102014,1.205535260476061
2025-05-21,1.331927207699703,1.2253786262930098,1.2180580915596873,1.160446555018424,1.198001996254959
2025-05-22,1.3256725204198507,1.2213726759854855,1.2133470206189525,1.1584757346702121,1.195647021872728
2025-05-23,1.3324251063684158,1.2258884338995026,1.2181761518427665,1.1609031754073986,1.1976615119466656
2025-05-27,1.3321175928034652,1.2277004921069798,1.2194282140453543,1.1636203791641155,1.1992870322420097
2025-05-28,1.34038740385902,1.2338505581175765,1.2260804175509723,1.1700515469722785,1.2073688720895521
2025-05-29,1.3548226330724469,1.2429964513169827,1.236038165581778,1.1760605857156914,1.2141332920913976
2025-05-30,1.3415333641171174,1.2338656359382776,1.2260567082628653,1.169308318445633,1.2052905678844459
2025-06-02,1.3479551700811052,1.2378950289231965,1.230730194279944,1.1703596446920057,1.2074446616555934
2025-06-03,1.3397946932667506,1.2334283680810831,1.2254996279339332,1.1680676931348402,1.2041006818076616
2025-06-04,1.3531525004631644,1.24201045615514,1.2348628803639556,1.1739911722802454,1.211719879268844
2025-06-05,1.3443966389412851,1.2367345111616725,1.2291476706245072,1.1692174961580302,1.206060604527293
2025-06-06,1.352287281984209,1.2424160696477613,1.2353217674825174,1.174660640879835,1.2128755178955735
2025-06-09,1.3641557884411544,1.249672619980645,1.243779658098395,1.1785289468440243,1.2190676397617846
2025-06-10,1.367064888663955,1.2516105405236504,1.2455921261229832,1.180123153215324,1.219513434690931
2025-06-11,1.3709006315536476,1.2550744572061208,1.2497206437201027,1.1839833645940754,1.2250363409530405
2025-06-12,1.370401921267099,1.2556260574732818,1.2496470294463018,1.1857684682863616,1.2249729467630954
2025-06-13,1.361684832153684,1.2509204049020517,1.2454307423606943,1.1839363182061233,1.2248586098941738
2025-06-16,1.3722017407546196,1.2577648452883596,1.2521812528553073,1.1893776670891159,1.2299860105720837
2025-06-17,1.3768515230777734,1.2631141631955156,1.2585245430550251,1.195011835238096,1.2379770724366954
2025-06-18,1.3802218219877556,1.2630319691084506,1.2587884122491586,1.1932564889198811,1.2360687334977032
2025-06-20,1.3825597127490226,1.265399549996342,1.2619587560347376,1.1963002843234085,1.2407252275457734
2025-06-23,1.3882425988541216,1.2691131980253743,1.2640022479236566,1.198831528146346,1.2395461371783587
2025-06-24,1.3898751912973089,1.2709692033936684,1.2647182622760158,1.20046311242041,1.239647845285672
2025-06-25,1.3817863113704576,1.2663165379250754,1.2593761151877152,1.198100416639711,1.2362492121301947
2025-06-26,1.3890672923008875,1.2709347458637985,1.2641774909320433,1.2006728146212737,1.2393597001085919
2025-06-27,1.3886926028579807,1.2706519667653018,1.2633925405743751,1.2008013077922288,1.2382037235032957
2025-06-30,1.390812743939524,1.271471712742319,1.2645823727677998,1.2003526283666448,1.2375502036841812
2025-07-01,1.388332630896317,1.2701962470716004,1.26313394520049,1.198770462089398,1.235516119906723
2025-07-02,1.389813541451954,1.2715587008491938,1.2642714659744156,1.2012660879381014,1.2376681598979569
2025-07-03,1.3867301510455237,1.2680842120294162,1.2608166050747993,1.1973823717191863,1.2335144001895817
2025-07-07,1.3856166676761228,1.267722836202848,1.2601490964581548,1.1974606061436694,1.2327514811549722
2025-07-08,1.4012430335000157,1.2756142353722255,1.2676868759697637,1.201617732805339,1.2363711180008012
2025-07-09,1.4101519586146738,1.2791601890410123,1.2708946428476946,1.2023178648722053,1.2365668121979492
2025-07-10,1.4059571828603625,1.2762558981208625,1.268310359744816,1.1986789122907429,1.234110457099134
2025-07-11,1.4078547178498695,1.2789088021492714,1.2707577989562158,1.2026283475420971,1.2374743393887897
2025-07-14,1.4124943361253839,1.281723195697726,1.2735894845575455,1.205261741412508,1.2399406035194234
2025-07-15,1.4104908430006622,1.2797674338998435,1.2715853721887433,1.203904913285408,1.2382945363620885
2025-07-16,1.419483817070934,1.2859393482734347,1.277542561202357,1.2090277811121748,1.243140347488609
2025-07-17,1.4163825788979825,1.284351226052657,1.2759914684641345,1.2076758038832394,1.242005068479918
2025-07-18,1.4222026485880161,1.2883013157713172,1.2798560217294443,1.21082659154473,1.2450543525619355
2025-07-22,1.4218922109298635,1.2888797063107569,1.2804981706900669,1.2114315849106887,1.2459953844413818
2025-07-23,1.4213768862583125,1.286940714373132,1.2789181667066487,1.208330888002582,1.2438657753235502
2025-07-24,1.419719487558744,1.2864658339125572,1.2787258015341139,1.2086407168944762,1.2450947039455578
2025-07-25,1.420572204265581,1.2877867088069483,1.2800580314994074,1.2105591324614766,1.2470046628576799
2025-07-28,1.4199910213404718,1.288782380822498,1.2807724518714052,1.213189852615664,1.2485764054506356
2025-07-29,1.4284758684654097,1.2940844408222907,1.2854073835148083,1.2160354519856762,1.2503915117589808
2025-07-30,1.4089383706472045,1.28548620500282,1.2773919456286755,1.2159670186739802,1.2510959041957204
2025-07-31,1.4074073963921707,1.284570953207766,1.2766100773325484,1.2158655792432156,1.250959024318038
2025-08-01,1.4177135248475734,1.29284615488416,1.2847199314903164,1.2242839098302407,1.2595099009264283
2025-08-04,1.3982583454360347,1.2801997312844364,1.2725111210886018,1.2131045067554114,1.2492047847695626
2025-08-05,1.3933770090945572,1.2777959967105093,1.2703465240641316,1.2117053064499022,1.2483096339914581
2025-08-06,1.4015703345485926,1.2840268192432318,1.276747167359308,1.2171596382779475,1.2545162767194316
2025-08-07,1.401518534389514,1.2834467495771045,1.2762344786152713,1.2142418028495192,1.2522257322327572
2025-08-08,1.4022775149120517,1.2843181092941716,1.2774048377986578,1.21549336162288,1.2545170444419522
2025-08-12,1.4092834111504404,1.289005905432835,1.2821538277952302,1.218716966127768,1.25847135417154
2025-08-13,1.4122079742890976,1.2907591374585816,1.284062493825684,1.2197215969779447,1.260163969335218
2025-08-14,1.4070106280611594,1.2877084581262999,1.2810556304249068,1.2176784807960257,1.2581015354294314
2025-08-15,1.4096481010574016,1.2888996330346583,1.2823121470269743,1.2181796959866817,1.2587312637833536
2025-08-18,1.4065714821004243,1.2870836655810078,1.2805717844694435,1.2175857009762412,1.2582973021312218
2025-08-19,1.4099152394686887,1.290193474555248,1.2836755895778296,1.2217913802309186,1.262476923433374
2025-08-20,1.4120597801396149,1.2920478396665551,1.2852662082053001,1.2234067412405745,1.2634394296386928
2025-08-21,1.4050213468199682,1.2860839996718962,1.279217090621108,1.2177418021085298,1.2572135372407558
2025-08-22,1.422682292097146,1.2968111791876207,1.2895557522552248,1.2242687056311115,1.263438949047723
2025-08-26,1.4217898454071718,1.2952480687481696,1.2878924645279688,1.2221707443594718,1.260863628015718
2025-08-27,1.4205399017277787,1.2960377732030521,1.288672578176632,1.2245212120537865,1.2632510985469383
2025-08-28,1.4231646686379473,1.298131213915998,1.2907471627318303,1.2261222346310117,1.265175251898649
2025-08-29,1.417786949813263,1.2939263761443678,1.2865220875735497,1.2222576940987626,1.2611905165969615
2025-09-02,1.4200310904829774,1.2956866924370858,1.2879679452228951,1.2251837972605522,1.263459339337659
2025-09-03,1.4264460929423943,1.2980296170537209,1.2900152508637932,1.2236976086339648,1.2612394324108311
2025-09-04,1.4253269143116394,1.2972945748591767,1.289638753084409,1.222455239060698,1.2610558211163807
2025-09-05,1.4333462415445704,1.3024214385684536,1.2947712540430458,1.225087275362604,1.2643852645223947
2025-09-08,1.4394902200749156,1.307354570465896,1.299690533387143,1.228935235153365,1.2689450312102803
2025-09-09,1.4330262857987266,1.3031396821861663,1.2955834093977368,1.225705646111781,1.2659298922569946
2025-09-10,1.4353566078693445,1.3047095988246245,1.296903285730313,1.2263796666055071,1.2662215515141804
2025-09-11,1.440138205397152,1.3077710749605371,1.3000584558960493,1.2273142528637981,1.2679824164725366
2025-09-12,1.4401105026022054,1.3091340710565627,1.301488418692896,1.2298215080231627,1.2709518018611625
2025-09-16,1.4407460556711729,1.3110180840094894,1.3032937679669032,1.2332896515696379,1.2745199016812423
2025-09-17,1.4303925102243438,1.303566542872642,1.2961310204303798,1.2278533300182144,1.2693790651733357
2025-09-18,1.4337473100287401,1.3061012236746243,1.2987439743797784,1.2301023871601904,1.2716645660244175
2025-09-19,1.4383536646002535,1.3076797591155187,1.300163501152162,1.2299114089026233,1.2713367916349416
2025-09-22,1.4397245072947698,1.308604812731836,1.3008804589469982,1.229195981830952,1.2701961431233915
2025-09-24,1.439879309863405,1.3084402540001359,1.3006834781990444,1.229587358605264,1.270083106422621
2025-09-25,1.44464975920414,1.3122016498044669,1.3042092368537859,1.2336573794307002,1.273774438290786
2025-09-26,1.4536396929488482,1.3182131518608358,1.3099208952849404,1.2369049621076937,1.2764884856750136
2025-09-29,1.454766231680095,1.31728566986051,1.3091032604161215,1.2335987999869475,1.2737401773498789
2025-09-30,1.4501869215156027,1.314401429840391,1.3063419680695678,1.2306693713912131,1.271255444332167
2025-10-01,1.4464035047004304,1.3106369448956132,1.3025428067390266,1.2258417922222433,1.2672604127941756
2025-10-02,1.4397282087400183,1.3064865431904134,1.2984653732011753,1.2232427273382247,1.265463958568284
2025-10-03,1.4435503312849478,1.3078653736273158,1.2997502098416591,1.2221370612706202,1.263576018052296
2025-10-06,1.4673637418563081,1.3259787197279584,1.3175937554929236,1.2384059187129877,1.2800685489134633
2025-10-07,1.4732481336184657,1.3294012152976893,1.3211266564765582,1.241383463621551,1.2828942132892243
2025-10-08,1.4884004403512607,1.3393096090740826,1.331019111021385,1.2474153829843466,1.2886414707532516
2025-10-09,1.48790806012714,1.3372508933337526,1.3291797013735884,1.2466220518493256,1.287130222026055
2025-10-10,1.4743257383450874,1.331724765274218,1.3232548756181695,1.244809108011817,1.2840938156166897
2025-10-14,1.4757768765177284,1.331947674323218,1.3236902496183454,1.2451927926293378,1.2844517509940747
2025-10-15,1.476772016285272,1.3337401945379352,1.325327405013374,1.245570691615108,1.2860114390346613
2025-10-16,1.476406504623086,1.334085480922313,1.3255327961889023,1.2449536331933448,1.2854107161266513
2025-10-17,1.4686516071878477,1.3293679119457718,1.320938809980772,1.242797913201601,1.2829912997416262
2025-10-20,1.4847166779825196,1.339503541248721,1.330899783455613,1.247620973277397,1.2890079569218094
2025-10-21,1.4761021864149377,1.3353694044294544,1.3274701933860884,1.2475149235008058,1.2885008624129224
2025-10-22,1.4895340556240513,1.3448446734155088,1.3364912333362482,1.2550744584361995,1.2945481059273771
2025-10-23,1.4959429471430377,1.3488137776053626,1.3400508972929992,1.258458321111849,1.2962334014697905
2025-10-27,1.503975088104668,1.3551954328254288,1.3470044723569912,1.264026519937193,1.3035723890490094
2025-10-28,1.4964545865641363,1.3499206840528226,1.3419769061410376,1.2610821890955461,1.3003767917283908
2025-10-29,1.4834996353965892,1.3405487294776017,1.3325905975203025,1.2534621362553207,1.291017870015197
2025-10-30,1.4868309900913024,1.343705630456208,1.3352244555600141,1.2561929767588929,1.2932491204364842
2025-10-31,1.4951258412035922,1.3493404354574938,1.3409340444234277,1.260614694044419,1.2977679363558423
2025-11-04,1.488670461200649,1.3459495397174326,1.3374897487137363,1.261764143187594,1.2983844044619737
2025-11-05,1.4806051996288927,1.3402779167555,1.3311583687795179,1.2553969516209174,1.2920565764771652
2025-11-06,1.4855143153247203,1.3444376473131194,1.3354727761728673,1.2595658313603877,1.2958334021575157
2025-11-07,1.479046245063982,1.3379015662168612,1.329261232064937,1.2530454312533559,1.2894964393274804
2025-11-10,1.4967103639435066,1.3499762680211824,1.3409056254353533,1.2613610990769155,1.2991484815874863
2025-11-11,1.5068003138261272,1.357944463171354,1.3486955442911457,1.2683663084342296,1.3056042798681649
2025-11-12,1.5060721142478317,1.3578287802524334,1.3487421148914014,1.2676989207702605,1.3051222270509881
2025-11-13,1.5038966749390263,1.356195458440615,1.347261297569943,1.2668531951852238,1.3039853272526338
2025-11-14,1.5011157599660134,1.354864178541903,1.3457602750597943,1.2681905118978871,1.3049887727309317
2025-11-17,1.4947807953441605,1.3506608212541191,1.3414588279661575,1.2667960769305486,1.304004061423383
2025-11-18,1.4956596109326248,1.3490300693880222,1.3397770667973137,1.264476560854566,1.300967808577113
2025-11-19,1.4953971561680557,1.3481203061756986,1.3389523848434077,1.2643663070362945,1.3015900750001015
2025-11-20,1.4997430249639863,1.350934797874834,1.341609290405055,1.2672850800514157,1.3050723159300168
2025-11-21,1.5084647315617048,1.3578789582292152,1.3483945512597861,1.2726533805484592,1.3108484946512828
2025-11-25,1.5143053255812797,1.362483492640735,1.3528691935006083,1.2763264416089302,1.316106838402229
2025-11-26,1.5198303523207337,1.36640176631055,1.3568788898002642,1.277549654467003,1.3176530637946677
2025-11-28,1.5251301525853065,1.3691371979327795,1.359703004238703,1.2774350603406905,1.3174407825036958
2025-12-01,1.5157711915067915,1.3593694566185517,1.3500650018115294,1.2686912759164142,1.3084076794635067
2025-12-02,1.5110391683591626,1.357548040703134,1.3482365670663443,1.2679472546185535,1.3076894589583927
2025-12-03,1.5151106362167448,1.357567395380909,1.3482652504335255,1.2651092516141489,1.3062007994610547
2025-12-04,1.5140801068388872,1.356842681441667,1.3482375842472523,1.2647566064441342,1.3067004637805537
2025-12-05,1.513618472703068,1.3550388820794077,1.3463076368188738,1.2618516981862071,1.303922308773525
2025-12-08,1.5095034907508496,1.3523279642961121,1.343694850140191,1.2595236097965978,1.3026445844062498
2025-12-09,1.511073466828676,1.3545002832546538,1.3459227603650503,1.2624514186309628,1.3058126870416713
2025-12-10,1.524885801282503,1.3637824589675291,1.3550013288457408,1.2688231987089147,1.311709632134461
2025-12-11,1.520528953585238,1.361043542815694,1.3523488427804173,1.2665285006983888,1.310427005128527
2025-12-12,1.515632764870503,1.3586036384522493,1.3498998248930227,1.267162548759176,1.3098780007328261
2025-12-15,1.5186650710798428,1.3609588000737582,1.35206343695653,1.26889978446713,1.3120747066408274
2025-12-16,1.5069375218393066,1.3534838977101615,1.344435573565054,1.2638634442466679,1.3084446388938842
2025-12-17,1.5089554424822558,1.355195152391907,1.3458916300618475,1.2652815733266745,1.309351651437451
2025-12-18,1.5161802093605075,1.3603766554486438,1.3510077775016978,1.2689811303742082,1.3140586863690011
2025-12-19,1.5196956946718263,1.3613592808029684,1.3521024052213937,1.268289610003629,1.313267101883312
2025-12-22,1.5423542464466768,1.3752856242628155,1.3661624025615822,1.2766959532302684,1.321992873746897
2025-12-23,1.5441988006458254,1.3768132077074133,1.3676725263733593,1.2783668405510626,1.3237692070492397
2025-12-24,1.5415424872175294,1.3757361025942625,1.3665517630913429,1.2779651599551587,1.3245640438055166
2025-12-29,1.5377501479723743,1.3745344995419868,1.3658811601334626,1.2806623504791144,1.3255462528199984
2025-12-30,1.5378594504818657,1.3726400311664417,1.3639856164442605,1.2776424240140314,1.32313034360734
2026-01-05,1.5523640702687531,1.3811059054426176,1.3713085924193258,1.2797274638645868,1.3253842744457802
2026-01-06,1.5568624670003304,1.3846544648119283,1.3752103687877995,1.2827524019103214,1.3297301522309917
2026-01-07,1.5523066749256593,1.3826172175303175,1.374291959211184,1.2829416170986148,1.3299813182804519
2026-01-08,1.5551271918605463,1.3852459907260488,1.3762723283198968,1.284718986977984,1.3304115237901
2026-01-09,1.5604652518299942,1.3870991196101405,1.3778282121249728,1.28377226669175,1.3295109095881108
2026-01-13,1.5636742124327385,1.3884930649537273,1.3793147571512423,1.2852654764809215,1.330766863205685
2026-01-14,1.5760802320128109,1.397159198645412,1.3874493203550824,1.291024697437281,1.3367370696300622
2026-01-15,1.5697310419461337,1.3938419429251123,1.3853749300287521,1.289060959335456,1.3358472198240092
2026-01-16,1.5675076305353368,1.3923000675696688,1.3838888899082036,1.2882837740883173,1.334966955658768
2026-01-20,1.5604517391607031,1.3853879851886632,1.37608055787823,1.2852064088098798,1.3312158864867314
2026-01-21,1.5669662407278648,1.3889431323793202,1.378871821184524,1.2848251440351712,1.3303804664005852
2026-01-22,1.571147545674296,1.3924014309197719,1.3823453629809785,1.2857958979494566,1.3324918565405734
2026-01-23,1.580556059514726,1.3975414238601473,1.3866815157577284,1.287579151809805,1.3339992220552832
2026-01-26,1.5585702918828384,1.38314347226242,1.3725227879079238,1.2763522769600082,1.3223516288578172
2026-01-27,1.5604830302206343,1.3821808506579771,1.3708830799911238,1.2726125829656185,1.3173952294481501
2026-01-28,1.552786877172224,1.3778291549002264,1.3659504722020948,1.2682565331677627,1.3128741397168628
2026-01-29,1.5683772077482554,1.3875688484087798,1.3746325667862143,1.2750682838175824,1.3175309533500632
2026-01-30,1.5507790107819996,1.378202055759802,1.3687636106392933,1.2747293508207385,1.31815579981541
2026-02-02,1.5527784006217313,1.3799536997775042,1.3715188535110994,1.277413672301047,1.3229572283669246
2026-02-03,1.568859092375273,1.3905107299126076,1.3801491328451814,1.2815089774816384,1.3270122413522762
2026-02-04,1.5715346662325718,1.393032396072227,1.3833020794608728,1.2857789052087967,1.3308720254583306
2026-02-05,1.5724219376854358,1.3952156323666158,1.3865659408144062,1.2910813494544946,1.3356787885388335
2026-02-06,1.5815560559700423,1.3992903888505892,1.3895566208452,1.2867757953649515,1.3318005118149037
2026-02-09,1.5972742376106412,1.4074379168452167,1.3974055331138662,1.2899353327730743,1.3347674510260203
2026-02-10,1.5956760270718846,1.4125176168516795,1.4036298681278951,1.2966868304771089,1.3420490861218222
2026-02-12,1.573805563704371,1.3972227409895712,1.3903436725496026,1.2866431366374358,1.3329207120694835
2026-02-13,1.5724173256762604,1.3954253637729845,1.3876638170467595,1.2826925724385017,1.3282925064223534
2026-02-17,1.5770863069960792,1.3990434384305879,1.3926489329959097,1.2862497717319896,1.3312397142075554
2026-02-18,1.5795139609638678,1.4005011769709423,1.3926689239096803,1.2855767556816196,1.3295435140648761
2026-02-19,1.5937371681626047,1.4094597901898518,1.401357147385368,1.2915949999058378,1.3343140261775985
2026-02-20,1.6040020319476611,1.4162049702368742,1.4072484848782556,1.2942639963464821,1.33708076330916
2026-02-24,1.6090980356272804,1.420258672167794,1.411440626112214,1.2965473398424785,1.339647769306466
2026-02-25,1.6229369605209276,1.4283729135301524,1.4196814395088024,1.3026649856156478,1.346401166262594
2026-02-26,1.6309790760422294,1.4353700954767992,1.4269137574362674,1.309068681428698,1.3529064773111783
2026-02-27,1.632814889043332,1.435198370696074,1.4266260181378692,1.3055457919356501,1.3470629725295529
2026-03-02,1.6344971054272843,1.436517976651198,1.425949689876809,1.3070085814808265,1.3461927387373467
2026-03-03,1.617702404330364,1.4234501201963472,1.4125196498813188,1.3015152594822212,1.3383666934996192
2026-03-04,1.624091399004159,1.4258900870533917,1.413812138456215,1.3016102760516262,1.3374112491751837
2026-03-05,1.6146188314089058,1.4208964577329477,1.408689890704841,1.3002150519233366,1.3346526085020844
2026-03-09,1.6129053482383855,1.4177179941634317,1.4045707398857286,1.297540380859453,1.3330148022799675
2026-03-10,1.61927042597912,1.4234829480473277,1.4108097729720832,1.3022591588181764,1.3383634419187835
2026-03-11,1.6186023510739602,1.424490626939912,1.4111264540932602,1.3040575876147849,1.3398163471167515
2026-03-12,1.6215563365152268,1.423510274071383,1.4088443043607837,1.3045084004866259,1.334791862879984
2026-03-13,1.6162576305550547,1.4196875556021713,1.405169802936175,1.3024925136413996,1.3313644294206004
2026-03-16,1.6208275753138495,1.4208821395397013,1.4067051864312277,1.30009324990733,1.3306033407080327
2026-03-17,1.6272688659561658,1.4260434787533043,1.4119613085692295,1.3057263093580354,1.335502834275308
2026-03-18,1.618511657288357,1.4246459910197595,1.4119600567318085,1.3095316480780337,1.3391011827857875
2026-03-19,1.6055973533667132,1.413365887700164,1.40062793279677,1.3022811289843623,1.3323528500607595
2026-03-23,1.6048655404871246,1.4085764209877423,1.3962679174238837,1.2949123485475273,1.3287104033659445
2026-03-24,1.603905694414516,1.409296873990114,1.3971397850190503,1.2968572751204406,1.3294953733816988
2026-03-25,1.6175361070515224,1.419262595315493,1.406878635323603,1.3024776241035392,1.3363122876655658
2026-03-26,1.6078490795131426,1.4115234922969104,1.399214997400673,1.297843454100436,1.3297444267346847
2026-03-27,1.6150098676488307,1.4135789834819363,1.39933477290335,1.2977921799696734,1.3259364343035032
2026-03-30,1.6251441988841768,1.419353715367899,1.404153304318809,1.3014524812344708,1.3257990347186268
2026-03-31,1.6321320902080227,1.4191056590139997,1.4030290513250245,1.293323402504519,1.3176745149313696
2026-04-01,1.6373241508873873,1.42618514087509,1.4085459135257878,1.2977920725661611,1.319183214583375
2026-04-02,1.6472356428805863,1.4306321447535257,1.4130768922070984,1.3016242426458249,1.3233957654306476
2026-04-07,1.6450117474671517,1.4291610468473084,1.411253357926861,1.2998364409444063,1.320906354847301
2026-04-08,1.6624064035999644,1.4437638862164415,1.4264401975808294,1.3109138062926513,1.33393798201635
2026-04-09,1.6609938350461928,1.4393649364222867,1.4225225493770437,1.3047428666872023,1.3294328962184452
2026-04-10,1.6653283765633649,1.4421750310723949,1.4258762317231253,1.3059950841486432,1.332121470266116
2026-04-13,1.6760888394222182,1.447139898416353,1.4302692854053496,1.3077717581828001,1.332909654528781
2026-04-14,1.686356170696286,1.4558197206889003,1.4385339437010147,1.3153244754921765,1.3405863161176876
2026-04-15,1.6844096993429174,1.4563213792895275,1.439495747592475,1.3165450496824098,1.3423341677784546
2026-04-16,1.68763040857484,1.4585318595316694,1.4411538771074777,1.318166730182053,1.3429852521150032
2026-04-17,1.6936037581443424,1.4607450669045454,1.4448113378850365,1.3172866338306717,1.3457465263193507
2026-04-20,1.691566373614968,1.4595246104350252,1.4430784535346206,1.316161528368156,1.342963690143262
2026-04-21,1.6820467965006638,1.4541053267987967,1.4378253147920044,1.314844888572145,1.3411734987984976
2026-04-22,1.6918759894798372,1.4581221643264433,1.4419673724838324,1.3145713070426701,1.342787955229848
2026-04-23,1.6890866065252121,1.4566111271109103,1.440382918491812,1.3148834491256245,1.342452577600581
2026-04-24,1.6917290714970312,1.4570078989291113,1.4405308133867836,1.3136922132965034,1.3413398247839683
2026-04-27,1.6905536220648594,1.4561745110902045,1.4395783428910809,1.3142186256735189,1.341540486175557
2026-04-28,1.6873279297203805,1.453125717907118,1.4372067627242475,1.3113214602023562,1.3390961961460708
2026-04-30,1.6992625456434427,1.4589160217135215,1.4430339425038672,1.3133390457516747,1.3424543318224083
2026-05-01,1.6723203438114866,1.4422364878729195,1.4263200020827933,1.3011415193958102,1.3288361838876375
2026-05-07,1.6592047666260106,1.4333948134596202,1.4184140751519054,1.2926326575451006,1.3213343281876615
2026-05-08,1.6670410071064634,1.4386768753170731,1.4231500908555208,1.2958090607429087,1.3237402267374185
2026-05-11,1.6733939110646847,1.4404715048208887,1.4247676052387246,1.295109171722543,1.32342098739621
2026-05-12,1.6774115258016176,1.4415382373297807,1.426612267314026,1.2956610621703688,1.3250589304945206
2026-05-13,1.6781959366329537,1.4399710510671915,1.4253965329430065,1.291622068622017,1.3219527448515815
2026-05-14,1.679762861047612,1.4408640734561617,1.4262327287035663,1.2932705977535808,1.323788602385006
2026-05-15,1.6637273014184142,1.4300565995681203,1.4145909765522755,1.288688233272038,1.3160670386553501
2026-05-18,1.6666628638082208,1.4286882162824601,1.413817362537089,1.283341152554873,1.3122362668421987
2026-05-19,1.666745850272519,1.429022629638936,1.4138944888787028,1.2862080805972533,1.3138867783388644
2026-05-20,1.6740214467858343,1.4331725116545395,1.4196456959229873,1.2867949361094397,1.3184425473681847
2026-05-21,1.6745470149609676,1.433749329147549,1.4199593254076892,1.2879548000136403,1.3191726874727858
2026-05-22,1.6780353864049118,1.4363708969627729,1.424214961167612,1.2879186447371382,1.3216152648633135
2026-05-26,1.685529334623868,1.4406790033037633,1.4290144499784974,1.2911536372276877,1.3268783162558226
2026-05-27,1.680939637692049,1.439568662873046,1.4283146202841017,1.2918906582345988,1.3276699662547808
2026-05-28,1.686125906510343,1.4426716480025858,1.4316099415184613,1.2932433755146768,1.3300489882800932
2026-05-29,1.6855526733744572,1.4432648426846755,1.431684590814606,1.2949218437666836,1.330939812929498
2026-06-01,1.687369414574136,1.441681086716889,1.4302858179521976,1.2906357347517876,1.3278474721850146
2026-06-02,1.6951129701531693,1.4470655184181203,1.4363224601345912,1.2936624896853959,1.3332323912854982
2026-06-03,1.6917679623159416,1.4450581043399346,1.4339196683723294,1.2934237251869036,1.3312957958093083
2026-06-04,1.690217937861287,1.4417937453873548,1.4320098176518568,1.2890490931801941,1.3293342620452273
2026-06-05,1.666618779967728,1.4285146940221967,1.4208196481203592,1.284876208090865,1.3254611774116136
2026-06-08,1.6682477189796634,1.4295558864292113,1.4199372199552251,1.2867721076132959,1.3243021596407434
2026-06-09,1.6674165127202676,1.4300503340561672,1.4216487181389599,1.2857845166736415,1.3241635728986014
2026-06-10,1.6622508878417617,1.4288734263427163,1.420343764396727,1.2902670403504042,1.326821904637688
2026-06-11,1.6763693659932297,1.4367958345013894,1.427624813260239,1.293543673655004,1.330654088678096
2026-06-12,1.6805401670185593,1.4405014293161935,1.4313669302475591,1.2960559643804066,1.3328589937411486
2026-06-15,1.6898499351210794,1.448392585146653,1.4388389173515017,1.3002657647727847,1.338080013481397
2026-06-16,1.6832427968508328,1.4413364835922604,1.4339870218192727,1.2933568815029006,1.3350583912837717
2026-06-17,1.6750466860752755,1.4383429714839224,1.4316577462874502,1.294086073686132,1.336945493275662
2026-06-18,1.677564000678045,1.4386586268149817,1.4315841522770334,1.2916621347333963,1.3336802440117976
2026-06-22,1.6824691262064029,1.4404013903033672,1.4340762075402889,1.2913095333395295,1.3346080187264082
2026-06-23,1.6691272794001726,1.4356003655647869,1.4308953769249346,1.2947278111492668,1.3387081362862483
2026-06-24,1.6618266195526312,1.4317336655255992,1.4271745022637756,1.2938213225921051,1.3364421498368566
2026-06-25,1.6723108073441202,1.43874091217136,1.433090665981727,1.2968714888759183,1.3379691475973865
2026-06-26,1.6724596545694557,1.4408540139352424,1.4347024713471759,1.3016364469960076,1.3409983651612385
2026-06-29,1.6743211963518703,1.4413167721253781,1.435439811736638,1.300839574775137,1.34073521206526
2026-06-30,1.6782250882474867,1.4425085020885555,1.4364923401618295,1.3021522773213088,1.3428270449688067
2026-07-01,1.6744383623467956,1.439386586249534,1.434425581060914,1.2997941949324823,1.3410766098598688
2026-07-02,1.6813149838068615,1.4428881711246964,1.4376915585666188,1.3008231822211593,1.342340690159284
2026-07-06,1.6822753304615385,1.443284241943385,1.4375708869497665,1.300570197453468,1.3420145445122267
2026-07-07,1.6848816844577112,1.4447645718657671,1.4388811164383257,1.3036030931854652,1.3434061221948477
2026-07-08,1.6773511401356427,1.439053533226634,1.4324627831858052,1.2995471212143859,1.3391618041822195
2026-07-09,1.6832796321341976,1.4422821271571376,1.4357668623837736,1.3018722550286848,1.3412224090750915
2026-07-10,1.6858660553766647,1.4452992159438274,1.4390349525531794,1.3030632751105162,1.3428233338151432
2026-07-13,1.6789350099946851,1.4404876507780524,1.4337643026562905,1.3000674080898813,1.3379994089092115
2026-07-14,1.6926472353624216,1.4505223542237111,1.4427817781549308,1.3068248885002036,1.3444759507039679
2026-07-15,1.6961994188142524,1.454296508957149,1.4465391211498995,1.308673951173721,1.3468184705318411
2026-07-16,1.6912881089208633,1.4505391957890537,1.4439600544450424,1.3077097762950056,1.3456913467569809
2026-07-17,1.6930721234060662,1.4522835469193678,1.4446786024821954,1.3099176202839151,1.3458754570688287
2026-07-21,1.70737829735698,1.4609231195410541,1.4518494059903595,1.3146388019581339,1.3500343168034492
2026-07-22,1.713481960857829,1.4641715024449602,1.4544885555345146,1.3155154551604222,1.3507703790191343
2026-07-23,1.7087845543233497,1.4607525578829577,1.4503783870450433,1.3132744807516294,1.3464440001868334
2026-07-24,1.7125433089786624,1.4624616073493568,1.4525207516994652,1.3143315329657679,1.3476315631661413
2026-07-27,1.7093892492886087,1.4628840491020931,1.4547172411204679,1.3174970483643518,1.3533658012597911
2026-07-28,1.7020523740786486,1.4591633509853008,1.451943582628032,1.3172128473905482,1.3534358395493387
2026-07-29,1.705318277824154,1.4621765951398273,1.4537300383109868,1.3209753147152055,1.3549124460597046
2026-07-30,1.711491617899155,1.463838977724732,1.4548210567594306,1.3186724572312738,1.3529023618563276
2026-07-31,1.6862344668840212,1.444828863267612,1.4361993389201464,1.3008146691529405,1.3349436310642315
2026-08-03,1.660393253506687,1.4270184083898978,1.419677497821936,1.2859680305688932,1.3210576218004884
2026-08-04,1.660582667775889,1.4251698712265475,1.4182553784698522,1.2811156822174838,1.3180825555970108
2026-08-05,1.6689946046508015,1.4307787158840581,1.423663159441252,1.2842677987389808,1.321756293267272
2026-08-06,1.6692501255629717,1.4317963968546823,1.4243569998313819,1.2853392970359785,1.322148687275911
2026-08-07,1.677729446567905,1.4354357138091938,1.4278086589143164,1.284849691089483,1.3228626687985596
2026-08-10,1.67907409830977,1.4371514844934639,1.4282735346865445,1.2866389839423111,1.3228834136374723
2026-08-12,1.683907122045776,1.4396187222773666,1.4303639305230678,1.2878918994549604,1.324305774271466
2026-08-13,1.68445625405307,1.4396025073555867,1.4309925200288136,1.2875270461596557,1.3250576828512262
2026-08-14,1.685489143801884,1.439852691589448,1.430869299297222,1.2865382899940312,1.3239303881871824
2026-08-17,1.6865843118321036,1.4395055569920678,1.4296700311188484,1.2866606996939882,1.3228159029810098
2026-08-18,1.6770890073400944,1.4337015516822598,1.4246648981881058,1.2843966202654094,1.320589229689565
2026-08-19,1.6850256213082817,1.4389736600775496,1.4287962375067473,1.286792524987753,1.3226361450770745
2026-08-20,1.6800291022239762,1.4361827471264457,1.42540854992426,1.285484312241759,1.3199609531912206
2026-08-21,1.6920810873809005,1.442987474593522,1.4317617554124493,1.288728454199953,1.3231196778249832
2026-08-24,1.6914380245430303,1.44341268505034,1.4327539449972635,1.290181011430466,1.3254038339388696
2026-08-25,1.6955267433583372,1.4456394550183225,1.4356000876488846,1.29111674792953,1.3280701247035187
2026-08-26,1.692730383409611,1.4450746631609754,1.4352366640294922,1.293028704266927,1.329766810256657
2026-08-27,1.6930370854896486,1.4448557732314478,1.4343926876580764,1.2918397957563237,1.3284789558019539
